{"ch": {"per": 37.85092489923511}, "zh": {"per": 47.389495447633976}, "be": {"per": 47.90637336520415}, "lu": {"per": 23.220462705582364}, "ur": {"per": 0.0}, "sz": {"per": 22.191815856733832}, "zg": {"per": 19.336488954879997}, "fr": {"per": 24.249484663356892}, "so": {"per": 36.214113640233194}, "bs": {"per": 51.522782127191874}, "bl": {"per": 49.23777482376006}, "sh": {"per": 40.33693813028615}, "ar": {"per": 0.0}, "sg": {"per": 36.17030354175032}, "gr": {"per": 25.208842085007326}, "ag": {"per": 41.992515062738406}, "tg": {"per": 37.53859595362545}, "ti": {"per": 12.754469901935172}, "vd": {"per": 40.43955867395536}, "vs": {"per": 15.794184619352615}, "ne": {"per": 49.89576802101314}, "ge": {"per": 45.934090309221446}, "ju": {"per": 28.836005683}, "gl": {"per": 55.64917267277123}, "ow": {"per": 0.0}, "nw": {"per": 0.0}, "ai": {"per": 0.0}, "annahme": 0, "zh-annahme": 0, "be-annahme": 0, "lu-annahme": 0, "ur-annahme": 0, "sz-annahme": 0, "zg-annahme": 0, "fr-annahme": 0, "so-annahme": 0, "bs-annahme": 1, "bl-annahme": 0, "sh-annahme": 0, "ar-annahme": 0, "sg-annahme": 0, "gr-annahme": 0, "ag-annahme": 0, "tg-annahme": 0, "ti-annahme": 0, "vd-annahme": 0, "vs-annahme": 0, "ne-annahme": 0, "ge-annahme": 0, "ju-annahme": 0, "gl-annahme": 1, "ow-annahme": 0, "nw-annahme": 0, "ai-annahme": 0, "forme": 3.0}