{"ch": 37.85092489923511, "zh": 47.389495447633976, "be": 47.90637336520415, "lu": 23.220462705582364, "ur": 0.0, "sz": 22.191815856733832, "zg": 19.336488954879997, "fr": 24.249484663356892, "so": 36.214113640233194, "bs": 51.522782127191874, "bl": 49.23777482376006, "sh": 40.33693813028615, "ar": 0.0, "sg": 36.17030354175032, "gr": 25.208842085007326, "ag": 41.992515062738406, "tg": 37.53859595362545, "ti": 12.754469901935172, "vd": 40.43955867395536, "vs": 15.794184619352615, "ne": 49.89576802101314, "ge": 45.934090309221446, "ju": 28.836005683, "gl": 55.64917267277123, "ow": 0.0, "nw": 0.0, "ai": 0.0, "annahme": 0, "zh-annahme": 0, "be-annahme": 0, "lu-annahme": 0, "ur-annahme": 0, "sz-annahme": 0, "zg-annahme": 0, "fr-annahme": 0, "so-annahme": 0, "bs-annahme": 1, "bl-annahme": 0, "sh-annahme": 0, "ar-annahme": 0, "sg-annahme": 0, "gr-annahme": 0, "ag-annahme": 0, "tg-annahme": 0, "ti-annahme": 0, "vd-annahme": 0, "vs-annahme": 0, "ne-annahme": 0, "ge-annahme": 0, "ju-annahme": 0, "gl-annahme": 1, "ow-annahme": 0, "nw-annahme": 0, "ai-annahme": 0, "forme": 3.0}