{"ch": 82.29029914904197, "zh": 79.91263997288324, "be": 71.43649751734208, "lu": 86.3392268351877, "ur": 100.0, "sz": 100.0, "zg": 100.0, "fr": 97.75087588894982, "so": 88.95058807295318, "bs": 83.90843160864505, "bl": 71.84927998224157, "sh": 94.5561035757498, "ar": 100.0, "sg": 87.5260727703409, "gr": 100.0, "ag": 81.62968790083677, "tg": 83.49127093116131, "ti": 69.48174179681894, "vd": 80.61740430480405, "vs": 98.44399754586718, "ne": 71.69773701512842, "ge": 75.33411726254946, "ju": 100.0, "gl": 100.0, "ow": 100.0, "nw": 99.99999999999999, "ai": 100.0}