{"ch": {"per": 82.29029914904197}, "zh": {"per": 79.91263997288324}, "be": {"per": 71.43649751734208}, "lu": {"per": 86.3392268351877}, "ur": {"per": 100.0}, "sz": {"per": 100.0}, "zg": {"per": 100.0}, "fr": {"per": 97.75087588894982}, "so": {"per": 88.95058807295318}, "bs": {"per": 83.90843160864505}, "bl": {"per": 71.84927998224157}, "sh": {"per": 94.5561035757498}, "ar": {"per": 100.0}, "sg": {"per": 87.5260727703409}, "gr": {"per": 100.0}, "ag": {"per": 81.62968790083677}, "tg": {"per": 83.49127093116131}, "ti": {"per": 69.48174179681894}, "vd": {"per": 80.61740430480405}, "vs": {"per": 98.44399754586718}, "ne": {"per": 71.69773701512842}, "ge": {"per": 75.33411726254946}, "ju": {"per": 100.0}, "gl": {"per": 100.0}, "ow": {"per": 100.0}, "nw": {"per": 99.99999999999999}, "ai": {"per": 100.0}, "annahme": 1, "zh-annahme": 1, "be-annahme": 1, "lu-annahme": 1, "ur-annahme": 1, "sz-annahme": 1, "zg-annahme": 1, "fr-annahme": 1, "so-annahme": 1, "bs-annahme": 1, "bl-annahme": 1, "sh-annahme": 1, "ar-annahme": 1, "sg-annahme": 1, "gr-annahme": 1, "ag-annahme": 1, "tg-annahme": 1, "ti-annahme": 1, "vd-annahme": 1, "vs-annahme": 1, "ne-annahme": 1, "ge-annahme": 1, "ju-annahme": 1, "gl-annahme": 1, "ow-annahme": 1, "nw-annahme": 1, "ai-annahme": 1, "forme": 2.0}