{"ch": {"per": 71.6899858788678}, "zh": {"per": 78.8842490625251}, "be": {"per": 84.53124899388497}, "lu": {"per": 72.03263501736569}, "ur": {"per": 0.0}, "sz": {"per": 70.31457800493786}, "zg": {"per": 60.465454243493085}, "fr": {"per": 80.49064626714794}, "so": {"per": 61.96534710744986}, "bs": {"per": 66.71141114989915}, "bl": {"per": 74.13225470644397}, "sh": {"per": 66.26572500586217}, "ar": {"per": 35.1594072741523}, "sg": {"per": 77.11689743846703}, "gr": {"per": 78.56276386710374}, "ag": {"per": 81.01106375411219}, "tg": {"per": 81.79013904926443}, "ti": {"per": 40.65713246379388}, "vd": {"per": 52.25838561014921}, "vs": {"per": 70.17481712118948}, "ne": {"per": 49.89576802101315}, "ge": {"per": 62.62657166877954}, "ju": {"per": 64.872133144}, "gl": {"per": 100.0}, "ow": {"per": 100.0}, "nw": {"per": 99.99999999999999}, "ai": {"per": 100.0}, "annahme": 1, "zh-annahme": 1, "be-annahme": 1, "lu-annahme": 1, "ur-annahme": 0, "sz-annahme": 1, "zg-annahme": 1, "fr-annahme": 1, "so-annahme": 1, "bs-annahme": 1, "bl-annahme": 1, "sh-annahme": 1, "ar-annahme": 0, "sg-annahme": 1, "gr-annahme": 1, "ag-annahme": 1, "tg-annahme": 1, "ti-annahme": 0, "vd-annahme": 1, "vs-annahme": 1, "ne-annahme": 0, "ge-annahme": 1, "ju-annahme": 1, "gl-annahme": 1, "ow-annahme": 1, "nw-annahme": 1, "ai-annahme": 1, "forme": 2.0}