{"ch": 91.59902641488564, "zh": 92.11104625963776, "be": 89.31255759469992, "lu": 97.17191206835481, "ur": 100.0, "sz": 100.0, "zg": 100.0, "fr": 98.25707637994292, "so": 100.0, "bs": 80.04363403619952, "bl": 90.5247068649774, "sh": 96.75200470827647, "ar": 100.0, "sg": 96.50134721353848, "gr": 100.0, "ag": 93.22795969176076, "tg": 96.17829473491825, "ti": 100.0, "vd": 77.74278455160015, "vs": 96.07448678811177, "ne": 66.22240799959488, "ge": 74.16440071034911, "ju": 100.0, "gl": 100.0, "ow": 100.0, "nw": 99.99999999999999, "ai": 100.0, "annahme": 1, "zh-annahme": 1, "be-annahme": 1, "lu-annahme": 1, "ur-annahme": 1, "sz-annahme": 1, "zg-annahme": 1, "fr-annahme": 1, "so-annahme": 1, "bs-annahme": 1, "bl-annahme": 1, "sh-annahme": 1, "ar-annahme": 1, "sg-annahme": 1, "gr-annahme": 1, "ag-annahme": 1, "tg-annahme": 1, "ti-annahme": 1, "vd-annahme": 1, "vs-annahme": 1, "ne-annahme": 1, "ge-annahme": 1, "ju-annahme": 1, "gl-annahme": 1, "ow-annahme": 1, "nw-annahme": 1, "ai-annahme": 1, "forme": 4.0}