{"ch": 89.29179936585251, "zh": 86.18566909723135, "be": 82.00575021742173, "lu": 87.8517809213133, "ur": 100.0, "sz": 100.0, "zg": 100.00000000000001, "fr": 98.2570763799429, "so": 91.48940613213229, "bs": 91.26176175682983, "bl": 79.0303808903979, "sh": 100.0, "ar": 100.0, "sg": 89.3917191495607, "gr": 99.99999999999999, "ag": 86.92925265301672, "tg": 86.24423846729775, "ti": 98.55180892842606, "vd": 90.05955767913842, "vs": 98.669045765604, "ne": 85.494874144505, "ge": 90.62308381682442, "ju": 100.0, "gl": 99.99999999999999, "ow": 100.0, "nw": 100.0, "ai": 100.0}