{"ch": {"per": 86.53390961654772}, "zh": {"per": 77.18733080267921}, "be": {"per": 70.17882875415108}, "lu": {"per": 100.0}, "ur": {"per": 100.0}, "sz": {"per": 89.4744245524468}, "zg": {"per": 100.00000000000001}, "fr": {"per": 88.28720378223528}, "so": {"per": 100.0}, "bs": {"per": 97.72554322089364}, "bl": {"per": 87.17138247750856}, "sh": {"per": 77.31920841614752}, "ar": {"per": 100.0}, "sg": {"per": 100.0}, "gr": {"per": 76.86448174831509}, "ag": {"per": 79.32689321373243}, "tg": {"per": 73.91017506733483}, "ti": {"per": 98.53989554337943}, "vd": {"per": 92.04089637343277}, "vs": {"per": 100.0}, "ne": {"per": 100.0}, "ge": {"per": 98.81175926174448}, "ju": {"per": 100.0}, "gl": {"per": 55.64917267277122}, "ow": {"per": 100.0}, "nw": {"per": 100.0}, "ai": {"per": 100.0}, "annahme": 1, "zh-annahme": 1, "be-annahme": 1, "lu-annahme": 1, "ur-annahme": 1, "sz-annahme": 1, "zg-annahme": 1, "fr-annahme": 1, "so-annahme": 1, "bs-annahme": 1, "bl-annahme": 1, "sh-annahme": 1, "ar-annahme": 1, "sg-annahme": 1, "gr-annahme": 1, "ag-annahme": 1, "tg-annahme": 1, "ti-annahme": 1, "vd-annahme": 1, "vs-annahme": 1, "ne-annahme": 1, "ge-annahme": 1, "ju-annahme": 1, "gl-annahme": 1, "ow-annahme": 1, "nw-annahme": 1, "ai-annahme": 1, "forme": 2.0}