{"ch": 68.20376706639006, "zh": 69.97565511087394, "be": 77.25289042909515, "lu": 72.0326350173657, "ur": 0.0, "sz": 70.31457800493786, "zg": 60.46545424349309, "fr": 80.49064626714792, "so": 58.59080010652017, "bs": 56.47688179937676, "bl": 74.13225470644397, "sh": 63.01772971413864, "ar": 35.15940727415231, "sg": 66.51124209539466, "gr": 78.56276386710374, "ag": 74.43235843559609, "tg": 78.19726061580221, "ti": 54.73187664658163, "vd": 48.9072928583523, "vs": 70.17481712118948, "ne": 47.106577734170855, "ge": 59.232544880788545, "ju": 64.87213314399999, "gl": 99.99999999999999, "ow": 100.0, "nw": 100.0, "ai": 100.0, "annahme": 1, "zh-annahme": 1, "be-annahme": 1, "lu-annahme": 1, "ur-annahme": 0, "sz-annahme": 1, "zg-annahme": 1, "fr-annahme": 1, "so-annahme": 1, "bs-annahme": 1, "bl-annahme": 1, "sh-annahme": 1, "ar-annahme": 0, "sg-annahme": 1, "gr-annahme": 1, "ag-annahme": 1, "tg-annahme": 1, "ti-annahme": 1, "vd-annahme": 0, "vs-annahme": 1, "ne-annahme": 0, "ge-annahme": 1, "ju-annahme": 1, "gl-annahme": 1, "ow-annahme": 1, "nw-annahme": 1, "ai-annahme": 1, "forme": 2.0}