{"ch": 73.54501193747267, "zh": 61.37138616875781, "be": 48.29292711130956, "lu": 87.85178092131329, "ur": 99.99999999999999, "sz": 89.47442455244679, "zg": 100.0, "fr": 86.5442801621782, "so": 91.48940613213227, "bs": 87.93466652295477, "bl": 66.20176336790645, "sh": 74.07121312442399, "ar": 100.0, "sg": 89.3917191495607, "gr": 76.86448174831509, "ag": 64.65409939470234, "tg": 60.15441353463258, "ti": 71.49306924194401, "vd": 82.10045405257121, "vs": 98.669045765604, "ne": 85.494874144505, "ge": 89.4348430785689, "ju": 100.0, "gl": 55.649172672771215, "ow": 100.0, "nw": 100.0, "ai": 100.0}