{"ch": {"per": 73.54501193747267}, "zh": {"per": 61.37138616875781}, "be": {"per": 48.29292711130956}, "lu": {"per": 87.85178092131329}, "ur": {"per": 99.99999999999999}, "sz": {"per": 89.47442455244679}, "zg": {"per": 100.0}, "fr": {"per": 86.5442801621782}, "so": {"per": 91.48940613213227}, "bs": {"per": 87.93466652295477}, "bl": {"per": 66.20176336790645}, "sh": {"per": 74.07121312442399}, "ar": {"per": 100.0}, "sg": {"per": 89.3917191495607}, "gr": {"per": 76.86448174831509}, "ag": {"per": 64.65409939470234}, "tg": {"per": 60.15441353463258}, "ti": {"per": 71.49306924194401}, "vd": {"per": 82.10045405257121}, "vs": {"per": 98.669045765604}, "ne": {"per": 85.494874144505}, "ge": {"per": 89.4348430785689}, "ju": {"per": 100.0}, "gl": {"per": 55.649172672771215}, "ow": {"per": 100.0}, "nw": {"per": 100.0}, "ai": {"per": 100.0}, "annahme": 1, "zh-annahme": 1, "be-annahme": 0, "lu-annahme": 1, "ur-annahme": 1, "sz-annahme": 1, "zg-annahme": 1, "fr-annahme": 1, "so-annahme": 1, "bs-annahme": 1, "bl-annahme": 1, "sh-annahme": 1, "ar-annahme": 1, "sg-annahme": 1, "gr-annahme": 1, "ag-annahme": 1, "tg-annahme": 1, "ti-annahme": 1, "vd-annahme": 1, "vs-annahme": 1, "ne-annahme": 1, "ge-annahme": 1, "ju-annahme": 1, "gl-annahme": 1, "ow-annahme": 1, "nw-annahme": 1, "ai-annahme": 1, "forme": 1.0}