{"ch": 93.81634467508825, "zh": 94.1126599907905, "be": 92.9841997135272, "lu": 97.1719120683548, "ur": 100.0, "sz": 100.0, "zg": 100.0, "fr": 98.2570763799429, "so": 100.0, "bs": 94.65679022022363, "bl": 90.5247068649774, "sh": 100.0, "ar": 100.0, "sg": 96.50134721353848, "gr": 100.0, "ag": 94.83000616380757, "tg": 96.17829473491825, "ti": 72.84916083485753, "vd": 92.26252386149088, "vs": 100.0, "ne": 88.30511835284759, "ge": 89.48456026418812, "ju": 100.0, "gl": 100.0, "ow": 100.0, "nw": 100.0, "ai": 100.0, "annahme": 1, "zh-annahme": 1, "be-annahme": 1, "lu-annahme": 1, "ur-annahme": 1, "sz-annahme": 1, "zg-annahme": 1, "fr-annahme": 1, "so-annahme": 1, "bs-annahme": 1, "bl-annahme": 1, "sh-annahme": 1, "ar-annahme": 1, "sg-annahme": 1, "gr-annahme": 1, "ag-annahme": 1, "tg-annahme": 1, "ti-annahme": 1, "vd-annahme": 1, "vs-annahme": 1, "ne-annahme": 1, "ge-annahme": 1, "ju-annahme": 1, "gl-annahme": 1, "ow-annahme": 1, "nw-annahme": 1, "ai-annahme": 1, "forme": 2.0}