{"ch": 90.25128239053957, "zh": 81.22699372055534, "be": 78.11998276667138, "lu": 96.4474660265091, "ur": 100.0, "sz": 100.0, "zg": 100.0, "fr": 97.75087588894982, "so": 98.02660563427608, "bs": 86.81368296622861, "bl": 80.57982231804799, "sh": 94.5561035757498, "ar": 100.0, "sg": 95.51074937703132, "gr": 100.0, "ag": 85.28659761651275, "tg": 90.00433273823656, "ti": 100.0, "vd": 95.10055473305819, "vs": 100.0, "ne": 88.63944481834069, "ge": 96.1068949655082, "ju": 100.0, "gl": 100.00000000000001, "ow": 100.0, "nw": 100.0, "ai": 100.0}