{"ch": 7.462951234289671, "zh": 9.089993810540317, "be": 12.491652731578373, "lu": 9.591383918107251, "ur": 0.0, "sz": 0.0, "zg": 0.0, "fr": 0.0, "so": 8.80781781995848, "bs": 5.846889553259822, "bl": 12.69744622506641, "sh": 0.0, "ar": 0.0, "sg": 8.277048486552022, "gr": 0.0, "ag": 8.792942886020118, "tg": 10.729612356308296, "ti": 1.4638046718487756, "vd": 7.473233239785965, "vs": 1.3309542343960068, "ne": 9.154023546604176, "ge": 8.031341263616103, "ju": 0.0, "gl": 0.0, "ow": 0.0, "nw": 0.0, "ai": 0.0, "annahme": 0, "zh-annahme": 0, "be-annahme": 0, "lu-annahme": 0, "ur-annahme": 0, "sz-annahme": 0, "zg-annahme": 0, "fr-annahme": 0, "so-annahme": 0, "bs-annahme": 0, "bl-annahme": 0, "sh-annahme": 0, "ar-annahme": 0, "sg-annahme": 0, "gr-annahme": 0, "ag-annahme": 0, "tg-annahme": 0, "ti-annahme": 0, "vd-annahme": 0, "vs-annahme": 0, "ne-annahme": 0, "ge-annahme": 0, "ju-annahme": 0, "gl-annahme": 0, "ow-annahme": 0, "nw-annahme": 0, "ai-annahme": 0, "forme": 3.0}