{"ch": 98.45814918102624, "zh": 100.0, "be": 100.0, "lu": 100.00000000000001, "ur": 100.0, "sz": 100.0, "zg": 100.0, "fr": 100.0, "so": 100.0, "bs": 100.0, "bl": 100.0, "sh": 100.0, "ar": 100.0, "sg": 100.0, "gr": 100.0, "ag": 100.0, "tg": 100.0, "ti": 73.63458045244734, "vd": 100.0, "vs": 100.0, "ne": 100.0, "ge": 100.0, "ju": 100.0, "gl": 100.0, "ow": 100.0, "nw": 100.00000000000001, "ai": 100.0}