{"ch": 95.1116214366179, "zh": 92.11104625963776, "be": 89.31255759469992, "lu": 97.1719120683548, "ur": 100.0, "sz": 100.0, "zg": 100.0, "fr": 98.25707637994292, "so": 100.0, "bs": 95.24859316157243, "bl": 90.5247068649774, "sh": 96.75200470827647, "ar": 100.0, "sg": 96.5013472135385, "gr": 100.0, "ag": 93.22795969176076, "tg": 96.17829473491825, "ti": 100.0, "vd": 96.88044118587233, "vs": 100.0, "ne": 93.57834547138135, "ge": 97.80989422988758, "ju": 100.0, "gl": 100.0, "ow": 100.0, "nw": 100.00000000000001, "ai": 100.0}