{"ch": 96.37141465806042, "zh": 100.0, "be": 100.0, "lu": 100.0, "ur": 100.0, "sz": 100.0, "zg": 100.0, "fr": 100.0, "so": 100.0, "bs": 83.98812737999877, "bl": 100.0, "sh": 100.0, "ar": 100.0, "sg": 100.0, "gr": 100.0, "ag": 100.0, "tg": 100.0, "ti": 100.0, "vd": 79.46143153690966, "vs": 96.02153524296405, "ne": 70.23828263894681, "ge": 74.52356327287939, "ju": 100.0, "gl": 100.0, "ow": 100.0, "nw": 100.00000000000001, "ai": 100.0}