{"ch": 76.99329176064604, "zh": 78.73580506632433, "be": 77.17214970294204, "lu": 88.92775637310433, "ur": 100.0, "sz": 77.80818414326617, "zg": 80.66351104511999, "fr": 77.4934389567002, "so": 77.02304814100958, "bs": 69.41959547054311, "bl": 74.49052491863002, "sh": 59.66306186971386, "ar": 100.0, "sg": 85.04363265176137, "gr": 74.79115791499267, "ag": 79.8723164844785, "tg": 83.32417035462257, "ti": 65.30924947092697, "vd": 70.4925574241135, "vs": 85.53676961504338, "ne": 64.60935783448186, "ge": 63.44282587395414, "ju": 71.163994317, "gl": 44.35082732722877, "ow": 100.0, "nw": 100.00000000000001, "ai": 100.0}