{"ch": 93.36757522803549, "zh": 93.60579167951008, "be": 92.09946108340638, "lu": 96.88123949955082, "ur": 100.0, "sz": 100.0, "zg": 99.99999999999999, "fr": 98.25707637994292, "so": 100.0, "bs": 94.3732308866943, "bl": 89.29414047250674, "sh": 100.0, "ar": 100.0, "sg": 96.2335678999421, "gr": 100.0, "ag": 94.3864971394764, "tg": 95.75676986582467, "ti": 72.55651186973651, "vd": 91.69612631058989, "vs": 100.0, "ne": 87.27662824523965, "ge": 88.67031745960826, "ju": 100.0, "gl": 100.0, "ow": 100.0, "nw": 100.0, "ai": 100.0, "annahme": 1, "zh-annahme": 1, "be-annahme": 1, "lu-annahme": 1, "ur-annahme": 1, "sz-annahme": 1, "zg-annahme": 1, "fr-annahme": 1, "so-annahme": 1, "bs-annahme": 1, "bl-annahme": 1, "sh-annahme": 1, "ar-annahme": 1, "sg-annahme": 1, "gr-annahme": 1, "ag-annahme": 1, "tg-annahme": 1, "ti-annahme": 1, "vd-annahme": 1, "vs-annahme": 1, "ne-annahme": 1, "ge-annahme": 1, "ju-annahme": 1, "gl-annahme": 1, "ow-annahme": 1, "nw-annahme": 1, "ai-annahme": 1, "forme": 1.0}