{"ch": 93.36757522803549, "zh": 93.60579167951008, "be": 92.09946108340638, "lu": 96.88123949955082, "ur": 100.0, "sz": 100.0, "zg": 99.99999999999999, "fr": 98.25707637994292, "so": 100.0, "bs": 94.3732308866943, "bl": 89.29414047250674, "sh": 100.0, "ar": 100.0, "sg": 96.2335678999421, "gr": 100.0, "ag": 94.3864971394764, "tg": 95.75676986582467, "ti": 72.55651186973651, "vd": 91.69612631058989, "vs": 100.0, "ne": 87.27662824523965, "ge": 88.67031745960826, "ju": 100.0, "gl": 100.0, "ow": 100.0, "nw": 100.0, "ai": 100.0}