{"ch": 38.37889783367685, "zh": 49.39110917878672, "be": 51.798025225467406, "lu": 23.22046270558236, "ur": 0.0, "sz": 22.191815856733832, "zg": 19.336488954879997, "fr": 24.24948466335689, "so": 36.21411364023319, "bs": 52.575420581960586, "bl": 49.23777482376008, "sh": 43.58493342200969, "ar": 0.0, "sg": 36.17030354175033, "gr": 25.208842085007337, "ag": 43.59456153478521, "tg": 37.53859595362546, "ti": 9.391700401223634, "vd": 40.43955867395537, "vs": 15.79418461935262, "ne": 49.89576802101313, "ge": 45.934090309221446, "ju": 28.836005683, "gl": 55.64917267277123, "ow": 0.0, "nw": 0.0, "ai": 0.0}