{"ch": {"per": 38.37889783367685}, "zh": {"per": 49.39110917878672}, "be": {"per": 51.798025225467406}, "lu": {"per": 23.22046270558236}, "ur": {"per": 0.0}, "sz": {"per": 22.191815856733832}, "zg": {"per": 19.336488954879997}, "fr": {"per": 24.24948466335689}, "so": {"per": 36.21411364023319}, "bs": {"per": 52.575420581960586}, "bl": {"per": 49.23777482376008}, "sh": {"per": 43.58493342200969}, "ar": {"per": 0.0}, "sg": {"per": 36.17030354175033}, "gr": {"per": 25.208842085007337}, "ag": {"per": 43.59456153478521}, "tg": {"per": 37.53859595362546}, "ti": {"per": 9.391700401223634}, "vd": {"per": 40.43955867395537}, "vs": {"per": 15.79418461935262}, "ne": {"per": 49.89576802101313}, "ge": {"per": 45.934090309221446}, "ju": {"per": 28.836005683}, "gl": {"per": 55.64917267277123}, "ow": {"per": 0.0}, "nw": {"per": 0.0}, "ai": {"per": 0.0}, "annahme": 0, "zh-annahme": 0, "be-annahme": 1, "lu-annahme": 0, "ur-annahme": 0, "sz-annahme": 0, "zg-annahme": 0, "fr-annahme": 0, "so-annahme": 0, "bs-annahme": 1, "bl-annahme": 0, "sh-annahme": 0, "ar-annahme": 0, "sg-annahme": 0, "gr-annahme": 0, "ag-annahme": 0, "tg-annahme": 0, "ti-annahme": 0, "vd-annahme": 0, "vs-annahme": 0, "ne-annahme": 0, "ge-annahme": 0, "ju-annahme": 0, "gl-annahme": 1, "ow-annahme": 0, "nw-annahme": 0, "ai-annahme": 0, "forme": 3.0}