{"ch": 93.96350690932812, "zh": 97.99838626884726, "be": 96.10834813973675, "lu": 100.0, "ur": 100.0, "sz": 100.0, "zg": 100.0, "fr": 100.0, "so": 100.0, "bs": 83.74240241985837, "bl": 100.0, "sh": 96.75200470827646, "ar": 100.0, "sg": 100.0, "gr": 99.99999999999999, "ag": 98.39795352795318, "tg": 100.0, "ti": 73.63458045244732, "vd": 80.86234336572782, "vs": 96.07448678811178, "ne": 72.64406252821352, "ge": 76.35450648046154, "ju": 100.0, "gl": 100.00000000000001, "ow": 100.0, "nw": 100.00000000000001, "ai": 100.0}