{"ch": 37.267320103687105, "zh": 47.38949544763397, "be": 47.906373365204146, "lu": 23.220462705582364, "ur": 0.0, "sz": 22.19181585673383, "zg": 19.336488954879993, "fr": 24.249484663356885, "so": 36.21411364023319, "bs": 51.52278212719188, "bl": 49.23777482376007, "sh": 40.33693813028616, "ar": 0.0, "sg": 36.17030354175032, "gr": 25.208842085007333, "ag": 41.9925150627384, "tg": 37.53859595362545, "ti": 9.391700401223634, "vd": 40.43955867395537, "vs": 15.794184619352617, "ne": 49.89576802101314, "ge": 45.934090309221446, "ju": 28.836005683000003, "gl": 55.64917267277122, "ow": 0.0, "nw": 0.0, "ai": 0.0, "annahme": 0, "zh-annahme": 0, "be-annahme": 0, "lu-annahme": 0, "ur-annahme": 0, "sz-annahme": 0, "zg-annahme": 0, "fr-annahme": 0, "so-annahme": 0, "bs-annahme": 1, "bl-annahme": 0, "sh-annahme": 0, "ar-annahme": 0, "sg-annahme": 0, "gr-annahme": 0, "ag-annahme": 0, "tg-annahme": 0, "ti-annahme": 0, "vd-annahme": 0, "vs-annahme": 0, "ne-annahme": 0, "ge-annahme": 0, "ju-annahme": 0, "gl-annahme": 1, "ow-annahme": 0, "nw-annahme": 0, "ai-annahme": 0, "forme": 3.0}