{"ch": 37.267320103687105, "zh": 47.38949544763397, "be": 47.906373365204146, "lu": 23.220462705582364, "ur": 0.0, "sz": 22.19181585673383, "zg": 19.336488954879993, "fr": 24.249484663356885, "so": 36.21411364023319, "bs": 51.52278212719188, "bl": 49.23777482376007, "sh": 40.33693813028616, "ar": 0.0, "sg": 36.17030354175032, "gr": 25.208842085007333, "ag": 41.9925150627384, "tg": 37.53859595362545, "ti": 9.391700401223634, "vd": 40.43955867395537, "vs": 15.794184619352617, "ne": 49.89576802101314, "ge": 45.934090309221446, "ju": 28.836005683000003, "gl": 55.64917267277122, "ow": 0.0, "nw": 0.0, "ai": 0.0}