{"ch": 94.68134834763386, "zh": 94.1126599907905, "be": 93.20420945496319, "lu": 97.1719120683548, "ur": 100.0, "sz": 100.0, "zg": 99.99999999999999, "fr": 98.2570763799429, "so": 100.0, "bs": 96.30123161634113, "bl": 90.52470686497739, "sh": 100.0, "ar": 100.0, "sg": 96.5013472135385, "gr": 100.0, "ag": 94.83000616380757, "tg": 96.17829473491825, "ti": 73.63458045244734, "vd": 96.88044118587231, "vs": 99.99999999999999, "ne": 93.57834547138135, "ge": 97.80989422988758, "ju": 100.0, "gl": 100.0, "ow": 100.0, "nw": 100.0, "ai": 100.0}