{"ch": 92.08495445859448, "zh": 87.20567977029212, "be": 89.64753886595174, "lu": 97.1719120683548, "ur": 100.0, "sz": 100.0, "zg": 100.0, "fr": 98.2570763799429, "so": 96.62545299907032, "bs": 86.19061149704214, "bl": 90.52470686497739, "sh": 100.0, "ar": 100.0, "sg": 85.8956918704661, "gr": 99.99999999999999, "ag": 89.85334731733829, "tg": 92.58541630145604, "ti": 98.93335493627615, "vd": 91.2708500842836, "vs": 100.0, "ne": 88.30511835284759, "ge": 89.48456026418812, "ju": 100.0, "gl": 100.0, "ow": 100.0, "nw": 100.0, "ai": 100.0}