{"ch": 79.44630358650724, "zh": 69.29837706231697, "be": 59.27137660741503, "lu": 97.17191206835481, "ur": 100.0, "sz": 89.47442455244679, "zg": 100.0, "fr": 86.5442801621782, "so": 100.0, "bs": 91.32969498634857, "bl": 77.69608934248595, "sh": 74.07121312442399, "ar": 100.0, "sg": 96.50134721353848, "gr": 76.86448174831509, "ag": 72.55485290549319, "tg": 70.08846980225309, "ti": 71.7740190440575, "vd": 84.30342023492366, "vs": 100.0, "ne": 88.30511835284759, "ge": 88.29631952593263, "ju": 100.0, "gl": 55.64917267277123, "ow": 100.0, "nw": 100.0, "ai": 100.0, "annahme": 1, "zh-annahme": 1, "be-annahme": 1, "lu-annahme": 1, "ur-annahme": 1, "sz-annahme": 1, "zg-annahme": 1, "fr-annahme": 1, "so-annahme": 1, "bs-annahme": 1, "bl-annahme": 1, "sh-annahme": 1, "ar-annahme": 1, "sg-annahme": 1, "gr-annahme": 1, "ag-annahme": 1, "tg-annahme": 1, "ti-annahme": 1, "vd-annahme": 1, "vs-annahme": 1, "ne-annahme": 1, "ge-annahme": 1, "ju-annahme": 1, "gl-annahme": 1, "ow-annahme": 1, "nw-annahme": 1, "ai-annahme": 1, "forme": 2.0}