{"ch": 71.76884725803963, "zh": 70.80881417276518, "be": 65.9736904654006, "lu": 79.60762522606282, "ur": 100.0, "sz": 77.80818414326617, "zg": 80.66351104512, "fr": 77.49343895670022, "so": 68.51245427314187, "bs": 64.38012561103179, "bl": 62.99619894405051, "sh": 59.66306186971385, "ar": 100.0, "sg": 77.93400458778358, "gr": 74.79115791499267, "ag": 71.97156297368767, "tg": 73.39011408700206, "ti": 90.60829959877638, "vd": 63.67167391737959, "vs": 84.2058153806474, "ne": 56.525886507605506, "ge": 56.25601546089098, "ju": 71.163994317, "gl": 44.35082732722877, "ow": 100.0, "nw": 100.0, "ai": 100.0, "annahme": 1, "zh-annahme": 1, "be-annahme": 1, "lu-annahme": 1, "ur-annahme": 1, "sz-annahme": 1, "zg-annahme": 1, "fr-annahme": 1, "so-annahme": 1, "bs-annahme": 1, "bl-annahme": 1, "sh-annahme": 1, "ar-annahme": 1, "sg-annahme": 1, "gr-annahme": 1, "ag-annahme": 1, "tg-annahme": 1, "ti-annahme": 1, "vd-annahme": 1, "vs-annahme": 1, "ne-annahme": 1, "ge-annahme": 1, "ju-annahme": 1, "gl-annahme": 0, "ow-annahme": 1, "nw-annahme": 1, "ai-annahme": 1, "forme": 2.0}