{"ch": 67.07579359810066, "zh": 63.90183395226678, "be": 62.63702961782512, "lu": 79.60762522606282, "ur": 100.0, "sz": 77.80818414326616, "zg": 80.66351104512002, "fr": 77.4934389567002, "so": 65.13790727221217, "bs": 55.91394688785031, "bl": 62.99619894405052, "sh": 59.66306186971386, "ar": 100.0, "sg": 67.32834924471119, "gr": 74.79115791499267, "ag": 66.99490412721838, "tg": 69.79723565353984, "ti": 64.24288005122371, "vd": 62.68000014017231, "vs": 84.20581538064738, "ne": 56.525886507605506, "ge": 56.256015460890985, "ju": 71.163994317, "gl": 44.35082732722877, "ow": 100.0, "nw": 100.0, "ai": 100.0, "annahme": 1, "zh-annahme": 1, "be-annahme": 1, "lu-annahme": 1, "ur-annahme": 1, "sz-annahme": 1, "zg-annahme": 1, "fr-annahme": 1, "so-annahme": 1, "bs-annahme": 1, "bl-annahme": 1, "sh-annahme": 1, "ar-annahme": 1, "sg-annahme": 1, "gr-annahme": 1, "ag-annahme": 1, "tg-annahme": 1, "ti-annahme": 1, "vd-annahme": 1, "vs-annahme": 1, "ne-annahme": 1, "ge-annahme": 1, "ju-annahme": 1, "gl-annahme": 0, "ow-annahme": 1, "nw-annahme": 1, "ai-annahme": 1, "forme": 4.0}