{"ch": 61.190829077339124, "zh": 52.61050455236602, "be": 52.09362663479584, "lu": 76.77953729441764, "ur": 100.0, "sz": 77.80818414326616, "zg": 80.66351104512002, "fr": 75.7505153366431, "so": 63.7858863597668, "bs": 48.477217872808126, "bl": 50.76222517623994, "sh": 59.66306186971386, "ar": 100.0, "sg": 63.82969645824967, "gr": 74.79115791499267, "ag": 58.00748493726161, "tg": 62.46140404637454, "ti": 64.24288005122371, "vd": 59.560441326044646, "vs": 84.20581538064738, "ne": 50.10423197898686, "ge": 54.065909690778554, "ju": 71.163994317, "gl": 44.35082732722877, "ow": 100.0, "nw": 100.0, "ai": 100.0, "annahme": 1, "zh-annahme": 1, "be-annahme": 1, "lu-annahme": 1, "ur-annahme": 1, "sz-annahme": 1, "zg-annahme": 1, "fr-annahme": 1, "so-annahme": 1, "bs-annahme": 0, "bl-annahme": 1, "sh-annahme": 1, "ar-annahme": 1, "sg-annahme": 1, "gr-annahme": 1, "ag-annahme": 1, "tg-annahme": 1, "ti-annahme": 1, "vd-annahme": 1, "vs-annahme": 1, "ne-annahme": 1, "ge-annahme": 1, "ju-annahme": 1, "gl-annahme": 0, "ow-annahme": 1, "nw-annahme": 1, "ai-annahme": 1, "forme": 2.0}