{"ch": {"per": 90.19847666627378}, "zh": {"per": 89.93216505898206}, "be": {"per": 85.24596152768692}, "lu": {"per": 89.51943518293878}, "ur": {"per": 100.0}, "sz": {"per": 100.0}, "zg": {"per": 100.0}, "fr": {"per": 100.0}, "so": {"per": 88.9505880729532}, "bs": {"per": 90.59452354477126}, "bl": {"per": 84.56941203309363}, "sh": {"per": 100.00000000000001}, "ar": {"per": 100.0}, "sg": {"per": 91.64002307722383}, "gr": {"per": 100.0}, "ag": {"per": 90.1082704765096}, "tg": {"per": 88.07782156684937}, "ti": {"per": 97.19827776909953}, "vd": {"per": 84.77069826889284}, "vs": {"per": 98.44399754586718}, "ne": {"per": 80.88694278497243}, "ge": {"per": 78.38575711928483}, "ju": {"per": 100.0}, "gl": {"per": 100.0}, "ow": {"per": 100.0}, "nw": {"per": 100.0}, "ai": {"per": 100.0}, "annahme": 1, "zh-annahme": 1, "be-annahme": 1, "lu-annahme": 1, "ur-annahme": 1, "sz-annahme": 1, "zg-annahme": 1, "fr-annahme": 1, "so-annahme": 1, "bs-annahme": 1, "bl-annahme": 1, "sh-annahme": 1, "ar-annahme": 1, "sg-annahme": 1, "gr-annahme": 1, "ag-annahme": 1, "tg-annahme": 1, "ti-annahme": 1, "vd-annahme": 1, "vs-annahme": 1, "ne-annahme": 1, "ge-annahme": 1, "ju-annahme": 1, "gl-annahme": 1, "ow-annahme": 1, "nw-annahme": 1, "ai-annahme": 1, "forme": 1.0}