{"ch": 97.56609071489929, "zh": 100.0, "be": 99.77108154942368, "lu": 100.0, "ur": 100.00000000000001, "sz": 100.0, "zg": 100.0, "fr": 100.0, "so": 100.0, "bs": 98.33806443098959, "bl": 100.0, "sh": 100.0, "ar": 100.0, "sg": 100.0, "gr": 100.0, "ag": 100.0, "tg": 100.0, "ti": 72.84916083485753, "vd": 95.38208267561856, "vs": 100.0, "ne": 94.72677288146622, "ge": 91.67466603430057, "ju": 100.0, "gl": 99.99999999999999, "ow": 100.0, "nw": 100.0, "ai": 100.0}