{"ch": {"per": 28.673251505118436}, "zh": {"per": 29.191185827234822}, "be": {"per": 34.026309534599406}, "lu": {"per": 20.39237477393717}, "ur": {"per": 0.0}, "sz": {"per": 22.19181585673383}, "zg": {"per": 19.336488954879993}, "fr": {"per": 22.506561043299797}, "so": {"per": 31.487545726858144}, "bs": {"per": 35.61987438896821}, "bl": {"per": 37.00380105594948}, "sh": {"per": 40.33693813028616}, "ar": {"per": 0.0}, "sg": {"per": 22.065995412216424}, "gr": {"per": 25.20884208500733}, "ag": {"per": 28.028437026312343}, "tg": {"per": 26.609885912997935}, "ti": {"per": 12.75446990193517}, "vd": {"per": 36.32832608262041}, "vs": {"per": 15.794184619352617}, "ne": {"per": 43.4741134923945}, "ge": {"per": 43.74398453910902}, "ju": {"per": 28.836005683000003}, "gl": {"per": 55.64917267277123}, "ow": {"per": 0.0}, "nw": {"per": 0.0}, "ai": {"per": 0.0}, "annahme": 0, "zh-annahme": 0, "be-annahme": 0, "lu-annahme": 0, "ur-annahme": 0, "sz-annahme": 0, "zg-annahme": 0, "fr-annahme": 0, "so-annahme": 0, "bs-annahme": 0, "bl-annahme": 0, "sh-annahme": 0, "ar-annahme": 0, "sg-annahme": 0, "gr-annahme": 0, "ag-annahme": 0, "tg-annahme": 0, "ti-annahme": 0, "vd-annahme": 0, "vs-annahme": 0, "ne-annahme": 0, "ge-annahme": 0, "ju-annahme": 0, "gl-annahme": 1, "ow-annahme": 0, "nw-annahme": 0, "ai-annahme": 0, "forme": 3.0}