{"ch": 95.86136325821437, "zh": 93.46369623266129, "be": 91.97567570956504, "lu": 96.88123949955082, "ur": 100.00000000000001, "sz": 100.0, "zg": 100.0, "fr": 98.2570763799429, "so": 100.0, "bs": 95.99107948808664, "bl": 89.29414047250674, "sh": 100.0, "ar": 100.0, "sg": 96.2335678999421, "gr": 100.0, "ag": 94.28712287760067, "tg": 95.75676986582465, "ti": 100.0, "vd": 96.47751064416062, "vs": 99.99999999999999, "ne": 92.58840047251356, "ge": 97.40778629779555, "ju": 100.0, "gl": 99.99999999999999, "ow": 100.0, "nw": 100.0, "ai": 100.0, "annahme": 1, "zh-annahme": 1, "be-annahme": 1, "lu-annahme": 1, "ur-annahme": 1, "sz-annahme": 1, "zg-annahme": 1, "fr-annahme": 1, "so-annahme": 1, "bs-annahme": 1, "bl-annahme": 1, "sh-annahme": 1, "ar-annahme": 1, "sg-annahme": 1, "gr-annahme": 1, "ag-annahme": 1, "tg-annahme": 1, "ti-annahme": 1, "vd-annahme": 1, "vs-annahme": 1, "ne-annahme": 1, "ge-annahme": 1, "ju-annahme": 1, "gl-annahme": 1, "ow-annahme": 1, "nw-annahme": 1, "ai-annahme": 1, "forme": 2.0}