{"ch": 96.56044619271235, "zh": 96.44688731259428, "be": 93.92135958725395, "lu": 97.76500084068434, "ur": 99.99999999999999, "sz": 96.76614997040951, "nw": 100.0, "zg": 100.0, "fr": 98.9212647681396, "so": 96.84997037823611, "bs": 92.4076454479357, "bl": 88.03420133567737, "sh": 100.0, "ar": 100.0, "sg": 97.66456669905644, "gr": 100.00000000000001, "ag": 94.85963438606939, "tg": 94.70613414724052, "ti": 100.0, "vd": 98.0744102464624, "vs": 100.0, "ne": 97.38292549445924, "ge": 97.464694717866, "ju": 100.0, "gl": 100.0, "ow": 100.0, "ai": 100.0, "annahme": 1, "zh-annahme": 1, "be-annahme": 1, "lu-annahme": 1, "ur-annahme": 1, "sz-annahme": 1, "nw-annahme": 1, "zg-annahme": 1, "fr-annahme": 1, "so-annahme": 1, "bs-annahme": 1, "bl-annahme": 1, "sh-annahme": 1, "ar-annahme": 1, "sg-annahme": 1, "gr-annahme": 1, "ag-annahme": 1, "tg-annahme": 1, "ti-annahme": 1, "vd-annahme": 1, "vs-annahme": 1, "ne-annahme": 1, "ge-annahme": 1, "ju-annahme": 1, "gl-annahme": 1, "ow-annahme": 1, "ai-annahme": 1, "forme": 1.0}