{"ch": {"per": 96.56044619271235}, "zh": {"per": 96.44688731259428}, "be": {"per": 93.92135958725395}, "lu": {"per": 97.76500084068434}, "ur": {"per": 99.99999999999999}, "sz": {"per": 96.76614997040951}, "nw": {"per": 100.0}, "zg": {"per": 100.0}, "fr": {"per": 98.9212647681396}, "so": {"per": 96.84997037823611}, "bs": {"per": 92.4076454479357}, "bl": {"per": 88.03420133567737}, "sh": {"per": 100.0}, "ar": {"per": 100.0}, "sg": {"per": 97.66456669905644}, "gr": {"per": 100.00000000000001}, "ag": {"per": 94.85963438606939}, "tg": {"per": 94.70613414724052}, "ti": {"per": 100.0}, "vd": {"per": 98.0744102464624}, "vs": {"per": 100.0}, "ne": {"per": 97.38292549445924}, "ge": {"per": 97.464694717866}, "ju": {"per": 100.0}, "gl": {"per": 100.0}, "ow": {"per": 100.0}, "ai": {"per": 100.0}, "annahme": 1, "zh-annahme": 1, "be-annahme": 1, "lu-annahme": 1, "ur-annahme": 1, "sz-annahme": 1, "nw-annahme": 1, "zg-annahme": 1, "fr-annahme": 1, "so-annahme": 1, "bs-annahme": 1, "bl-annahme": 1, "sh-annahme": 1, "ar-annahme": 1, "sg-annahme": 1, "gr-annahme": 1, "ag-annahme": 1, "tg-annahme": 1, "ti-annahme": 1, "vd-annahme": 1, "vs-annahme": 1, "ne-annahme": 1, "ge-annahme": 1, "ju-annahme": 1, "gl-annahme": 1, "ow-annahme": 1, "ai-annahme": 1, "forme": 1.0}