{"ch": 100.0, "zh": 99.99999999999999, "be": 100.0, "lu": 100.0, "ur": 99.99999999999999, "sz": 100.0, "nw": 100.0, "zg": 100.0, "fr": 100.0, "so": 100.0, "bs": 99.99999999999999, "bl": 100.0, "sh": 100.0, "ar": 100.0, "sg": 100.0, "gr": 100.00000000000001, "ag": 100.0, "tg": 100.0, "ti": 100.0, "vd": 100.0, "vs": 100.0, "ne": 99.99999999999999, "ge": 100.0, "ju": 100.0, "gl": 100.0, "ow": 100.0, "ai": 100.0}