{"ch": 72.04074034193584, "zh": 88.6733500939283, "be": 86.86033312383186, "lu": 60.00770434568006, "ur": 99.99999999999999, "sz": 68.22189660934433, "nw": 59.983058026293, "zg": 66.8489027446535, "fr": 53.75087080773898, "so": 72.44836215720291, "bs": 63.18796301435344, "bl": 74.6133341638817, "sh": 100.0, "ar": 89.41176470572532, "sg": 60.60850357968857, "gr": 72.16462219341923, "ag": 76.97501362025908, "tg": 80.30627310841413, "ti": 63.0769230769594, "vd": 61.411371079219116, "vs": 42.04892179634204, "ne": 61.67552706311285, "ge": 51.1927931115477, "ju": 61.81905874, "gl": 100.0, "ow": 0.0, "ai": 0.0}