{"ch": {"per": 72.04074034193584}, "zh": {"per": 88.6733500939283}, "be": {"per": 86.86033312383186}, "lu": {"per": 60.00770434568006}, "ur": {"per": 99.99999999999999}, "sz": {"per": 68.22189660934433}, "nw": {"per": 59.983058026293}, "zg": {"per": 66.8489027446535}, "fr": {"per": 53.75087080773898}, "so": {"per": 72.44836215720291}, "bs": {"per": 63.18796301435344}, "bl": {"per": 74.6133341638817}, "sh": {"per": 100.0}, "ar": {"per": 89.41176470572532}, "sg": {"per": 60.60850357968857}, "gr": {"per": 72.16462219341923}, "ag": {"per": 76.97501362025908}, "tg": {"per": 80.30627310841413}, "ti": {"per": 63.0769230769594}, "vd": {"per": 61.411371079219116}, "vs": {"per": 42.04892179634204}, "ne": {"per": 61.67552706311285}, "ge": {"per": 51.1927931115477}, "ju": {"per": 61.81905874}, "gl": {"per": 100.0}, "ow": {"per": 0.0}, "ai": {"per": 0.0}, "annahme": 1, "zh-annahme": 1, "be-annahme": 1, "lu-annahme": 1, "ur-annahme": 1, "sz-annahme": 1, "nw-annahme": 1, "zg-annahme": 1, "fr-annahme": 1, "so-annahme": 1, "bs-annahme": 1, "bl-annahme": 1, "sh-annahme": 1, "ar-annahme": 1, "sg-annahme": 1, "gr-annahme": 1, "ag-annahme": 1, "tg-annahme": 1, "ti-annahme": 1, "vd-annahme": 1, "vs-annahme": 0, "ne-annahme": 1, "ge-annahme": 1, "ju-annahme": 1, "gl-annahme": 1, "ow-annahme": 0, "ai-annahme": 0, "forme": 1.0}