{"ch": 97.7982624492449, "zh": 100.0, "be": 100.0, "lu": 100.0, "ur": 99.99999999999999, "sz": 100.0, "nw": 100.0, "zg": 100.0, "fr": 98.57713035831841, "so": 100.00000000000001, "bs": 96.4229076686992, "bl": 100.00000000000001, "sh": 100.0, "ar": 100.0, "sg": 100.0, "gr": 100.00000000000001, "ag": 100.0, "tg": 100.0, "ti": 97.88175736904451, "vd": 83.87257992787617, "vs": 98.98013363898013, "ne": 89.62811891396227, "ge": 79.92417889671576, "ju": 100.0, "ow": 100.0, "ai": 100.0, "annahme": 1, "zh-annahme": 1, "be-annahme": 1, "lu-annahme": 1, "ur-annahme": 1, "sz-annahme": 1, "nw-annahme": 1, "zg-annahme": 1, "fr-annahme": 1, "so-annahme": 1, "bs-annahme": 1, "bl-annahme": 1, "sh-annahme": 1, "ar-annahme": 1, "sg-annahme": 1, "gr-annahme": 1, "ag-annahme": 1, "tg-annahme": 1, "ti-annahme": 1, "vd-annahme": 1, "vs-annahme": 1, "ne-annahme": 1, "ge-annahme": 1, "ju-annahme": 1, "ow-annahme": 1, "ai-annahme": 1, "forme": 1.0}