{"ch": 100.0, "zh": 100.0, "be": 100.0, "lu": 100.0, "ur": 100.00000000000001, "sz": 100.0, "nw": 100.0, "zg": 99.99999999999999, "fr": 100.0, "so": 100.0, "bs": 100.0, "bl": 100.0, "sh": 100.00000000000001, "ar": 100.0, "sg": 99.99999999999999, "gr": 100.0, "ag": 100.0, "tg": 100.0, "ti": 100.0, "vd": 100.00000000000001, "vs": 100.0, "ne": 100.0, "ge": 100.0, "ju": 100.0, "gl": 100.0, "ow": 100.0, "ai": 100.0}