{"ch": {"per": 74.10536186151346}, "zh": {"per": 58.310732059703646}, "be": {"per": 55.19410644319849}, "lu": {"per": 82.04024245611652}, "ur": {"per": 100.00000000000001}, "sz": {"per": 74.36055628378227}, "nw": {"per": 100.0}, "zg": {"per": 81.46106239540718}, "fr": {"per": 88.24036717614112}, "so": {"per": 86.49905271186482}, "bs": {"per": 91.71862352976318}, "bl": {"per": 71.18078040606412}, "sh": {"per": 77.37186983678419}, "ar": {"per": 75.50980392173994}, "sg": {"per": 80.85608054608953}, "gr": {"per": 69.87177916818231}, "ag": {"per": 64.47305181244614}, "tg": {"per": 60.66497030210469}, "ti": {"per": 79.0764174377945}, "vd": {"per": 84.40469510203309}, "vs": {"per": 99.99999999999999}, "ne": {"per": 94.23955331137212}, "ge": {"per": 96.8449496676153}, "ju": {"per": 100.0}, "gl": {"per": 100.0}, "ow": {"per": 100.0}, "ai": {"per": 100.0}, "annahme": 1, "zh-annahme": 1, "be-annahme": 1, "lu-annahme": 1, "ur-annahme": 1, "sz-annahme": 1, "nw-annahme": 1, "zg-annahme": 1, "fr-annahme": 1, "so-annahme": 1, "bs-annahme": 1, "bl-annahme": 1, "sh-annahme": 1, "ar-annahme": 1, "sg-annahme": 1, "gr-annahme": 1, "ag-annahme": 1, "tg-annahme": 1, "ti-annahme": 1, "vd-annahme": 1, "vs-annahme": 1, "ne-annahme": 1, "ge-annahme": 1, "ju-annahme": 1, "gl-annahme": 1, "ow-annahme": 1, "ai-annahme": 1, "forme": 2.0}