{"ch": {"per": 22.057537672829397}, "zh": {"per": 33.02379617906077}, "be": {"per": 39.71748836257396}, "lu": {"per": 16.496721496512528}, "ur": {"per": 0.0}, "sz": {"per": 25.63944371621773}, "nw": {"per": 0.0}, "zg": {"per": 18.53893760459283}, "fr": {"per": 11.292420774347255}, "so": {"per": 10.74859849918817}, "bs": {"per": 7.592354552064283}, "bl": {"per": 24.400020452457284}, "sh": {"per": 22.628130163215808}, "ar": {"per": 24.490196078260055}, "sg": {"per": 13.305944942498973}, "gr": {"per": 27.94448984215725}, "ag": {"per": 29.53364720164058}, "tg": {"per": 35.29088811136684}, "ti": {"per": 20.27433518663793}, "vd": {"per": 13.014539964796574}, "vs": {"per": 0.0}, "ne": {"per": 4.987230604891009}, "ge": {"per": 2.5353052821340056}, "ju": {"per": 0.0}, "gl": {"per": 0.0}, "ow": {"per": 0.0}, "ai": {"per": 0.0}, "annahme": 0, "zh-annahme": 0, "be-annahme": 0, "lu-annahme": 0, "ur-annahme": 0, "sz-annahme": 0, "nw-annahme": 0, "zg-annahme": 0, "fr-annahme": 0, "so-annahme": 0, "bs-annahme": 0, "bl-annahme": 0, "sh-annahme": 0, "ar-annahme": 0, "sg-annahme": 0, "gr-annahme": 0, "ag-annahme": 0, "tg-annahme": 0, "ti-annahme": 0, "vd-annahme": 0, "vs-annahme": 0, "ne-annahme": 0, "ge-annahme": 0, "ju-annahme": 0, "gl-annahme": 0, "ow-annahme": 0, "ai-annahme": 0, "forme": 3.0}