{"ch": 41.519408898873635, "zh": 47.486994586687686, "be": 46.786454893889704, "lu": 40.04744546446856, "ur": 100.0, "sz": 47.4512223335285, "nw": 59.98305802629301, "zg": 46.08166838157952, "fr": 29.710891849434418, "so": 36.469799477992076, "bs": 29.749374367191677, "bl": 33.26293276907596, "sh": 58.0108035865624, "ar": 65.02287581701594, "sg": 29.47993571159999, "gr": 45.049100416061265, "ag": 41.081940247748804, "tg": 46.97293977471079, "ti": 39.722330412464, "vd": 48.58563388986156, "vs": 26.352412178926354, "ne": 52.506971047916934, "ge": 32.60672006672189, "ju": 29.466416206, "gl": 0.0, "ow": 0.0, "ai": 0.0, "annahme": 0, "zh-annahme": 0, "be-annahme": 0, "lu-annahme": 0, "ur-annahme": 1, "sz-annahme": 0, "nw-annahme": 1, "zg-annahme": 0, "fr-annahme": 0, "so-annahme": 0, "bs-annahme": 0, "bl-annahme": 0, "sh-annahme": 1, "ar-annahme": 1, "sg-annahme": 0, "gr-annahme": 0, "ag-annahme": 0, "tg-annahme": 0, "ti-annahme": 0, "vd-annahme": 0, "vs-annahme": 0, "ne-annahme": 1, "ge-annahme": 0, "ju-annahme": 0, "gl-annahme": 0, "ow-annahme": 0, "ai-annahme": 0, "forme": 2.0}