{"ch": 30.855523407783263, "zh": 31.92645059547346, "be": 34.07344671119805, "lu": 19.960258881211494, "ur": 0.0, "sz": 20.770674275815832, "nw": 0.0, "zg": 20.767234363073978, "fr": 25.161365994995585, "so": 34.12198274154107, "bs": 47.43071468063888, "bl": 38.0483185014248, "sh": 41.9891964134376, "ar": 24.38888888870937, "sg": 24.41173689977745, "gr": 26.01448214275674, "ag": 28.576350806888698, "tg": 30.36179557840037, "ti": 20.32547974369802, "vd": 40.618410449863966, "vs": 18.770141770018768, "ne": 42.505798347192055, "ge": 50.910779772424846, "ju": 32.352642534, "gl": 100.0, "ow": 0.0, "ai": 0.0, "annahme": 0, "zh-annahme": 0, "be-annahme": 0, "lu-annahme": 0, "ur-annahme": 0, "sz-annahme": 0, "nw-annahme": 0, "zg-annahme": 0, "fr-annahme": 0, "so-annahme": 0, "bs-annahme": 0, "bl-annahme": 0, "sh-annahme": 0, "ar-annahme": 0, "sg-annahme": 0, "gr-annahme": 0, "ag-annahme": 0, "tg-annahme": 0, "ti-annahme": 0, "vd-annahme": 0, "vs-annahme": 0, "ne-annahme": 0, "ge-annahme": 1, "ju-annahme": 0, "gl-annahme": 1, "ow-annahme": 0, "ai-annahme": 0, "forme": 3.0}