{"ch": 24.203865324642898, "zh": 33.53133091132737, "be": 40.06785739767833, "lu": 16.49672149651253, "ur": 0.0, "sz": 25.639443716217734, "nw": 0.0, "zg": 18.538937604592828, "fr": 11.292420774347255, "so": 10.748598499188168, "bs": 23.957227221442235, "bl": 24.400020452457284, "sh": 22.628130163215808, "ar": 24.490196078260052, "sg": 13.305944942498972, "gr": 27.94448984215725, "ag": 29.533647201640587, "tg": 35.29088811136685, "ti": 1.8458292762460313, "vd": 28.561673642506985, "vs": 2.2231369009022233, "ne": 30.969040732046146, "ge": 21.06146389549249, "ju": 0.0, "gl": 0.0, "ow": 0.0, "ai": 0.0}