{"ch": 69.26781833855502, "zh": 68.07354940452655, "be": 65.92655328880194, "lu": 80.03974111878851, "ur": 99.99999999999999, "sz": 79.22932572418416, "nw": 99.99999999999999, "zg": 79.23276563692602, "fr": 75.68738250077891, "so": 65.87801725845894, "bs": 53.739775724377175, "bl": 61.9516814985752, "sh": 58.0108035865624, "ar": 75.61111111129063, "sg": 75.58826310022255, "gr": 73.98551785724325, "ag": 71.4236491931113, "tg": 69.63820442159964, "ti": 61.73643580758212, "vd": 67.6678874986216, "vs": 81.92664041660248, "ne": 62.058902125734996, "ge": 56.947092135561505, "ju": 67.647357466, "gl": 0.0, "ow": 100.0, "ai": 100.0, "annahme": 1, "zh-annahme": 1, "be-annahme": 1, "lu-annahme": 1, "ur-annahme": 1, "sz-annahme": 1, "nw-annahme": 1, "zg-annahme": 1, "fr-annahme": 1, "so-annahme": 1, "bs-annahme": 1, "bl-annahme": 1, "sh-annahme": 1, "ar-annahme": 1, "sg-annahme": 1, "gr-annahme": 1, "ag-annahme": 1, "tg-annahme": 1, "ti-annahme": 1, "vd-annahme": 1, "vs-annahme": 1, "ne-annahme": 1, "ge-annahme": 1, "ju-annahme": 1, "gl-annahme": 0, "ow-annahme": 1, "ai-annahme": 1, "forme": 1.0}