{"ch": {"per": 38.591277568616164}, "zh": {"per": 47.257545357055434}, "be": {"per": 51.14957632899135}, "lu": {"per": 22.195258040527154}, "ur": {"per": 0.0}, "sz": {"per": 24.004524305406317}, "nw": {"per": 0.0}, "zg": {"per": 20.767234363073978}, "fr": {"per": 25.40358671848057}, "so": {"per": 39.128592300974724}, "bs": {"per": 58.673772214294054}, "bl": {"per": 53.92824033421331}, "sh": {"per": 41.989196413437604}, "ar": {"per": 24.388888888709374}, "sg": {"per": 34.66381896178113}, "gr": {"per": 27.115521777357973}, "ag": {"per": 42.57055589371051}, "tg": {"per": 38.62719918646281}, "ti": {"per": 19.23046599898428}, "vd": {"per": 37.8173729459541}, "vs": {"per": 18.073359583397536}, "ne": {"per": 43.32428517124498}, "ge": {"per": 45.994047748594944}, "ju": {"per": 32.352642534}, "gl": {"per": 100.0}, "ow": {"per": 0.0}, "ai": {"per": 0.0}, "annahme": 0, "zh-annahme": 0, "be-annahme": 1, "lu-annahme": 0, "ur-annahme": 0, "sz-annahme": 0, "nw-annahme": 0, "zg-annahme": 0, "fr-annahme": 0, "so-annahme": 0, "bs-annahme": 1, "bl-annahme": 1, "sh-annahme": 0, "ar-annahme": 0, "sg-annahme": 0, "gr-annahme": 0, "ag-annahme": 0, "tg-annahme": 0, "ti-annahme": 0, "vd-annahme": 0, "vs-annahme": 0, "ne-annahme": 0, "ge-annahme": 0, "ju-annahme": 0, "gl-annahme": 1, "ow-annahme": 0, "ai-annahme": 0, "forme": 3.0}