{"ch": 38.591277568616164, "zh": 47.257545357055434, "be": 51.14957632899135, "lu": 22.195258040527154, "ur": 0.0, "sz": 24.004524305406317, "nw": 0.0, "zg": 20.767234363073978, "fr": 25.40358671848057, "so": 39.128592300974724, "bs": 58.673772214294054, "bl": 53.92824033421331, "sh": 41.989196413437604, "ar": 24.388888888709374, "sg": 34.66381896178113, "gr": 27.115521777357973, "ag": 42.57055589371051, "tg": 38.62719918646281, "ti": 19.23046599898428, "vd": 37.8173729459541, "vs": 18.073359583397536, "ne": 43.32428517124498, "ge": 45.994047748594944, "ju": 32.352642534, "gl": 100.0, "ow": 0.0, "ai": 0.0}