{"ch": 77.66351843189676, "zh": 68.91738130774593, "be": 63.810982789962786, "lu": 85.4122413802896, "ur": 100.0, "sz": 76.84562866924152, "nw": 99.99999999999999, "zg": 81.46106239540717, "fr": 89.67493433648814, "so": 92.15428889885152, "bs": 82.2905641735042, "bl": 85.87569194758461, "sh": 77.37186983678419, "ar": 75.50980392173994, "sg": 88.76715270200303, "gr": 72.05551015784276, "ag": 74.28486653402888, "tg": 68.32620977647477, "ti": 79.72566481336207, "vd": 72.84094411372698, "vs": 97.77686309909777, "ne": 70.88610135447355, "ge": 80.99192875226592, "ju": 100.0, "gl": 100.0, "ow": 100.0, "ai": 100.0, "annahme": 1, "zh-annahme": 1, "be-annahme": 1, "lu-annahme": 1, "ur-annahme": 1, "sz-annahme": 1, "nw-annahme": 1, "zg-annahme": 1, "fr-annahme": 1, "so-annahme": 1, "bs-annahme": 1, "bl-annahme": 1, "sh-annahme": 1, "ar-annahme": 1, "sg-annahme": 1, "gr-annahme": 1, "ag-annahme": 1, "tg-annahme": 1, "ti-annahme": 1, "vd-annahme": 1, "vs-annahme": 1, "ne-annahme": 1, "ge-annahme": 1, "ju-annahme": 1, "gl-annahme": 1, "ow-annahme": 1, "ai-annahme": 1, "forme": 2.0}