{"ch": 13.285421642037157, "zh": 14.099880231684624, "be": 17.408909217525004, "lu": 11.77193390447691, "ur": 0.0, "sz": 4.081632653101545, "nw": 0.0, "zg": 0.0, "fr": 5.059017293529588, "so": 13.494001825876838, "bs": 23.393127227838832, "bl": 30.908386929839967, "sh": 0.0, "ar": 0.0, "sg": 9.845353191368478, "gr": 4.632189086819664, "ag": 14.570036106720956, "tg": 19.488538893321184, "ti": 25.204915710437287, "vd": 9.780097003300034, "vs": 1.5900449360226823, "ne": 13.663106537293592, "ge": 15.254245559319692, "ju": 0.0, "ow": 0.0, "ai": 0.0}