{"ch": {"per": 35.8130918867126}, "zh": {"per": 41.69389023950724}, "be": {"per": 40.42424726504652}, "lu": {"per": 19.96025888121149}, "ur": {"per": 0.0}, "sz": {"per": 20.77067427581583}, "nw": {"per": 0.0}, "zg": {"per": 20.76723436307398}, "fr": {"per": 25.161365994995585}, "so": {"per": 35.97856267921084}, "bs": {"per": 51.98153219465299}, "bl": {"per": 41.35040139480574}, "sh": {"per": 41.9891964134376}, "ar": {"per": 24.388888888709374}, "sg": {"per": 31.12856786808859}, "gr": {"per": 27.115521777357973}, "ag": {"per": 35.89307337251025}, "tg": {"per": 33.33333333370334}, "ti": {"per": 39.10054123574328}, "vd": {"per": 40.618410449863966}, "vs": {"per": 18.770141770018764}, "ne": {"per": 42.50579834719206}, "ge": {"per": 50.91077977242485}, "ju": {"per": 32.352642534}, "gl": {"per": 100.0}, "ow": {"per": 0.0}, "ai": {"per": 0.0}, "annahme": 0, "zh-annahme": 0, "be-annahme": 0, "lu-annahme": 0, "ur-annahme": 0, "sz-annahme": 0, "nw-annahme": 0, "zg-annahme": 0, "fr-annahme": 0, "so-annahme": 0, "bs-annahme": 1, "bl-annahme": 0, "sh-annahme": 0, "ar-annahme": 0, "sg-annahme": 0, "gr-annahme": 0, "ag-annahme": 0, "tg-annahme": 0, "ti-annahme": 0, "vd-annahme": 0, "vs-annahme": 0, "ne-annahme": 0, "ge-annahme": 1, "ju-annahme": 0, "gl-annahme": 1, "ow-annahme": 0, "ai-annahme": 0, "forme": 3.0}