{"ch": 35.8130918867126, "zh": 41.69389023950724, "be": 40.42424726504652, "lu": 19.96025888121149, "ur": 0.0, "sz": 20.77067427581583, "nw": 0.0, "zg": 20.76723436307398, "fr": 25.161365994995585, "so": 35.97856267921084, "bs": 51.98153219465299, "bl": 41.35040139480574, "sh": 41.9891964134376, "ar": 24.388888888709374, "sg": 31.12856786808859, "gr": 27.115521777357973, "ag": 35.89307337251025, "tg": 33.33333333370334, "ti": 39.10054123574328, "vd": 40.618410449863966, "vs": 18.770141770018764, "ne": 42.50579834719206, "ge": 50.91077977242485, "ju": 32.352642534, "gl": 100.0, "ow": 0.0, "ai": 0.0}