{"ch": {"per": 80.17986979740654}, "zh": {"per": 68.98674625108173}, "be": {"per": 64.9292002886248}, "lu": {"per": 83.50327850348746}, "ur": {"per": 100.0}, "sz": {"per": 74.36055628378226}, "nw": {"per": 100.0}, "zg": {"per": 81.46106239540717}, "fr": {"per": 88.70757922565274}, "so": {"per": 89.25140150081182}, "bs": {"per": 92.40764544793572}, "bl": {"per": 76.21201982262764}, "sh": {"per": 77.37186983678419}, "ar": {"per": 75.50980392173994}, "sg": {"per": 87.89387285025}, "gr": {"per": 72.05551015784276}, "ag": {"per": 72.00346970562907}, "tg": {"per": 64.70911188863316}, "ti": {"per": 98.15417072375398}, "vd": {"per": 89.87343098728155}, "vs": {"per": 99.99999999999999}, "ne": {"per": 97.38292549445924}, "ge": {"per": 97.464694717866}, "ju": {"per": 100.0}, "gl": {"per": 100.0}, "ow": {"per": 100.0}, "ai": {"per": 100.0}, "annahme": 1, "zh-annahme": 1, "be-annahme": 1, "lu-annahme": 1, "ur-annahme": 1, "sz-annahme": 1, "nw-annahme": 1, "zg-annahme": 1, "fr-annahme": 1, "so-annahme": 1, "bs-annahme": 1, "bl-annahme": 1, "sh-annahme": 1, "ar-annahme": 1, "sg-annahme": 1, "gr-annahme": 1, "ag-annahme": 1, "tg-annahme": 1, "ti-annahme": 1, "vd-annahme": 1, "vs-annahme": 1, "ne-annahme": 1, "ge-annahme": 1, "ju-annahme": 1, "gl-annahme": 1, "ow-annahme": 1, "ai-annahme": 1, "forme": 1.0}