{"ch": 80.17986979740654, "zh": 68.98674625108173, "be": 64.9292002886248, "lu": 83.50327850348746, "ur": 100.0, "sz": 74.36055628378226, "nw": 100.0, "zg": 81.46106239540717, "fr": 88.70757922565274, "so": 89.25140150081182, "bs": 92.40764544793572, "bl": 76.21201982262764, "sh": 77.37186983678419, "ar": 75.50980392173994, "sg": 87.89387285025, "gr": 72.05551015784276, "ag": 72.00346970562907, "tg": 64.70911188863316, "ti": 98.15417072375398, "vd": 89.87343098728155, "vs": 99.99999999999999, "ne": 97.38292549445924, "ge": 97.464694717866, "ju": 100.0, "gl": 100.0, "ow": 100.0, "ai": 100.0, "annahme": 1, "zh-annahme": 1, "be-annahme": 1, "lu-annahme": 1, "ur-annahme": 1, "sz-annahme": 1, "nw-annahme": 1, "zg-annahme": 1, "fr-annahme": 1, "so-annahme": 1, "bs-annahme": 1, "bl-annahme": 1, "sh-annahme": 1, "ar-annahme": 1, "sg-annahme": 1, "gr-annahme": 1, "ag-annahme": 1, "tg-annahme": 1, "ti-annahme": 1, "vd-annahme": 1, "vs-annahme": 1, "ne-annahme": 1, "ge-annahme": 1, "ju-annahme": 1, "gl-annahme": 1, "ow-annahme": 1, "ai-annahme": 1, "forme": 1.0}