{"ch": 31.17490879917886, "zh": 31.92645059547345, "be": 34.073446711198045, "lu": 19.960258881211494, "ur": 0.0, "sz": 20.770674275815836, "nw": 0.0, "zg": 20.767234363073978, "fr": 25.16136599499558, "so": 34.12198274154107, "bs": 47.43071468063887, "bl": 38.0483185014248, "sh": 41.9891964134376, "ar": 24.388888888709367, "sg": 24.41173689977745, "gr": 26.014482142756744, "ag": 28.57635080688871, "tg": 30.361795578400365, "ti": 25.02369360576056, "vd": 40.61841044986396, "vs": 18.77014177001877, "ne": 42.50579834719206, "ge": 50.91077977242485, "ju": 32.352642534, "gl": 100.0, "ow": 0.0, "ai": 0.0, "annahme": 0, "zh-annahme": 0, "be-annahme": 0, "lu-annahme": 0, "ur-annahme": 0, "sz-annahme": 0, "nw-annahme": 0, "zg-annahme": 0, "fr-annahme": 0, "so-annahme": 0, "bs-annahme": 0, "bl-annahme": 0, "sh-annahme": 0, "ar-annahme": 0, "sg-annahme": 0, "gr-annahme": 0, "ag-annahme": 0, "tg-annahme": 0, "ti-annahme": 0, "vd-annahme": 0, "vs-annahme": 0, "ne-annahme": 0, "ge-annahme": 1, "ju-annahme": 0, "gl-annahme": 1, "ow-annahme": 0, "ai-annahme": 0, "forme": 3.0}