{"ch": 94.58610294083859, "zh": 96.17790969545719, "be": 93.49625094848555, "lu": 97.56678664784525, "ur": 100.0, "sz": 96.76614997040953, "nw": 100.0, "zg": 100.0, "fr": 97.73529680778339, "so": 96.6261180599281, "bs": 89.59019755732874, "bl": 86.6459742913218, "sh": 100.0, "ar": 100.0, "sg": 97.5243415904033, "gr": 100.0, "ag": 94.5219560282958, "tg": 94.09948625044952, "ti": 98.29420593916926, "vd": 85.19169817966983, "vs": 99.13819388823295, "ne": 89.38333599213566, "ge": 82.65227535718992, "ju": 100.0, "gl": 100.0, "ow": 100.0, "ai": 100.0}