{"ch": {"per": 94.51381236278094}, "zh": {"per": 92.96255201460266}, "be": {"per": 93.46363712066362}, "lu": {"per": 91.85380958625903}, "ur": {"per": 100.0}, "sz": {"per": 100.0}, "nw": {"per": 100.0}, "zg": {"per": 99.99999999999999}, "fr": {"per": 97.148371411886}, "so": {"per": 93.3651407404245}, "bs": {"per": 93.85793326996459}, "bl": {"per": 89.60443034452601}, "sh": {"per": 100.0}, "ar": {"per": 100.0}, "sg": {"per": 94.33584584571264}, "gr": {"per": 96.40638801373957}, "ag": {"per": 93.83578592070818}, "tg": {"per": 89.71872751186748}, "ti": {"per": 98.25278065575588}, "vd": {"per": 95.69719410282543}, "vs": {"per": 98.68754004969868}, "ne": {"per": 93.93258280562114}, "ge": {"per": 94.15559523043432}, "ju": {"per": 100.0}, "gl": {"per": 100.0}, "ow": {"per": 100.0}, "ai": {"per": 100.0}, "annahme": 1, "zh-annahme": 1, "be-annahme": 1, "lu-annahme": 1, "ur-annahme": 1, "sz-annahme": 1, "nw-annahme": 1, "zg-annahme": 1, "fr-annahme": 1, "so-annahme": 1, "bs-annahme": 1, "bl-annahme": 1, "sh-annahme": 1, "ar-annahme": 1, "sg-annahme": 1, "gr-annahme": 1, "ag-annahme": 1, "tg-annahme": 1, "ti-annahme": 1, "vd-annahme": 1, "vs-annahme": 1, "ne-annahme": 1, "ge-annahme": 1, "ju-annahme": 1, "gl-annahme": 1, "ow-annahme": 1, "ai-annahme": 1, "forme": 1.0}