{"ch": 94.51381236278094, "zh": 92.96255201460266, "be": 93.46363712066362, "lu": 91.85380958625903, "ur": 100.0, "sz": 100.0, "nw": 100.0, "zg": 99.99999999999999, "fr": 97.148371411886, "so": 93.3651407404245, "bs": 93.85793326996459, "bl": 89.60443034452601, "sh": 100.0, "ar": 100.0, "sg": 94.33584584571264, "gr": 96.40638801373957, "ag": 93.83578592070818, "tg": 89.71872751186748, "ti": 98.25278065575588, "vd": 95.69719410282543, "vs": 98.68754004969868, "ne": 93.93258280562114, "ge": 94.15559523043432, "ju": 100.0, "gl": 100.0, "ow": 100.0, "ai": 100.0}