{"ch": {"per": 61.807087394277396}, "zh": {"per": 54.752997073087066}, "be": {"per": 53.49711232220742}, "lu": {"per": 77.80474195947285}, "ur": {"per": 100.0}, "sz": {"per": 75.99547569459368}, "nw": {"per": 100.0}, "zg": {"per": 79.23276563692602}, "fr": {"per": 73.759898773144}, "so": {"per": 60.87140769902528}, "bs": {"per": 40.426113253282736}, "bl": {"per": 46.68379994087162}, "sh": {"per": 58.0108035865624}, "ar": {"per": 75.61111111129063}, "sg": {"per": 66.53599883096784}, "gr": {"per": 72.88447822264203}, "ag": {"per": 58.966561013559144}, "tg": {"per": 61.37280081353718}, "ti": {"per": 79.67452025630199}, "vd": {"per": 57.45599979659844}, "vs": {"per": 81.22985822998123}, "ne": {"per": 54.87712714726718}, "ge": {"per": 46.55391494544114}, "ju": {"per": 67.647357466}, "gl": {"per": 0.0}, "ow": {"per": 100.0}, "ai": {"per": 100.0}, "annahme": 1, "zh-annahme": 1, "be-annahme": 1, "lu-annahme": 1, "ur-annahme": 1, "sz-annahme": 1, "nw-annahme": 1, "zg-annahme": 1, "fr-annahme": 1, "so-annahme": 1, "bs-annahme": 0, "bl-annahme": 0, "sh-annahme": 1, "ar-annahme": 1, "sg-annahme": 1, "gr-annahme": 1, "ag-annahme": 1, "tg-annahme": 1, "ti-annahme": 1, "vd-annahme": 1, "vs-annahme": 1, "ne-annahme": 1, "ge-annahme": 0, "ju-annahme": 1, "gl-annahme": 0, "ow-annahme": 1, "ai-annahme": 1, "forme": 2.0}