{"ch": 94.93858459831499, "zh": 96.4468873125943, "be": 93.92135958725393, "lu": 97.76500084068434, "ur": 100.0, "sz": 96.7661499704095, "nw": 100.0, "zg": 100.00000000000001, "fr": 97.79987773144856, "so": 96.84997037823612, "bs": 90.22957456982245, "bl": 88.03420133567738, "sh": 100.0, "ar": 100.0, "sg": 97.66456669905644, "gr": 100.0, "ag": 94.8596343860694, "tg": 94.70613414724052, "ti": 98.64427378682169, "vd": 85.82887066366642, "vs": 99.14950474829914, "ne": 90.02749328961826, "ge": 83.66614660362544, "ju": 100.0, "gl": 100.0, "ow": 100.0, "ai": 100.0}