{"ch": 67.19877521460332, "zh": 64.03772097493707, "be": 61.735482134979286, "lu": 80.0397411187885, "ur": 100.00000000000001, "sz": 79.22932572418416, "nw": 100.0, "zg": 79.23276563692602, "fr": 74.83863400500441, "so": 65.87801725845893, "bs": 48.018467805347015, "bl": 60.072875699621235, "sh": 58.010803586562396, "ar": 75.61111111129063, "sg": 73.62506553428081, "gr": 73.98551785724325, "ag": 67.91027047128311, "tg": 66.66666666629666, "ti": 79.67452025630199, "vd": 59.38158955013604, "vs": 81.22985822998123, "ne": 57.49420165280794, "ge": 49.08922022757515, "ju": 67.64735746599999, "gl": 0.0, "ow": 100.0, "ai": 100.0, "annahme": 1, "zh-annahme": 1, "be-annahme": 1, "lu-annahme": 1, "ur-annahme": 1, "sz-annahme": 1, "nw-annahme": 1, "zg-annahme": 1, "fr-annahme": 1, "so-annahme": 1, "bs-annahme": 0, "bl-annahme": 1, "sh-annahme": 1, "ar-annahme": 1, "sg-annahme": 1, "gr-annahme": 1, "ag-annahme": 1, "tg-annahme": 1, "ti-annahme": 1, "vd-annahme": 1, "vs-annahme": 1, "ne-annahme": 1, "ge-annahme": 0, "ju-annahme": 1, "gl-annahme": 0, "ow-annahme": 1, "ai-annahme": 1, "forme": 2.0}