{"ch": 76.04410207278542, "zh": 66.46866908867263, "be": 59.93214260232167, "lu": 83.50327850348748, "ur": 100.00000000000001, "sz": 74.36055628378226, "nw": 100.0, "zg": 81.46106239540717, "fr": 88.70757922565274, "so": 89.25140150081184, "bs": 76.04277277855776, "bl": 75.5999795475427, "sh": 77.37186983678419, "ar": 75.50980392173994, "sg": 86.69405505750102, "gr": 72.05551015784275, "ag": 70.46635279835941, "tg": 64.70911188863315, "ti": 98.50072630540734, "vd": 71.43832635749301, "vs": 97.77686309909778, "ne": 69.03095926795383, "ge": 78.93853610450752, "ju": 100.0, "gl": 100.0, "ow": 100.0, "ai": 100.0}