{"ch": {"per": 20.774515990291352}, "zh": {"per": 34.12016480185177}, "be": {"per": 35.11814224032212}, "lu": {"per": 19.21695250316137}, "sz": {"per": 29.892310858132447}, "nw": {"per": 0.0}, "zg": {"per": 25.586028570208153}, "fr": {"per": 12.687367821581955}, "so": {"per": 10.682834725782477}, "bs": {"per": 0.0}, "bl": {"per": 15.048745630929416}, "sh": {"per": 35.01867279571339}, "ar": {"per": 41.18261251839314}, "sg": {"per": 12.169138859181768}, "gr": {"per": 33.71054775859482}, "ag": {"per": 27.95032889520496}, "tg": {"per": 36.130507391545834}, "ti": {"per": 2.165490376813124}, "vd": {"per": 10.911001557105942}, "vs": {"per": 0.0}, "ne": {"per": 0.0}, "ge": {"per": 0.0}, "ju": {"per": 0.0}, "gl": {"per": 0.0}, "ow": {"per": 0.0}, "ai": {"per": 0.0}, "annahme": 0, "zh-annahme": 0, "be-annahme": 0, "lu-annahme": 0, "sz-annahme": 0, "nw-annahme": 0, "zg-annahme": 0, "fr-annahme": 0, "so-annahme": 0, "bs-annahme": 0, "bl-annahme": 0, "sh-annahme": 0, "ar-annahme": 0, "sg-annahme": 0, "gr-annahme": 0, "ag-annahme": 0, "tg-annahme": 0, "ti-annahme": 0, "vd-annahme": 0, "vs-annahme": 0, "ne-annahme": 0, "ge-annahme": 0, "ju-annahme": 0, "gl-annahme": 0, "ow-annahme": 0, "ai-annahme": 0, "forme": 2.0}