{"ch": 57.008526228605184, "zh": 47.45688502803073, "be": 42.83858507726983, "lu": 57.71755537621579, "ur": 0.0, "sz": 49.31492763688102, "nw": 40.016941973706984, "zg": 53.91833161842049, "fr": 69.21037291870516, "so": 60.380170900244046, "bs": 79.02314375012199, "bl": 54.159228291516484, "sh": 41.9891964134376, "ar": 34.977124182984056, "sg": 66.98481319470747, "gr": 54.95089958393874, "ag": 52.24057723105094, "tg": 47.73319437252974, "ti": 67.73556154854951, "vd": 62.147939082233115, "vs": 75.87072472197588, "ne": 68.4876084743472, "ge": 83.3841332645026, "ju": 70.53358379400001, "gl": 100.0, "ow": 100.0, "ai": 100.0, "annahme": 1, "zh-annahme": 0, "be-annahme": 0, "lu-annahme": 1, "ur-annahme": 0, "sz-annahme": 0, "nw-annahme": 0, "zg-annahme": 1, "fr-annahme": 1, "so-annahme": 1, "bs-annahme": 1, "bl-annahme": 1, "sh-annahme": 0, "ar-annahme": 0, "sg-annahme": 1, "gr-annahme": 1, "ag-annahme": 1, "tg-annahme": 0, "ti-annahme": 1, "vd-annahme": 1, "vs-annahme": 1, "ne-annahme": 1, "ge-annahme": 1, "ju-annahme": 1, "gl-annahme": 1, "ow-annahme": 1, "ai-annahme": 1, "forme": 2.0}