{"ch": {"per": 26.522421873510037}, "zh": {"per": 36.95254655703831}, "be": {"per": 34.02239996944458}, "lu": {"per": 24.06261905918068}, "ur": {"per": 0.0}, "sz": {"per": 36.36391122954198}, "nw": {"per": 8.140877598167497}, "zg": {"per": 22.15346660842153}, "fr": {"per": 14.614588379398091}, "so": {"per": 19.05566457560666}, "bs": {"per": 18.397249725775115}, "bl": {"per": 28.93600386035829}, "sh": {"per": 26.019902259}, "ar": {"per": 37.537493812}, "sg": {"per": 30.395295259756427}, "gr": {"per": 28.64829463706737}, "ag": {"per": 35.798103183302786}, "tg": {"per": 38.37771764362711}, "ti": {"per": 24.017868103132194}, "vd": {"per": 12.078611677700628}, "vs": {"per": 8.974103617153848}, "ne": {"per": 2.2947136900758824}, "ge": {"per": 7.630548046459099}, "ju": {"per": 7.175608113371298}, "gl": {"per": 0.0}, "ai": {"per": 25.92738752988925}, "annahme": 0, "zh-annahme": 0, "be-annahme": 0, "lu-annahme": 0, "ur-annahme": 0, "sz-annahme": 0, "nw-annahme": 0, "zg-annahme": 0, "fr-annahme": 0, "so-annahme": 0, "bs-annahme": 0, "bl-annahme": 0, "sh-annahme": 0, "ar-annahme": 0, "sg-annahme": 0, "gr-annahme": 0, "ag-annahme": 0, "tg-annahme": 0, "ti-annahme": 0, "vd-annahme": 0, "vs-annahme": 0, "ne-annahme": 0, "ge-annahme": 0, "ju-annahme": 0, "gl-annahme": 0, "ai-annahme": 0, "forme": 3.0}