{"ch": 3.4547608184206005, "zh": 3.7587421527130873, "be": 8.774803035853504, "lu": 0.9295016092562175, "ur": 0.0, "sz": 0.0, "nw": 8.140877598167497, "zg": 0.0, "fr": 0.40608059245808575, "so": 0.0, "bs": 4.468094091706391, "bl": 11.47891047833065, "sh": 0.0, "ar": 0.0, "sg": 2.6206193671522717, "gr": 0.0, "ag": 4.505011598319207, "tg": 5.030220497592554, "ti": 0.0, "vd": 4.086808403264849, "vs": 0.0, "ne": 2.694360624507322, "ge": 0.0, "ju": 0.0, "gl": 0.0, "ai": 0.0}