{"ch": 31.1998044193719, "zh": 36.05326235328786, "be": 41.156177781568886, "lu": 18.346082884239767, "ur": 0.0, "sz": 16.609219729750752, "nw": 0.0, "zg": 24.062879104750152, "fr": 25.181973207012565, "so": 32.93625317567175, "bs": 48.38252067956109, "bl": 36.03318001625417, "sh": 33.568241377, "ar": 29.651416756000003, "sg": 23.46032607939294, "gr": 28.256198205519198, "ag": 27.992062077415575, "tg": 26.88463950576259, "ti": 20.83971101658264, "vd": 34.315534046571116, "vs": 18.937302994613628, "ne": 47.68457969774998, "ge": 34.83507507472834, "ju": 34.15796699686337, "gl": 100.0, "ai": 0.0, "annahme": 0, "zh-annahme": 0, "be-annahme": 0, "lu-annahme": 0, "ur-annahme": 0, "sz-annahme": 0, "nw-annahme": 0, "zg-annahme": 0, "fr-annahme": 0, "so-annahme": 0, "bs-annahme": 0, "bl-annahme": 0, "sh-annahme": 0, "ar-annahme": 0, "sg-annahme": 0, "gr-annahme": 0, "ag-annahme": 0, "tg-annahme": 0, "ti-annahme": 0, "vd-annahme": 0, "vs-annahme": 0, "ne-annahme": 0, "ge-annahme": 0, "ju-annahme": 0, "gl-annahme": 1, "ai-annahme": 0, "forme": 3.0}