{"ch": 31.1998044193719, "zh": 36.05326235328786, "be": 41.156177781568886, "lu": 18.346082884239767, "ur": 0.0, "sz": 16.609219729750752, "nw": 0.0, "zg": 24.062879104750152, "fr": 25.181973207012565, "so": 32.93625317567175, "bs": 48.38252067956109, "bl": 36.03318001625417, "sh": 33.568241377, "ar": 29.651416756000003, "sg": 23.46032607939294, "gr": 28.256198205519198, "ag": 27.992062077415575, "tg": 26.88463950576259, "ti": 20.83971101658264, "vd": 34.315534046571116, "vs": 18.937302994613628, "ne": 47.68457969774998, "ge": 34.83507507472834, "ju": 34.15796699686337, "gl": 100.0, "ai": 0.0}