{"ch": 95.8357679249457, "zh": 96.4100749116, "be": 91.91530793620485, "lu": 99.14624384107819, "ur": 100.0, "sz": 100.00000000000001, "nw": 91.8591224018325, "zg": 100.0, "fr": 99.5939194075419, "so": 100.0, "bs": 95.94360149152479, "bl": 89.613123779162, "sh": 100.0, "ar": 100.0, "sg": 97.4889759657353, "gr": 100.0, "ag": 95.70157650598007, "tg": 95.30248304386399, "ti": 81.32169406013406, "vd": 96.21568361269405, "vs": 100.0, "ne": 97.70528630992413, "ge": 100.0, "ju": 100.0, "gl": 100.0, "ai": 100.0, "annahme": 1, "zh-annahme": 1, "be-annahme": 1, "lu-annahme": 1, "ur-annahme": 1, "sz-annahme": 1, "nw-annahme": 1, "zg-annahme": 1, "fr-annahme": 1, "so-annahme": 1, "bs-annahme": 1, "bl-annahme": 1, "sh-annahme": 1, "ar-annahme": 1, "sg-annahme": 1, "gr-annahme": 1, "ag-annahme": 1, "tg-annahme": 1, "ti-annahme": 1, "vd-annahme": 1, "vs-annahme": 1, "ne-annahme": 1, "ge-annahme": 1, "ju-annahme": 1, "gl-annahme": 1, "ai-annahme": 1, "forme": 2.0}