{"ch": 50.80965258226678, "zh": 43.294667822224326, "be": 47.62270720258133, "lu": 53.69331729444123, "ur": 0.0, "sz": 44.251274918972946, "nw": 8.140877598167496, "zg": 51.31762714995435, "fr": 67.46909607256497, "so": 54.91163905608583, "bs": 61.52300255247047, "bl": 58.744265880458585, "sh": 33.568241377, "ar": 29.651416756000003, "sg": 52.325327660129844, "gr": 55.30871173230319, "ag": 47.77261320445992, "tg": 46.482451454173294, "ti": 48.0540135032544, "vd": 46.701776796472465, "vs": 70.3492581389221, "ne": 55.01137947468777, "ge": 60.447202229891396, "ju": 73.3492215627066, "gl": 99.99999999999999, "ai": 74.07261247011074, "annahme": 1, "zh-annahme": 0, "be-annahme": 0, "lu-annahme": 1, "ur-annahme": 0, "sz-annahme": 0, "nw-annahme": 0, "zg-annahme": 1, "fr-annahme": 1, "so-annahme": 1, "bs-annahme": 1, "bl-annahme": 1, "sh-annahme": 0, "ar-annahme": 0, "sg-annahme": 1, "gr-annahme": 1, "ag-annahme": 0, "tg-annahme": 0, "ti-annahme": 0, "vd-annahme": 0, "vs-annahme": 1, "ne-annahme": 1, "ge-annahme": 1, "ju-annahme": 1, "gl-annahme": 1, "ai-annahme": 1, "forme": 4.0}