{"ch": {"per": 50.80965258226678}, "zh": {"per": 43.294667822224326}, "be": {"per": 47.62270720258133}, "lu": {"per": 53.69331729444123}, "ur": {"per": 0.0}, "sz": {"per": 44.251274918972946}, "nw": {"per": 8.140877598167496}, "zg": {"per": 51.31762714995435}, "fr": {"per": 67.46909607256497}, "so": {"per": 54.91163905608583}, "bs": {"per": 61.52300255247047}, "bl": {"per": 58.744265880458585}, "sh": {"per": 33.568241377}, "ar": {"per": 29.651416756000003}, "sg": {"per": 52.325327660129844}, "gr": {"per": 55.30871173230319}, "ag": {"per": 47.77261320445992}, "tg": {"per": 46.482451454173294}, "ti": {"per": 48.0540135032544}, "vd": {"per": 46.701776796472465}, "vs": {"per": 70.3492581389221}, "ne": {"per": 55.01137947468777}, "ge": {"per": 60.447202229891396}, "ju": {"per": 73.3492215627066}, "gl": {"per": 99.99999999999999}, "ai": {"per": 74.07261247011074}, "annahme": 1, "zh-annahme": 0, "be-annahme": 0, "lu-annahme": 1, "ur-annahme": 0, "sz-annahme": 0, "nw-annahme": 0, "zg-annahme": 1, "fr-annahme": 1, "so-annahme": 1, "bs-annahme": 1, "bl-annahme": 1, "sh-annahme": 0, "ar-annahme": 0, "sg-annahme": 1, "gr-annahme": 1, "ag-annahme": 0, "tg-annahme": 0, "ti-annahme": 0, "vd-annahme": 0, "vs-annahme": 1, "ne-annahme": 1, "ge-annahme": 1, "ju-annahme": 1, "gl-annahme": 1, "ai-annahme": 1, "forme": 4.0}