{"ch": {"per": 34.163611904611386}, "zh": {"per": 37.73139490645974}, "be": {"per": 45.076351673831184}, "lu": {"per": 19.19983904316158}, "ur": {"per": 0.0}, "sz": {"per": 16.60921972975075}, "nw": {"per": 8.140877598167496}, "zg": {"per": 24.06287910475015}, "fr": {"per": 25.588053799470647}, "so": {"per": 32.93625317567175}, "bs": {"per": 52.438919188036316}, "bl": {"per": 46.42005623709218}, "sh": {"per": 33.568241377}, "ar": {"per": 29.651416756000003}, "sg": {"per": 24.911616879848257}, "gr": {"per": 28.256198205519194}, "ag": {"per": 30.837383375447477}, "tg": {"per": 29.55118229117963}, "ti": {"per": 21.911341471658968}, "vd": {"per": 42.000687662811465}, "vs": {"per": 18.937302994613628}, "ne": {"per": 55.01137947468777}, "ge": {"per": 46.008118736931486}, "ju": {"per": 34.15796699686338}, "gl": {"per": 99.99999999999999}, "ai": {"per": 0.0}, "annahme": 0, "zh-annahme": 0, "be-annahme": 0, "lu-annahme": 0, "ur-annahme": 0, "sz-annahme": 0, "nw-annahme": 0, "zg-annahme": 0, "fr-annahme": 0, "so-annahme": 0, "bs-annahme": 1, "bl-annahme": 0, "sh-annahme": 0, "ar-annahme": 0, "sg-annahme": 0, "gr-annahme": 0, "ag-annahme": 0, "tg-annahme": 0, "ti-annahme": 0, "vd-annahme": 0, "vs-annahme": 0, "ne-annahme": 1, "ge-annahme": 0, "ju-annahme": 0, "gl-annahme": 1, "ai-annahme": 0, "forme": 3.0}