{"ch": 48.87937617082505, "zh": 41.61653526905245, "be": 43.702533310319026, "lu": 52.8395611355194, "ur": 0.0, "sz": 44.251274918972946, "nw": 0.0, "zg": 51.31762714995435, "fr": 67.06301548010687, "so": 54.91163905608583, "bs": 57.46660404399526, "bl": 48.35738965962058, "sh": 33.568241377, "ar": 29.651416756000003, "sg": 50.874036859674526, "gr": 55.30871173230319, "ag": 44.927291906428025, "tg": 43.81590866875626, "ti": 48.0540135032544, "vd": 45.78572732034879, "vs": 70.3492581389221, "ne": 52.71666578461188, "ge": 60.447202229891396, "ju": 73.3492215627066, "gl": 99.99999999999999, "ai": 74.07261247011074}