{"ch": {"per": 48.87937617082505}, "zh": {"per": 41.61653526905245}, "be": {"per": 43.702533310319026}, "lu": {"per": 52.8395611355194}, "ur": {"per": 0.0}, "sz": {"per": 44.251274918972946}, "nw": {"per": 0.0}, "zg": {"per": 51.31762714995435}, "fr": {"per": 67.06301548010687}, "so": {"per": 54.91163905608583}, "bs": {"per": 57.46660404399526}, "bl": {"per": 48.35738965962058}, "sh": {"per": 33.568241377}, "ar": {"per": 29.651416756000003}, "sg": {"per": 50.874036859674526}, "gr": {"per": 55.30871173230319}, "ag": {"per": 44.927291906428025}, "tg": {"per": 43.81590866875626}, "ti": {"per": 48.0540135032544}, "vd": {"per": 45.78572732034879}, "vs": {"per": 70.3492581389221}, "ne": {"per": 52.71666578461188}, "ge": {"per": 60.447202229891396}, "ju": {"per": 73.3492215627066}, "gl": {"per": 99.99999999999999}, "ai": {"per": 74.07261247011074}, "annahme": 0, "zh-annahme": 0, "be-annahme": 0, "lu-annahme": 1, "ur-annahme": 0, "sz-annahme": 0, "nw-annahme": 0, "zg-annahme": 1, "fr-annahme": 1, "so-annahme": 1, "bs-annahme": 1, "bl-annahme": 0, "sh-annahme": 0, "ar-annahme": 0, "sg-annahme": 1, "gr-annahme": 1, "ag-annahme": 0, "tg-annahme": 0, "ti-annahme": 0, "vd-annahme": 0, "vs-annahme": 1, "ne-annahme": 1, "ge-annahme": 1, "ju-annahme": 1, "gl-annahme": 1, "ai-annahme": 1, "forme": 4.0}