{"ch": 32.233335493169655, "zh": 36.05326235328787, "be": 41.15617778156889, "lu": 18.346082884239763, "ur": 0.0, "sz": 16.60921972975075, "nw": 0.0, "zg": 24.06287910475015, "fr": 25.181973207012565, "so": 32.93625317567175, "bs": 48.3825206795611, "bl": 36.03318001625417, "sh": 33.568241377, "ar": 29.651416755999996, "sg": 23.46032607939294, "gr": 28.2561982055192, "ag": 27.99206207741558, "tg": 26.884639505762586, "ti": 21.91134147165897, "vd": 41.084638186687805, "vs": 18.93730299461363, "ne": 52.716665784611884, "ge": 46.008118736931486, "ju": 34.157966996863365, "gl": 100.0, "ai": 0.0, "annahme": 0, "zh-annahme": 0, "be-annahme": 0, "lu-annahme": 0, "ur-annahme": 0, "sz-annahme": 0, "nw-annahme": 0, "zg-annahme": 0, "fr-annahme": 0, "so-annahme": 0, "bs-annahme": 0, "bl-annahme": 0, "sh-annahme": 0, "ar-annahme": 0, "sg-annahme": 0, "gr-annahme": 0, "ag-annahme": 0, "tg-annahme": 0, "ti-annahme": 0, "vd-annahme": 0, "vs-annahme": 0, "ne-annahme": 1, "ge-annahme": 0, "ju-annahme": 0, "gl-annahme": 1, "ai-annahme": 0, "forme": 3.0}