{"ch": 0.92146335347502, "zh": 0.0, "be": 0.0, "lu": 0.0, "ur": 0.0, "sz": 0.0, "nw": 0.0, "zg": 0.0, "fr": 0.0, "so": 0.0, "bs": 0.0, "bl": 0.0, "sh": 0.0, "ar": 0.0, "sg": 0.0, "gr": 0.0, "ag": 0.0, "tg": 0.0, "ti": 18.67830593986593, "vd": 0.0, "vs": 0.0, "ne": 0.0, "ge": 0.0, "ju": 0.0, "gl": 0.0, "ai": 0.0}