{"ch": {"per": 49.33324306365883}, "zh": {"per": 38.05238982555248}, "be": {"per": 39.510835511102734}, "lu": {"per": 52.83956113551942}, "ur": {"per": 0.0}, "sz": {"per": 44.251274918972946}, "nw": {"per": 0.0}, "zg": {"per": 51.31762714995435}, "fr": {"per": 67.06301548010687}, "so": {"per": 54.91163905608583}, "bs": {"per": 64.77553380813335}, "bl": {"per": 45.86135493219841}, "sh": {"per": 33.568241377}, "ar": {"per": 29.651416756000003}, "sg": {"per": 49.4948352856429}, "gr": {"per": 55.308711732303195}, "ag": {"per": 40.96420709881311}, "tg": {"per": 40.82591981810984}, "ti": {"per": 47.83604992144221}, "vd": {"per": 58.971109251062195}, "vs": {"per": 72.19561237973316}, "ne": {"per": 76.9575930793725}, "ge": {"per": 79.38859802906006}, "ju": {"per": 73.3492215627066}, "gl": {"per": 100.00000000000001}, "ai": {"per": 74.07261247011076}, "annahme": 0, "zh-annahme": 0, "be-annahme": 0, "lu-annahme": 1, "ur-annahme": 0, "sz-annahme": 0, "nw-annahme": 0, "zg-annahme": 1, "fr-annahme": 1, "so-annahme": 1, "bs-annahme": 1, "bl-annahme": 0, "sh-annahme": 0, "ar-annahme": 0, "sg-annahme": 0, "gr-annahme": 1, "ag-annahme": 0, "tg-annahme": 0, "ti-annahme": 0, "vd-annahme": 1, "vs-annahme": 1, "ne-annahme": 1, "ge-annahme": 1, "ju-annahme": 1, "gl-annahme": 1, "ai-annahme": 1, "forme": 3.0}