{"ch": 32.23333549316966, "zh": 36.05326235328786, "be": 41.15617778156889, "lu": 18.34608288423977, "ur": 0.0, "sz": 16.609219729750752, "nw": 0.0, "zg": 24.06287910475015, "fr": 25.181973207012565, "so": 32.93625317567176, "bs": 48.3825206795611, "bl": 36.03318001625417, "sh": 33.568241377, "ar": 29.651416756000003, "sg": 23.460326079392942, "gr": 28.256198205519198, "ag": 27.992062077415582, "tg": 26.884639505762586, "ti": 21.911341471658965, "vd": 41.084638186687805, "vs": 18.937302994613628, "ne": 52.71666578461188, "ge": 46.00811873693148, "ju": 34.15796699686337, "gl": 100.00000000000001, "ai": 0.0}