{"ch": {"per": 32.23333549316966}, "zh": {"per": 36.05326235328786}, "be": {"per": 41.15617778156889}, "lu": {"per": 18.34608288423977}, "ur": {"per": 0.0}, "sz": {"per": 16.609219729750752}, "nw": {"per": 0.0}, "zg": {"per": 24.06287910475015}, "fr": {"per": 25.181973207012565}, "so": {"per": 32.93625317567176}, "bs": {"per": 48.3825206795611}, "bl": {"per": 36.03318001625417}, "sh": {"per": 33.568241377}, "ar": {"per": 29.651416756000003}, "sg": {"per": 23.460326079392942}, "gr": {"per": 28.256198205519198}, "ag": {"per": 27.992062077415582}, "tg": {"per": 26.884639505762586}, "ti": {"per": 21.911341471658965}, "vd": {"per": 41.084638186687805}, "vs": {"per": 18.937302994613628}, "ne": {"per": 52.71666578461188}, "ge": {"per": 46.00811873693148}, "ju": {"per": 34.15796699686337}, "gl": {"per": 100.00000000000001}, "ai": {"per": 0.0}, "annahme": 0, "zh-annahme": 0, "be-annahme": 0, "lu-annahme": 0, "ur-annahme": 0, "sz-annahme": 0, "nw-annahme": 0, "zg-annahme": 0, "fr-annahme": 0, "so-annahme": 0, "bs-annahme": 0, "bl-annahme": 0, "sh-annahme": 0, "ar-annahme": 0, "sg-annahme": 0, "gr-annahme": 0, "ag-annahme": 0, "tg-annahme": 0, "ti-annahme": 0, "vd-annahme": 0, "vs-annahme": 0, "ne-annahme": 1, "ge-annahme": 0, "ju-annahme": 0, "gl-annahme": 1, "ai-annahme": 0, "forme": 3.0}