{"ch": 65.44809725864445, "zh": 56.64434286956402, "be": 53.94839282567791, "lu": 67.78834175894951, "ur": 100.0, "sz": 63.636088770458024, "nw": 91.8591224018325, "zg": 77.84653339157846, "fr": 85.38541162060191, "so": 75.91711876229793, "bs": 72.38862956008509, "bl": 61.55059972842192, "sh": 73.980097741, "ar": 62.462506188, "sg": 64.36293216637283, "gr": 71.35170536293262, "ag": 58.16305494411547, "tg": 52.97721360240877, "ti": 73.19989088211926, "vd": 67.34596570987367, "vs": 88.94606053133367, "ne": 73.25382403263905, "ge": 66.82103166029546, "ju": 92.8243918866287, "gl": 100.0, "ai": 74.07261247011076, "annahme": 1, "zh-annahme": 1, "be-annahme": 1, "lu-annahme": 1, "ur-annahme": 1, "sz-annahme": 1, "nw-annahme": 1, "zg-annahme": 1, "fr-annahme": 1, "so-annahme": 1, "bs-annahme": 1, "bl-annahme": 1, "sh-annahme": 1, "ar-annahme": 1, "sg-annahme": 1, "gr-annahme": 1, "ag-annahme": 1, "tg-annahme": 1, "ti-annahme": 1, "vd-annahme": 1, "vs-annahme": 1, "ne-annahme": 1, "ge-annahme": 1, "ju-annahme": 1, "gl-annahme": 1, "ai-annahme": 1, "forme": 2.0}