{"ch": {"per": 65.44809725864445}, "zh": {"per": 56.64434286956402}, "be": {"per": 53.94839282567791}, "lu": {"per": 67.78834175894951}, "ur": {"per": 100.0}, "sz": {"per": 63.636088770458024}, "nw": {"per": 91.8591224018325}, "zg": {"per": 77.84653339157846}, "fr": {"per": 85.38541162060191}, "so": {"per": 75.91711876229793}, "bs": {"per": 72.38862956008509}, "bl": {"per": 61.55059972842192}, "sh": {"per": 73.980097741}, "ar": {"per": 62.462506188}, "sg": {"per": 64.36293216637283}, "gr": {"per": 71.35170536293262}, "ag": {"per": 58.16305494411547}, "tg": {"per": 52.97721360240877}, "ti": {"per": 73.19989088211926}, "vd": {"per": 67.34596570987367}, "vs": {"per": 88.94606053133367}, "ne": {"per": 73.25382403263905}, "ge": {"per": 66.82103166029546}, "ju": {"per": 92.8243918866287}, "gl": {"per": 100.0}, "ai": {"per": 74.07261247011076}, "annahme": 1, "zh-annahme": 1, "be-annahme": 1, "lu-annahme": 1, "ur-annahme": 1, "sz-annahme": 1, "nw-annahme": 1, "zg-annahme": 1, "fr-annahme": 1, "so-annahme": 1, "bs-annahme": 1, "bl-annahme": 1, "sh-annahme": 1, "ar-annahme": 1, "sg-annahme": 1, "gr-annahme": 1, "ag-annahme": 1, "tg-annahme": 1, "ti-annahme": 1, "vd-annahme": 1, "vs-annahme": 1, "ne-annahme": 1, "ge-annahme": 1, "ju-annahme": 1, "gl-annahme": 1, "ai-annahme": 1, "forme": 2.0}