{"ch": {"per": 97.12988541756104}, "zh": {"per": 98.05557747744976}, "be": {"per": 95.66556441633958}, "lu": {"per": 100.0}, "ur": {"per": 100.0}, "sz": {"per": 100.0}, "nw": {"per": 100.0}, "zg": {"per": 100.0}, "fr": {"per": 100.0}, "so": {"per": 100.0}, "bs": {"per": 100.0}, "bl": {"per": 100.0}, "sh": {"per": 100.0}, "ar": {"per": 100.0}, "sg": {"per": 98.92466046240789}, "gr": {"per": 99.99999999999999}, "ag": {"per": 98.50434151458049}, "tg": {"per": 97.91338535706028}, "ti": {"per": 98.6462524722455}, "vd": {"per": 86.70445223183654}, "vs": {"per": 100.0}, "ne": {"per": 90.15534997376291}, "ge": {"per": 82.8542061929544}, "ju": {"per": 100.00000000000001}, "gl": {"per": 100.0}, "ai": {"per": 100.0}, "annahme": 1, "zh-annahme": 1, "be-annahme": 1, "lu-annahme": 1, "ur-annahme": 1, "sz-annahme": 1, "nw-annahme": 1, "zg-annahme": 1, "fr-annahme": 1, "so-annahme": 1, "bs-annahme": 1, "bl-annahme": 1, "sh-annahme": 1, "ar-annahme": 1, "sg-annahme": 1, "gr-annahme": 1, "ag-annahme": 1, "tg-annahme": 1, "ti-annahme": 1, "vd-annahme": 1, "vs-annahme": 1, "ne-annahme": 1, "ge-annahme": 1, "ju-annahme": 1, "gl-annahme": 1, "ai-annahme": 1, "forme": 1.0}