{"ch": {"per": 68.76455245471718}, "zh": {"per": 67.6780126007455}, "be": {"per": 63.0355200176474}, "lu": {"per": 81.65391711576024}, "ur": {"per": 100.0}, "sz": {"per": 83.39078027024924}, "nw": {"per": 100.0}, "zg": {"per": 75.93712089524985}, "fr": {"per": 74.81802679298744}, "so": {"per": 67.06374682432823}, "bs": {"per": 55.60262886335708}, "bl": {"per": 66.46285471116799}, "sh": {"per": 66.431758623}, "ar": {"per": 70.34858324400001}, "sg": {"per": 77.91887549463868}, "gr": {"per": 71.74380179448082}, "ag": {"per": 75.97102273019934}, "tg": {"per": 76.10534934488385}, "ti": {"per": 59.6283161702873}, "vd": {"per": 58.915361813312195}, "vs": {"per": 81.06269700538638}, "ne": {"per": 47.28333421538811}, "ge": {"per": 53.991881263068514}, "ju": {"per": 65.84203300313662}, "gl": {"per": 0.0}, "ai": {"per": 100.0}, "annahme": 1, "zh-annahme": 1, "be-annahme": 1, "lu-annahme": 1, "ur-annahme": 1, "sz-annahme": 1, "nw-annahme": 1, "zg-annahme": 1, "fr-annahme": 1, "so-annahme": 1, "bs-annahme": 1, "bl-annahme": 1, "sh-annahme": 1, "ar-annahme": 1, "sg-annahme": 1, "gr-annahme": 1, "ag-annahme": 1, "tg-annahme": 1, "ti-annahme": 1, "vd-annahme": 1, "vs-annahme": 1, "ne-annahme": 0, "ge-annahme": 1, "ju-annahme": 1, "gl-annahme": 0, "ai-annahme": 1, "forme": 1.0}