{"ch": 8.79152412062195, "zh": 6.223305659631181, "be": 11.092617551646883, "lu": 9.074355141340556, "ur": 0.0, "sz": 0.0, "nw": 0.0, "zg": 0.0, "fr": 0.0, "so": 6.973435253146743, "bs": 14.21564761300337, "bl": 12.521539653088361, "sh": 0.0, "ar": 0.0, "sg": 5.093779220951872, "gr": 0.0, "ag": 5.692557073528809, "tg": 7.995816061084578, "ti": 3.4311012727642143, "vd": 23.109597903618454, "vs": 2.501530540442156, "ne": 34.085915724013354, "ge": 32.120094836650004, "ju": 0.0, "ai": 0.0}