{"ch": {"per": 8.79152412062195}, "zh": {"per": 6.223305659631181}, "be": {"per": 11.092617551646883}, "lu": {"per": 9.074355141340556}, "ur": {"per": 0.0}, "sz": {"per": 0.0}, "nw": {"per": 0.0}, "zg": {"per": 0.0}, "fr": {"per": 0.0}, "so": {"per": 6.973435253146743}, "bs": {"per": 14.21564761300337}, "bl": {"per": 12.521539653088361}, "sh": {"per": 0.0}, "ar": {"per": 0.0}, "sg": {"per": 5.093779220951872}, "gr": {"per": 0.0}, "ag": {"per": 5.692557073528809}, "tg": {"per": 7.995816061084578}, "ti": {"per": 3.4311012727642143}, "vd": {"per": 23.109597903618454}, "vs": {"per": 2.501530540442156}, "ne": {"per": 34.085915724013354}, "ge": {"per": 32.120094836650004}, "ju": {"per": 0.0}, "ai": {"per": 0.0}, "annahme": 0, "zh-annahme": 0, "be-annahme": 0, "lu-annahme": 0, "ur-annahme": 0, "sz-annahme": 0, "nw-annahme": 0, "zg-annahme": 0, "fr-annahme": 0, "so-annahme": 0, "bs-annahme": 0, "bl-annahme": 0, "sh-annahme": 0, "ar-annahme": 0, "sg-annahme": 0, "gr-annahme": 0, "ag-annahme": 0, "tg-annahme": 0, "ti-annahme": 0, "vd-annahme": 0, "vs-annahme": 0, "ne-annahme": 0, "ge-annahme": 0, "ju-annahme": 0, "ai-annahme": 0, "forme": 3.0}