{"ch": 32.233335493169655, "zh": 36.05326235328786, "be": 41.156177781568886, "lu": 18.346082884239763, "ur": 0.0, "sz": 16.609219729750752, "nw": 0.0, "zg": 24.062879104750152, "fr": 25.181973207012565, "so": 32.936253175671744, "bs": 48.38252067956109, "bl": 36.03318001625417, "sh": 33.568241377, "ar": 29.651416756, "sg": 23.460326079392942, "gr": 28.256198205519194, "ag": 27.99206207741558, "tg": 26.884639505762586, "ti": 21.91134147165897, "vd": 41.0846381866878, "vs": 18.937302994613628, "ne": 52.716665784611884, "ge": 46.00811873693149, "ju": 34.157966996863365, "gl": 100.00000000000001, "ai": 0.0}