{"ch": 72.16508581635242, "zh": 61.13566090773358, "be": 61.8130818590226, "lu": 75.93738094081932, "ur": 100.0, "sz": 63.63608877045802, "nw": 91.85912240183251, "zg": 77.84653339157848, "fr": 85.3854116206019, "so": 80.94433542439334, "bs": 81.60275027422489, "bl": 71.0639961396417, "sh": 73.98009774100001, "ar": 62.462506188, "sg": 68.54497150643418, "gr": 71.35170536293263, "ag": 62.74879462070918, "tg": 59.59130818565396, "ti": 75.9821318968678, "vd": 85.05312141111708, "vs": 91.02589638284616, "ne": 97.7052863099241, "ge": 92.3694519535409, "ju": 92.82439188662869, "gl": 100.0, "ai": 74.07261247011076}