{"ch": 29.07972204622091, "zh": 32.321987399254496, "be": 36.96447998235259, "lu": 18.346082884239763, "ur": 0.0, "sz": 16.60921972975075, "nw": 0.0, "zg": 24.062879104750152, "fr": 25.181973207012565, "so": 32.93625317567175, "bs": 44.397371136642924, "bl": 33.53714528883201, "sh": 33.568241377, "ar": 29.651416756, "sg": 22.08112450536131, "gr": 28.256198205519198, "ag": 24.02897726980067, "tg": 23.89465065511617, "ti": 25.01132151409923, "vd": 30.779151125384654, "vs": 18.93730299461362, "ne": 43.0979222902669, "ge": 28.862324929885872, "ju": 34.157966996863365, "gl": 100.0, "ai": 0.0}