{"ch": {"per": 29.07972204622091}, "zh": {"per": 32.321987399254496}, "be": {"per": 36.96447998235259}, "lu": {"per": 18.346082884239763}, "ur": {"per": 0.0}, "sz": {"per": 16.60921972975075}, "nw": {"per": 0.0}, "zg": {"per": 24.062879104750152}, "fr": {"per": 25.181973207012565}, "so": {"per": 32.93625317567175}, "bs": {"per": 44.397371136642924}, "bl": {"per": 33.53714528883201}, "sh": {"per": 33.568241377}, "ar": {"per": 29.651416756}, "sg": {"per": 22.08112450536131}, "gr": {"per": 28.256198205519198}, "ag": {"per": 24.02897726980067}, "tg": {"per": 23.89465065511617}, "ti": {"per": 25.01132151409923}, "vd": {"per": 30.779151125384654}, "vs": {"per": 18.93730299461362}, "ne": {"per": 43.0979222902669}, "ge": {"per": 28.862324929885872}, "ju": {"per": 34.157966996863365}, "gl": {"per": 100.0}, "ai": {"per": 0.0}, "annahme": 0, "zh-annahme": 0, "be-annahme": 0, "lu-annahme": 0, "ur-annahme": 0, "sz-annahme": 0, "nw-annahme": 0, "zg-annahme": 0, "fr-annahme": 0, "so-annahme": 0, "bs-annahme": 0, "bl-annahme": 0, "sh-annahme": 0, "ar-annahme": 0, "sg-annahme": 0, "gr-annahme": 0, "ag-annahme": 0, "tg-annahme": 0, "ti-annahme": 0, "vd-annahme": 0, "vs-annahme": 0, "ne-annahme": 0, "ge-annahme": 0, "ju-annahme": 0, "gl-annahme": 1, "ai-annahme": 0, "forme": 3.0}