{"ch": {"per": 55.17308669000607}, "zh": {"per": 52.72592393138889}, "be": {"per": 57.322156754632935}, "lu": {"per": 41.800779418300735}, "ur": {"per": 100.0}, "sz": {"per": 35.994033581235826}, "nw": {"per": 100.0}, "zg": {"per": 50.591785346374266}, "fr": {"per": 43.68175246672053}, "so": {"per": 58.96894954397927}, "bs": {"per": 71.43104521975494}, "bl": {"per": 62.76285146298145}, "sh": {"per": 73.98009774100001}, "ar": {"per": 62.46250618800001}, "sg": {"per": 40.33747318965862}, "gr": {"per": 44.29919183614863}, "ag": {"per": 43.076134410842364}, "tg": {"per": 40.756848988274}, "ti": {"per": 61.018768554879216}, "vd": {"per": 81.09490169963864}, "vs": {"per": 39.613941238537684}, "ne": {"per": 99.99999999999999}, "ge": {"per": 77.930368460581}, "ju": {"per": 53.63313732078547}, "gl": {"per": 100.0}, "ai": {"per": 0.0}, "annahme": 1, "zh-annahme": 1, "be-annahme": 1, "lu-annahme": 0, "ur-annahme": 1, "sz-annahme": 0, "nw-annahme": 1, "zg-annahme": 1, "fr-annahme": 0, "so-annahme": 1, "bs-annahme": 1, "bl-annahme": 1, "sh-annahme": 1, "ar-annahme": 1, "sg-annahme": 0, "gr-annahme": 0, "ag-annahme": 0, "tg-annahme": 0, "ti-annahme": 1, "vd-annahme": 1, "vs-annahme": 0, "ne-annahme": 1, "ge-annahme": 1, "ju-annahme": 1, "gl-annahme": 1, "ai-annahme": 0, "forme": 2.0}