{"ch": 55.17308669000607, "zh": 52.72592393138889, "be": 57.322156754632935, "lu": 41.800779418300735, "ur": 100.0, "sz": 35.994033581235826, "nw": 100.0, "zg": 50.591785346374266, "fr": 43.68175246672053, "so": 58.96894954397927, "bs": 71.43104521975494, "bl": 62.76285146298145, "sh": 73.98009774100001, "ar": 62.46250618800001, "sg": 40.33747318965862, "gr": 44.29919183614863, "ag": 43.076134410842364, "tg": 40.756848988274, "ti": 61.018768554879216, "vd": 81.09490169963864, "vs": 39.613941238537684, "ne": 99.99999999999999, "ge": 77.930368460581, "ju": 53.63313732078547, "gl": 100.0, "ai": 0.0}