{"ch": 26.522421873510037, "zh": 36.9525465570383, "be": 34.02239996944457, "lu": 24.062619059180676, "ur": 0.0, "sz": 36.36391122954197, "nw": 8.140877598167496, "zg": 22.153466608421535, "fr": 14.614588379398091, "so": 19.05566457560666, "bs": 18.39724972577512, "bl": 28.936003860358287, "sh": 26.019902259, "ar": 37.537493812, "sg": 30.395295259756438, "gr": 28.64829463706737, "ag": 35.798103183302786, "tg": 38.37771764362709, "ti": 24.017868103132194, "vd": 12.078611677700627, "vs": 8.974103617153846, "ne": 2.294713690075882, "ge": 7.630548046459099, "ju": 7.175608113371298, "gl": 0.0, "ai": 25.927387529889252, "annahme": 0, "zh-annahme": 0, "be-annahme": 0, "lu-annahme": 0, "ur-annahme": 0, "sz-annahme": 0, "nw-annahme": 0, "zg-annahme": 0, "fr-annahme": 0, "so-annahme": 0, "bs-annahme": 0, "bl-annahme": 0, "sh-annahme": 0, "ar-annahme": 0, "sg-annahme": 0, "gr-annahme": 0, "ag-annahme": 0, "tg-annahme": 0, "ti-annahme": 0, "vd-annahme": 0, "vs-annahme": 0, "ne-annahme": 0, "ge-annahme": 0, "ju-annahme": 0, "gl-annahme": 0, "ai-annahme": 0, "forme": 3.0}