{"ch": {"per": 26.522421873510037}, "zh": {"per": 36.9525465570383}, "be": {"per": 34.02239996944457}, "lu": {"per": 24.062619059180676}, "ur": {"per": 0.0}, "sz": {"per": 36.36391122954197}, "nw": {"per": 8.140877598167496}, "zg": {"per": 22.153466608421535}, "fr": {"per": 14.614588379398091}, "so": {"per": 19.05566457560666}, "bs": {"per": 18.39724972577512}, "bl": {"per": 28.936003860358287}, "sh": {"per": 26.019902259}, "ar": {"per": 37.537493812}, "sg": {"per": 30.395295259756438}, "gr": {"per": 28.64829463706737}, "ag": {"per": 35.798103183302786}, "tg": {"per": 38.37771764362709}, "ti": {"per": 24.017868103132194}, "vd": {"per": 12.078611677700627}, "vs": {"per": 8.974103617153846}, "ne": {"per": 2.294713690075882}, "ge": {"per": 7.630548046459099}, "ju": {"per": 7.175608113371298}, "gl": {"per": 0.0}, "ai": {"per": 25.927387529889252}, "annahme": 0, "zh-annahme": 0, "be-annahme": 0, "lu-annahme": 0, "ur-annahme": 0, "sz-annahme": 0, "nw-annahme": 0, "zg-annahme": 0, "fr-annahme": 0, "so-annahme": 0, "bs-annahme": 0, "bl-annahme": 0, "sh-annahme": 0, "ar-annahme": 0, "sg-annahme": 0, "gr-annahme": 0, "ag-annahme": 0, "tg-annahme": 0, "ti-annahme": 0, "vd-annahme": 0, "vs-annahme": 0, "ne-annahme": 0, "ge-annahme": 0, "ju-annahme": 0, "gl-annahme": 0, "ai-annahme": 0, "forme": 3.0}