{"ch": {"per": 66.83427604327544}, "zh": {"per": 65.99988004757363}, "be": {"per": 59.11534612538511}, "lu": {"per": 80.80016095683841}, "ur": {"per": 100.0}, "sz": {"per": 83.39078027024925}, "nw": {"per": 91.8591224018325}, "zg": {"per": 75.93712089524986}, "fr": {"per": 74.41194620052934}, "so": {"per": 67.06374682432825}, "bs": {"per": 51.546230354881864}, "bl": {"per": 56.07597849032998}, "sh": {"per": 66.43175862300001}, "ar": {"per": 70.34858324400001}, "sg": {"per": 76.46758469418337}, "gr": {"per": 71.74380179448079}, "ag": {"per": 73.12570143216743}, "tg": {"per": 73.43880655946681}, "ti": {"per": 59.62831617028729}, "vd": {"per": 57.99931233718854}, "vs": {"per": 81.06269700538638}, "ne": {"per": 44.98862052531223}, "ge": {"per": 53.99188126306851}, "ju": {"per": 65.84203300313663}, "gl": {"per": 0.0}, "ai": {"per": 100.0}, "annahme": 1, "zh-annahme": 1, "be-annahme": 1, "lu-annahme": 1, "ur-annahme": 1, "sz-annahme": 1, "nw-annahme": 1, "zg-annahme": 1, "fr-annahme": 1, "so-annahme": 1, "bs-annahme": 1, "bl-annahme": 1, "sh-annahme": 1, "ar-annahme": 1, "sg-annahme": 1, "gr-annahme": 1, "ag-annahme": 1, "tg-annahme": 1, "ti-annahme": 1, "vd-annahme": 1, "vs-annahme": 1, "ne-annahme": 0, "ge-annahme": 1, "ju-annahme": 1, "gl-annahme": 0, "ai-annahme": 1, "forme": 2.0}