{"ch": {"per": 66.19262537565382}, "zh": {"per": 63.33138976150422}, "be": {"per": 57.16460005306524}, "lu": {"per": 81.49593754288186}, "ur": {"per": 100.0}, "sz": {"per": 83.39078027024924}, "nw": {"per": 100.0}, "zg": {"per": 75.93712089524986}, "fr": {"per": 74.71535073946933}, "so": {"per": 67.06374682432825}, "bs": {"per": 49.57191524248233}, "bl": {"per": 59.790286850113034}, "sh": {"per": 66.43175862300001}, "ar": {"per": 70.34858324400001}, "sg": {"per": 76.19418227803503}, "gr": {"per": 71.74380179448079}, "ag": {"per": 71.18814816599405}, "tg": {"per": 72.37883018324084}, "ti": {"per": 59.4103525884751}, "vd": {"per": 58.53552672308155}, "vs": {"per": 81.06269700538638}, "ne": {"per": 46.04522664475592}, "ge": {"per": 53.99188126306851}, "ju": {"per": 65.84203300313663}, "gl": {"per": 0.0}, "ai": {"per": 100.0}, "annahme": 1, "zh-annahme": 1, "be-annahme": 1, "lu-annahme": 1, "ur-annahme": 1, "sz-annahme": 1, "nw-annahme": 1, "zg-annahme": 1, "fr-annahme": 1, "so-annahme": 1, "bs-annahme": 0, "bl-annahme": 1, "sh-annahme": 1, "ar-annahme": 1, "sg-annahme": 1, "gr-annahme": 1, "ag-annahme": 1, "tg-annahme": 1, "ti-annahme": 1, "vd-annahme": 1, "vs-annahme": 1, "ne-annahme": 0, "ge-annahme": 1, "ju-annahme": 1, "gl-annahme": 0, "ai-annahme": 1, "forme": 2.0}