{"ch": 41.42357453907266, "zh": 28.505194132312305, "be": 28.741596141248834, "lu": 58.44505421550138, "ur": 100.0, "sz": 47.02686904070727, "nw": 100.0, "zg": 53.783654286828316, "fr": 60.60951900604743, "so": 48.008082248721585, "bs": 25.982548796082735, "bl": 45.41769234422555, "sh": 40.411856364, "ar": 32.81108943200001, "sg": 47.595669461305945, "gr": 43.09550715741343, "ag": 39.05515603731352, "tg": 37.404185636027364, "ti": 54.812817588201696, "vd": 38.539055008468026, "vs": 70.24223914742146, "ne": 25.4946742405443, "ge": 33.094200858776, "ju": 58.66642488976534, "gl": 0.0, "ai": 74.07261247011076, "annahme": 0, "zh-annahme": 0, "be-annahme": 0, "lu-annahme": 1, "ur-annahme": 1, "sz-annahme": 0, "nw-annahme": 1, "zg-annahme": 1, "fr-annahme": 1, "so-annahme": 0, "bs-annahme": 0, "bl-annahme": 0, "sh-annahme": 0, "ar-annahme": 0, "sg-annahme": 0, "gr-annahme": 0, "ag-annahme": 0, "tg-annahme": 0, "ti-annahme": 1, "vd-annahme": 0, "vs-annahme": 1, "ne-annahme": 0, "ge-annahme": 0, "ju-annahme": 1, "gl-annahme": 0, "ai-annahme": 1, "forme": 1.0}