{"ch": 98.66749044987405, "zh": 98.08820746477188, "be": 95.83548182846717, "lu": 100.0, "ur": 100.0, "sz": 99.99999999999999, "nw": 100.0, "zg": 100.0, "fr": 100.0, "so": 100.0, "bs": 100.0, "bl": 100.0, "sh": 100.0, "ar": 100.0, "sg": 98.94026676619063, "gr": 100.0, "ag": 98.54689780401198, "tg": 97.96902582928105, "ti": 99.99999999999999, "vd": 96.80218241093225, "vs": 100.0, "ne": 100.0, "ge": 100.0, "ju": 100.0, "gl": 99.99999999999999, "ai": 100.0}