{"ch": 98.66749044987405, "zh": 98.08820746477188, "be": 95.83548182846717, "lu": 100.0, "ur": 100.0, "sz": 99.99999999999999, "nw": 100.0, "zg": 100.0, "fr": 100.0, "so": 100.0, "bs": 100.0, "bl": 100.0, "sh": 100.0, "ar": 100.0, "sg": 98.94026676619063, "gr": 100.0, "ag": 98.54689780401198, "tg": 97.96902582928105, "ti": 99.99999999999999, "vd": 96.80218241093225, "vs": 100.0, "ne": 100.0, "ge": 100.0, "ju": 100.0, "gl": 99.99999999999999, "ai": 100.0, "annahme": 1, "zh-annahme": 1, "be-annahme": 1, "lu-annahme": 1, "ur-annahme": 1, "sz-annahme": 1, "nw-annahme": 1, "zg-annahme": 1, "fr-annahme": 1, "so-annahme": 1, "bs-annahme": 1, "bl-annahme": 1, "sh-annahme": 1, "ar-annahme": 1, "sg-annahme": 1, "gr-annahme": 1, "ag-annahme": 1, "tg-annahme": 1, "ti-annahme": 1, "vd-annahme": 1, "vs-annahme": 1, "ne-annahme": 1, "ge-annahme": 1, "ju-annahme": 1, "gl-annahme": 1, "ai-annahme": 1, "forme": 2.0}