{"ch": 93.24717842130583, "zh": 94.69558140015408, "be": 87.17438666083542, "lu": 98.9544210626032, "ur": 100.0, "sz": 100.0, "nw": 91.8591224018325, "zg": 100.00000000000001, "fr": 99.45724231196091, "so": 100.0, "bs": 92.70466416535129, "bl": 84.37190778822705, "sh": 100.0, "ar": 100.0, "sg": 96.77738671365005, "gr": 100.00000000000001, "ag": 94.34202234016884, "tg": 93.82761264934423, "ti": 97.78008902017861, "vd": 79.64514495606525, "vs": 100.0, "ne": 79.06322991368897, "ge": 75.89773099817148, "ju": 100.0, "ai": 100.0}