{"ch": {"per": 93.24717842130583}, "zh": {"per": 94.69558140015408}, "be": {"per": 87.17438666083542}, "lu": {"per": 98.9544210626032}, "ur": {"per": 100.0}, "sz": {"per": 100.0}, "nw": {"per": 91.8591224018325}, "zg": {"per": 100.00000000000001}, "fr": {"per": 99.45724231196091}, "so": {"per": 100.0}, "bs": {"per": 92.70466416535129}, "bl": {"per": 84.37190778822705}, "sh": {"per": 100.0}, "ar": {"per": 100.0}, "sg": {"per": 96.77738671365005}, "gr": {"per": 100.00000000000001}, "ag": {"per": 94.34202234016884}, "tg": {"per": 93.82761264934423}, "ti": {"per": 97.78008902017861}, "vd": {"per": 79.64514495606525}, "vs": {"per": 100.0}, "ne": {"per": 79.06322991368897}, "ge": {"per": 75.89773099817148}, "ju": {"per": 100.0}, "ai": {"per": 100.0}, "annahme": 1, "zh-annahme": 1, "be-annahme": 1, "lu-annahme": 1, "ur-annahme": 1, "sz-annahme": 1, "nw-annahme": 1, "zg-annahme": 1, "fr-annahme": 1, "so-annahme": 1, "bs-annahme": 1, "bl-annahme": 1, "sh-annahme": 1, "ar-annahme": 1, "sg-annahme": 1, "gr-annahme": 1, "ag-annahme": 1, "tg-annahme": 1, "ti-annahme": 1, "vd-annahme": 1, "vs-annahme": 1, "ne-annahme": 1, "ge-annahme": 1, "ju-annahme": 1, "ai-annahme": 1, "forme": 2.0}