{"ch": 98.0402843256587, "zh": 98.32186744682812, "be": 96.0798261077377, "lu": 99.14624384107817, "ur": 100.0, "sz": 99.99999999999999, "nw": 91.8591224018325, "zg": 100.0, "fr": 99.59391940754192, "so": 100.0, "bs": 95.94360149152479, "bl": 89.613123779162, "sh": 100.0, "ar": 100.0, "sg": 98.54870919954469, "gr": 100.0, "ag": 97.1546787019681, "tg": 97.33345721458298, "ti": 99.99999999999999, "vd": 98.9787006516778, "vs": 100.0, "ne": 97.46107348050388, "ge": 100.00000000000001, "ju": 99.99999999999999, "gl": 100.0, "ai": 100.0, "annahme": 1, "zh-annahme": 1, "be-annahme": 1, "lu-annahme": 1, "ur-annahme": 1, "sz-annahme": 1, "nw-annahme": 1, "zg-annahme": 1, "fr-annahme": 1, "so-annahme": 1, "bs-annahme": 1, "bl-annahme": 1, "sh-annahme": 1, "ar-annahme": 1, "sg-annahme": 1, "gr-annahme": 1, "ag-annahme": 1, "tg-annahme": 1, "ti-annahme": 1, "vd-annahme": 1, "vs-annahme": 1, "ne-annahme": 1, "ge-annahme": 1, "ju-annahme": 1, "gl-annahme": 1, "ai-annahme": 1, "forme": 2.0}