{"ch": 30.910645082459, "zh": 32.87365083533836, "be": 38.472675773687406, "lu": 18.50406245711815, "ur": 0.0, "sz": 16.60921972975075, "nw": 0.0, "zg": 24.06287910475015, "fr": 25.284649260530674, "so": 32.93625317567175, "bs": 46.27444711939938, "bl": 37.424368077469595, "sh": 33.568241377, "ar": 29.651416756, "sg": 22.40630515073589, "gr": 28.256198205519194, "ag": 24.732702110530376, "tg": 24.549267373127034, "ti": 21.693377889846776, "vd": 41.46447327691845, "vs": 18.937302994613628, "ne": 53.95477335524408, "ge": 46.008118736931486, "ju": 34.15796699686337, "gl": 100.0, "ai": 0.0, "annahme": 0, "zh-annahme": 0, "be-annahme": 0, "lu-annahme": 0, "ur-annahme": 0, "sz-annahme": 0, "nw-annahme": 0, "zg-annahme": 0, "fr-annahme": 0, "so-annahme": 0, "bs-annahme": 0, "bl-annahme": 0, "sh-annahme": 0, "ar-annahme": 0, "sg-annahme": 0, "gr-annahme": 0, "ag-annahme": 0, "tg-annahme": 0, "ti-annahme": 0, "vd-annahme": 0, "vs-annahme": 0, "ne-annahme": 1, "ge-annahme": 0, "ju-annahme": 0, "gl-annahme": 1, "ai-annahme": 0, "forme": 3.0}