{"ch": {"per": 30.910645082459}, "zh": {"per": 32.87365083533836}, "be": {"per": 38.472675773687406}, "lu": {"per": 18.50406245711815}, "ur": {"per": 0.0}, "sz": {"per": 16.60921972975075}, "nw": {"per": 0.0}, "zg": {"per": 24.06287910475015}, "fr": {"per": 25.284649260530674}, "so": {"per": 32.93625317567175}, "bs": {"per": 46.27444711939938}, "bl": {"per": 37.424368077469595}, "sh": {"per": 33.568241377}, "ar": {"per": 29.651416756}, "sg": {"per": 22.40630515073589}, "gr": {"per": 28.256198205519194}, "ag": {"per": 24.732702110530376}, "tg": {"per": 24.549267373127034}, "ti": {"per": 21.693377889846776}, "vd": {"per": 41.46447327691845}, "vs": {"per": 18.937302994613628}, "ne": {"per": 53.95477335524408}, "ge": {"per": 46.008118736931486}, "ju": {"per": 34.15796699686337}, "gl": {"per": 100.0}, "ai": {"per": 0.0}, "annahme": 0, "zh-annahme": 0, "be-annahme": 0, "lu-annahme": 0, "ur-annahme": 0, "sz-annahme": 0, "nw-annahme": 0, "zg-annahme": 0, "fr-annahme": 0, "so-annahme": 0, "bs-annahme": 0, "bl-annahme": 0, "sh-annahme": 0, "ar-annahme": 0, "sg-annahme": 0, "gr-annahme": 0, "ag-annahme": 0, "tg-annahme": 0, "ti-annahme": 0, "vd-annahme": 0, "vs-annahme": 0, "ne-annahme": 1, "ge-annahme": 0, "ju-annahme": 0, "gl-annahme": 1, "ai-annahme": 0, "forme": 3.0}