{"ch": 34.16361190461139, "zh": 37.73139490645975, "be": 45.07635167383119, "lu": 19.199839043161578, "ur": 0.0, "sz": 16.60921972975075, "nw": 8.140877598167497, "zg": 24.06287910475015, "fr": 25.588053799470654, "so": 32.93625317567175, "bs": 52.43891918803631, "bl": 46.42005623709218, "sh": 33.568241377, "ar": 29.651416756, "sg": 24.91161687984826, "gr": 28.256198205519194, "ag": 30.837383375447477, "tg": 29.55118229117963, "ti": 21.91134147165897, "vd": 42.000687662811465, "vs": 18.937302994613628, "ne": 55.01137947468776, "ge": 46.008118736931486, "ju": 34.15796699686337, "gl": 100.0, "ai": 0.0}