{"ch": 47.79723748707308, "zh": 51.57692894771062, "be": 46.314396447761304, "lu": 47.174246437702365, "ur": 68.93058161302397, "sz": 59.000831736, "nw": 89.63636363619058, "zg": 57.94733785938216, "fr": 39.493127266148065, "so": 46.4229421821857, "bs": 37.586342186810754, "bl": 46.84435662310058, "sh": 57.656416789999994, "ar": 79.96418048425802, "sg": 48.34568799025117, "gr": 49.68172566195032, "ag": 50.63991395158463, "tg": 53.46350534638905, "ti": 45.93867626253393, "vd": 50.157752138485215, "vs": 30.429878039121718, "ne": 51.73120004951731, "ge": 43.123467099931446, "ju": 24.554134390498223, "gl": 0.0, "ow": 33.58921161843489, "ai": 0.0}