{"ch": {"per": 47.79723748707308}, "zh": {"per": 51.57692894771062}, "be": {"per": 46.314396447761304}, "lu": {"per": 47.174246437702365}, "ur": {"per": 68.93058161302397}, "sz": {"per": 59.000831736}, "nw": {"per": 89.63636363619058}, "zg": {"per": 57.94733785938216}, "fr": {"per": 39.493127266148065}, "so": {"per": 46.4229421821857}, "bs": {"per": 37.586342186810754}, "bl": {"per": 46.84435662310058}, "sh": {"per": 57.656416789999994}, "ar": {"per": 79.96418048425802}, "sg": {"per": 48.34568799025117}, "gr": {"per": 49.68172566195032}, "ag": {"per": 50.63991395158463}, "tg": {"per": 53.46350534638905}, "ti": {"per": 45.93867626253393}, "vd": {"per": 50.157752138485215}, "vs": {"per": 30.429878039121718}, "ne": {"per": 51.73120004951731}, "ge": {"per": 43.123467099931446}, "ju": {"per": 24.554134390498223}, "gl": {"per": 0.0}, "ow": {"per": 33.58921161843489}, "ai": {"per": 0.0}, "annahme": 0, "zh-annahme": 1, "be-annahme": 0, "lu-annahme": 0, "ur-annahme": 1, "sz-annahme": 1, "nw-annahme": 1, "zg-annahme": 1, "fr-annahme": 0, "so-annahme": 0, "bs-annahme": 0, "bl-annahme": 0, "sh-annahme": 1, "ar-annahme": 1, "sg-annahme": 0, "gr-annahme": 0, "ag-annahme": 1, "tg-annahme": 1, "ti-annahme": 0, "vd-annahme": 1, "vs-annahme": 0, "ne-annahme": 1, "ge-annahme": 0, "ju-annahme": 0, "gl-annahme": 0, "ow-annahme": 0, "ai-annahme": 0, "forme": 4.0}