{"ch": 62.54601064181026, "zh": 57.21937592252054, "be": 48.75918422003001, "lu": 77.35696223693067, "ur": 68.93058161302397, "sz": 82.440723731, "nw": 89.63636363619058, "zg": 84.44590852231052, "fr": 68.83940398134449, "so": 67.43749547426975, "bs": 44.285668006891264, "bl": 56.977531582260895, "sh": 60.307840639000005, "ar": 79.96418048425802, "sg": 70.80334195504204, "gr": 73.20853134092678, "ag": 66.47601276570691, "tg": 70.08067383171172, "ti": 70.8371190052298, "vd": 54.62449942999442, "vs": 78.32106200231328, "ne": 51.73120004951731, "ge": 55.149281218198865, "ju": 63.999729778656004, "gl": 0.0, "ow": 100.0, "ai": 100.0, "annahme": 1, "zh-annahme": 1, "be-annahme": 0, "lu-annahme": 1, "ur-annahme": 1, "sz-annahme": 1, "nw-annahme": 1, "zg-annahme": 1, "fr-annahme": 1, "so-annahme": 1, "bs-annahme": 0, "bl-annahme": 1, "sh-annahme": 1, "ar-annahme": 1, "sg-annahme": 1, "gr-annahme": 1, "ag-annahme": 1, "tg-annahme": 1, "ti-annahme": 1, "vd-annahme": 1, "vs-annahme": 1, "ne-annahme": 1, "ge-annahme": 1, "ju-annahme": 1, "gl-annahme": 0, "ow-annahme": 1, "ai-annahme": 1, "forme": 2.0}