{"ch": 30.017643414147862, "zh": 37.74396325842103, "be": 37.93831115253572, "lu": 23.867485874687212, "ur": 31.744840525028973, "sz": 43.649272532, "nw": 10.363636363809428, "zg": 32.065168840501094, "fr": 25.57120005833521, "so": 22.457815131089834, "bs": 20.798433512437345, "bl": 29.47888220324678, "sh": 28.520023415, "ar": 38.592639667265075, "sg": 35.40029364653231, "gr": 35.73407896906427, "ag": 36.53827810093627, "tg": 46.38471846215128, "ti": 15.752076020920239, "vd": 22.570094233130845, "vs": 13.351425743053406, "ne": 22.46695516722467, "ge": 18.611394613301414, "ju": 10.0499909926402, "gl": 0.0, "ow": 33.58921161843489, "ai": 0.0}