{"ch": 63.48369493100787, "zh": 59.361580408718844, "be": 53.03382817552466, "lu": 77.35696223693067, "ur": 68.93058161302397, "sz": 82.440723731, "nw": 89.63636363619058, "zg": 84.44590852231052, "fr": 69.67013626325527, "so": 67.43749547426974, "bs": 45.03651658091767, "bl": 56.9775315822609, "sh": 60.307840639000005, "ar": 79.96418048425804, "sg": 71.93667859399203, "gr": 75.08348693302491, "ag": 66.4760127657069, "tg": 72.03462138005298, "ti": 62.769427054421676, "vd": 56.400518076133636, "vs": 78.32106200231328, "ne": 51.73120004951731, "ge": 55.149281218198865, "ju": 65.78769591086315, "gl": 0.0, "ow": 99.99999999999999, "ai": 100.0}