{"ch": 48.68303084528021, "zh": 45.37706670314741, "be": 46.62915453716709, "lu": 52.464651349482445, "ur": 31.06941838697602, "sz": 40.999168264000005, "nw": 0.0, "zg": 42.052662140617834, "fr": 59.67614045194113, "so": 53.5770578178143, "bs": 60.53905600417922, "bl": 50.4346040275698, "sh": 42.343583210000006, "ar": 20.035819515741974, "sg": 49.752149324915464, "gr": 48.44331874595156, "ag": 47.898613065361054, "tg": 41.60746027834068, "ti": 54.06132373746607, "vd": 38.31098120742423, "vs": 69.57012196087828, "ne": 43.0604870514306, "ge": 48.62002618455482, "ju": 73.65789947729462, "gl": 100.0, "ow": 66.41078838156511, "ai": 100.0}