{"ch": {"per": 63.844610013486694}, "zh": {"per": 59.361580408718844}, "be": {"per": 53.03382817552466}, "lu": {"per": 77.35696223693067}, "ur": {"per": 68.93058161302397}, "sz": {"per": 82.440723731}, "nw": {"per": 89.63636363619058}, "zg": {"per": 84.44590852231052}, "fr": {"per": 69.67013626325527}, "so": {"per": 67.43749547426974}, "bs": {"per": 45.03651658091767}, "bl": {"per": 56.9775315822609}, "sh": {"per": 60.307840639000005}, "ar": {"per": 79.96418048425804}, "sg": {"per": 71.93667859399203}, "gr": {"per": 75.08348693302491}, "ag": {"per": 66.4760127657069}, "tg": {"per": 72.03462138005298}, "ti": {"per": 70.8371190052298}, "vd": {"per": 56.400518076133636}, "vs": {"per": 78.32106200231328}, "ne": {"per": 51.73120004951731}, "ge": {"per": 55.149281218198865}, "ju": {"per": 65.78769591086315}, "gl": {"per": 0.0}, "ow": {"per": 99.99999999999999}, "ai": {"per": 100.0}, "annahme": 1, "zh-annahme": 1, "be-annahme": 1, "lu-annahme": 1, "ur-annahme": 1, "sz-annahme": 1, "nw-annahme": 1, "zg-annahme": 1, "fr-annahme": 1, "so-annahme": 1, "bs-annahme": 0, "bl-annahme": 1, "sh-annahme": 1, "ar-annahme": 1, "sg-annahme": 1, "gr-annahme": 1, "ag-annahme": 1, "tg-annahme": 1, "ti-annahme": 1, "vd-annahme": 1, "vs-annahme": 1, "ne-annahme": 1, "ge-annahme": 1, "ju-annahme": 1, "gl-annahme": 0, "ow-annahme": 1, "ai-annahme": 1, "forme": 2.0}