{"ch": 36.516305068992125, "zh": 40.638419591281156, "be": 46.96617182447534, "lu": 22.643037763069326, "ur": 31.069418386976018, "sz": 17.559276269, "nw": 10.363636363809427, "zg": 15.554091477689484, "fr": 30.32986373674473, "so": 32.56250452573025, "bs": 54.96348341908234, "bl": 43.022468417739105, "sh": 39.69215936100001, "ar": 20.03581951574197, "sg": 28.063321406007976, "gr": 24.91651306697508, "ag": 33.523987234293095, "tg": 27.96537861994702, "ti": 37.23057294557833, "vd": 43.59948192386638, "vs": 21.678937997686713, "ne": 48.26879995048269, "ge": 44.850718781801135, "ju": 34.21230408913685, "gl": 100.0, "ow": 0.0, "ai": 0.0}