{"ch": 71.28095595752858, "zh": 64.39824122777728, "be": 66.33633280295894, "lu": 76.1325141253128, "ur": 68.25515947497104, "sz": 56.350727468, "nw": 89.63636363619058, "zg": 67.93483115949891, "fr": 75.25953222357559, "so": 77.54218486891017, "bs": 79.95241506158905, "bl": 70.52111779675322, "sh": 71.479976585, "ar": 61.40736033273492, "sg": 65.73304299241768, "gr": 66.14087662303386, "ag": 63.46172189906373, "tg": 55.569229086189985, "ti": 84.24792397907976, "vd": 79.20592441300836, "vs": 86.64857425694659, "ne": 77.53304483277532, "ge": 81.38860538669859, "ju": 91.73797513956694, "gl": 100.0, "ow": 66.4107883815651, "ai": 100.0, "annahme": 1, "zh-annahme": 1, "be-annahme": 1, "lu-annahme": 1, "ur-annahme": 1, "sz-annahme": 1, "nw-annahme": 1, "zg-annahme": 1, "fr-annahme": 1, "so-annahme": 1, "bs-annahme": 1, "bl-annahme": 1, "sh-annahme": 1, "ar-annahme": 1, "sg-annahme": 1, "gr-annahme": 1, "ag-annahme": 1, "tg-annahme": 1, "ti-annahme": 1, "vd-annahme": 1, "vs-annahme": 1, "ne-annahme": 1, "ge-annahme": 1, "ju-annahme": 1, "gl-annahme": 1, "ow-annahme": 1, "ai-annahme": 1, "forme": 2.0}