{"ch": 66.83745382440532, "zh": 64.21202930288872, "be": 60.07290347155203, "lu": 78.46997254496465, "ur": 68.93058161302397, "sz": 82.44072373099999, "nw": 100.0, "zg": 84.44590852231052, "fr": 70.49651436213402, "so": 68.63402525937454, "bs": 48.489790569168, "bl": 61.33933071495099, "sh": 60.307840639, "ar": 79.96418048425802, "sg": 74.02902312374191, "gr": 75.08348693302491, "ag": 72.84895022584635, "tg": 77.06762572912385, "ti": 70.8371190052298, "vd": 57.262480989956394, "vs": 78.32106200231328, "ne": 51.731200049517305, "ge": 55.149281218198865, "ju": 65.78769591086315, "gl": 0.0, "ow": 100.00000000000001, "ai": 100.0}