{"ch": {"per": 66.83745382440532}, "zh": {"per": 64.21202930288872}, "be": {"per": 60.07290347155203}, "lu": {"per": 78.46997254496465}, "ur": {"per": 68.93058161302397}, "sz": {"per": 82.44072373099999}, "nw": {"per": 100.0}, "zg": {"per": 84.44590852231052}, "fr": {"per": 70.49651436213402}, "so": {"per": 68.63402525937454}, "bs": {"per": 48.489790569168}, "bl": {"per": 61.33933071495099}, "sh": {"per": 60.307840639}, "ar": {"per": 79.96418048425802}, "sg": {"per": 74.02902312374191}, "gr": {"per": 75.08348693302491}, "ag": {"per": 72.84895022584635}, "tg": {"per": 77.06762572912385}, "ti": {"per": 70.8371190052298}, "vd": {"per": 57.262480989956394}, "vs": {"per": 78.32106200231328}, "ne": {"per": 51.731200049517305}, "ge": {"per": 55.149281218198865}, "ju": {"per": 65.78769591086315}, "gl": {"per": 0.0}, "ow": {"per": 100.00000000000001}, "ai": {"per": 100.0}, "annahme": 1, "zh-annahme": 1, "be-annahme": 1, "lu-annahme": 1, "ur-annahme": 1, "sz-annahme": 1, "nw-annahme": 1, "zg-annahme": 1, "fr-annahme": 1, "so-annahme": 1, "bs-annahme": 0, "bl-annahme": 1, "sh-annahme": 1, "ar-annahme": 1, "sg-annahme": 1, "gr-annahme": 1, "ag-annahme": 1, "tg-annahme": 1, "ti-annahme": 1, "vd-annahme": 1, "vs-annahme": 1, "ne-annahme": 1, "ge-annahme": 1, "ju-annahme": 1, "gl-annahme": 0, "ow-annahme": 1, "ai-annahme": 1, "forme": 1.0}