{"ch": 87.59216491434934, "zh": 83.88350565475312, "be": 77.90410675130325, "lu": 88.76471969399971, "ur": 68.93058161302397, "sz": 100.0, "nw": 89.63636363619057, "zg": 100.0, "fr": 93.68964300279936, "so": 92.81005344937124, "bs": 85.85661887787323, "bl": 81.8844682254068, "sh": 100.0, "ar": 100.0, "sg": 89.42161748220043, "gr": 98.12504440790188, "ag": 88.03935961357149, "tg": 84.32302349109263, "ti": 96.99318717189752, "vd": 84.36894892567587, "vs": 97.40771236038964, "ne": 85.41799458594086, "ge": 87.56153496519741, "ju": 98.21203386779285, "gl": 100.0, "ow": 100.00000000000001, "ai": 100.0, "annahme": 1, "zh-annahme": 1, "be-annahme": 1, "lu-annahme": 1, "ur-annahme": 1, "sz-annahme": 1, "nw-annahme": 1, "zg-annahme": 1, "fr-annahme": 1, "so-annahme": 1, "bs-annahme": 1, "bl-annahme": 1, "sh-annahme": 1, "ar-annahme": 1, "sg-annahme": 1, "gr-annahme": 1, "ag-annahme": 1, "tg-annahme": 1, "ti-annahme": 1, "vd-annahme": 1, "vs-annahme": 1, "ne-annahme": 1, "ge-annahme": 1, "ju-annahme": 1, "gl-annahme": 1, "ow-annahme": 1, "ai-annahme": 1, "forme": 2.0}