{"ch": 62.54601064181026, "zh": 57.21937592252054, "be": 48.75918422003001, "lu": 77.35696223693068, "ur": 68.93058161302397, "sz": 82.44072373099999, "nw": 89.63636363619057, "zg": 84.44590852231052, "fr": 68.83940398134447, "so": 67.43749547426974, "bs": 44.28566800689127, "bl": 56.9775315822609, "sh": 60.307840639, "ar": 79.96418048425802, "sg": 70.80334195504203, "gr": 73.2085313409268, "ag": 66.47601276570691, "tg": 70.0806738317117, "ti": 70.8371190052298, "vd": 54.624499429994444, "vs": 78.32106200231328, "ne": 51.73120004951731, "ge": 55.149281218198865, "ju": 63.999729778656004, "gl": 0.0, "ow": 100.00000000000001, "ai": 100.0}