{"ch": 36.516305068992125, "zh": 40.63841959128115, "be": 46.966171824475346, "lu": 22.643037763069326, "ur": 31.06941838697602, "sz": 17.559276269, "nw": 10.363636363809428, "zg": 15.55409147768948, "fr": 30.329863736744727, "so": 32.562504525730255, "bs": 54.96348341908234, "bl": 43.0224684177391, "sh": 39.69215936100001, "ar": 20.035819515741974, "sg": 28.063321406007976, "gr": 24.916513066975085, "ag": 33.523987234293095, "tg": 27.96537861994702, "ti": 37.230572945578324, "vd": 43.59948192386638, "vs": 21.678937997686717, "ne": 48.26879995048269, "ge": 44.85071878180114, "ju": 34.21230408913685, "gl": 100.0, "ow": 0.0, "ai": 0.0, "annahme": 0, "zh-annahme": 0, "be-annahme": 0, "lu-annahme": 0, "ur-annahme": 0, "sz-annahme": 0, "nw-annahme": 0, "zg-annahme": 0, "fr-annahme": 0, "so-annahme": 0, "bs-annahme": 1, "bl-annahme": 0, "sh-annahme": 0, "ar-annahme": 0, "sg-annahme": 0, "gr-annahme": 0, "ag-annahme": 0, "tg-annahme": 0, "ti-annahme": 0, "vd-annahme": 0, "vs-annahme": 0, "ne-annahme": 0, "ge-annahme": 0, "ju-annahme": 0, "gl-annahme": 1, "ow-annahme": 0, "ai-annahme": 0, "forme": 3.0}