{"ch": {"per": 64.82907393246792}, "zh": {"per": 60.265380271662515}, "be": {"per": 55.815633235101615}, "lu": {"per": 77.71806444974585}, "ur": {"per": 68.93058161302397}, "sz": {"per": 82.44072373099999}, "nw": {"per": 100.0}, "zg": {"per": 84.44590852231052}, "fr": {"per": 69.67013626325526}, "so": {"per": 67.43749547426975}, "bs": {"per": 46.160269815901295}, "bl": {"per": 59.698570931590524}, "sh": {"per": 60.30784063899999}, "ar": {"per": 79.96418048425802}, "sg": {"per": 72.70550463987541}, "gr": {"per": 75.0834869330249}, "ag": {"per": 67.93748574876123}, "tg": {"per": 75.00970820698198}, "ti": {"per": 70.8371190052298}, "vd": {"per": 56.749375662220395}, "vs": {"per": 78.32106200231328}, "ne": {"per": 51.73120004951732}, "ge": {"per": 55.14928121819887}, "ju": {"per": 65.78769591086315}, "gl": {"per": 0.0}, "ow": {"per": 100.00000000000001}, "ai": {"per": 100.0}, "annahme": 1, "zh-annahme": 1, "be-annahme": 1, "lu-annahme": 1, "ur-annahme": 1, "sz-annahme": 1, "nw-annahme": 1, "zg-annahme": 1, "fr-annahme": 1, "so-annahme": 1, "bs-annahme": 0, "bl-annahme": 1, "sh-annahme": 1, "ar-annahme": 1, "sg-annahme": 1, "gr-annahme": 1, "ag-annahme": 1, "tg-annahme": 1, "ti-annahme": 1, "vd-annahme": 1, "vs-annahme": 1, "ne-annahme": 1, "ge-annahme": 1, "ju-annahme": 1, "gl-annahme": 0, "ow-annahme": 1, "ai-annahme": 1, "forme": 2.0}