{"ch": 33.196987956359294, "zh": 35.464519067000445, "be": 38.81640253707743, "lu": 21.452282049475507, "ur": 31.06941838697602, "sz": 17.559276269, "nw": 0.0, "zg": 15.554091477689482, "fr": 29.50348563786597, "so": 31.36597474062546, "bs": 50.93136178600618, "bl": 37.60869726108864, "sh": 39.692159360999995, "ar": 20.035819515741974, "sg": 25.771305241663057, "gr": 24.916513066975085, "ag": 26.75424451708876, "tg": 22.25011622484126, "ti": 37.230572945578324, "vd": 42.58842593287178, "vs": 21.678937997686713, "ne": 48.26879995048268, "ge": 44.85071878180113, "ju": 34.21230408913685, "gl": 100.0, "ow": 0.0, "ai": 0.0, "annahme": 0, "zh-annahme": 0, "be-annahme": 0, "lu-annahme": 0, "ur-annahme": 0, "sz-annahme": 0, "nw-annahme": 0, "zg-annahme": 0, "fr-annahme": 0, "so-annahme": 0, "bs-annahme": 1, "bl-annahme": 0, "sh-annahme": 0, "ar-annahme": 0, "sg-annahme": 0, "gr-annahme": 0, "ag-annahme": 0, "tg-annahme": 0, "ti-annahme": 0, "vd-annahme": 0, "vs-annahme": 0, "ne-annahme": 0, "ge-annahme": 0, "ju-annahme": 0, "gl-annahme": 1, "ow-annahme": 0, "ai-annahme": 0, "forme": 3.0}