{"ch": {"per": 33.196987956359294}, "zh": {"per": 35.464519067000445}, "be": {"per": 38.81640253707743}, "lu": {"per": 21.452282049475507}, "ur": {"per": 31.06941838697602}, "sz": {"per": 17.559276269}, "nw": {"per": 0.0}, "zg": {"per": 15.554091477689482}, "fr": {"per": 29.50348563786597}, "so": {"per": 31.36597474062546}, "bs": {"per": 50.93136178600618}, "bl": {"per": 37.60869726108864}, "sh": {"per": 39.692159360999995}, "ar": {"per": 20.035819515741974}, "sg": {"per": 25.771305241663057}, "gr": {"per": 24.916513066975085}, "ag": {"per": 26.75424451708876}, "tg": {"per": 22.25011622484126}, "ti": {"per": 37.230572945578324}, "vd": {"per": 42.58842593287178}, "vs": {"per": 21.678937997686713}, "ne": {"per": 48.26879995048268}, "ge": {"per": 44.85071878180113}, "ju": {"per": 34.21230408913685}, "gl": {"per": 100.0}, "ow": {"per": 0.0}, "ai": {"per": 0.0}, "annahme": 0, "zh-annahme": 0, "be-annahme": 0, "lu-annahme": 0, "ur-annahme": 0, "sz-annahme": 0, "nw-annahme": 0, "zg-annahme": 0, "fr-annahme": 0, "so-annahme": 0, "bs-annahme": 1, "bl-annahme": 0, "sh-annahme": 0, "ar-annahme": 0, "sg-annahme": 0, "gr-annahme": 0, "ag-annahme": 0, "tg-annahme": 0, "ti-annahme": 0, "vd-annahme": 0, "vs-annahme": 0, "ne-annahme": 0, "ge-annahme": 0, "ju-annahme": 0, "gl-annahme": 1, "ow-annahme": 0, "ai-annahme": 0, "forme": 3.0}