{"ch": {"per": 66.17946320713828}, "zh": {"per": 63.63168107005588}, "be": {"per": 58.40179240334561}, "lu": {"per": 78.1866157377093}, "ur": {"per": 68.93058161302397}, "sz": {"per": 82.44072373099999}, "nw": {"per": 89.63636363619057}, "zg": {"per": 84.44590852231052}, "fr": {"per": 70.49651436213402}, "so": {"per": 68.63402525937454}, "bs": {"per": 47.9448849790102}, "bl": {"per": 59.67026338958173}, "sh": {"per": 60.307840639000005}, "ar": {"per": 79.96418048425802}, "sg": {"per": 73.45986871245356}, "gr": {"per": 75.08348693302491}, "ag": {"per": 71.78428249985691}, "tg": {"per": 74.77479694822973}, "ti": {"per": 70.8371190052298}, "vd": {"per": 57.06271648104144}, "vs": {"per": 78.32106200231328}, "ne": {"per": 51.73120004951731}, "ge": {"per": 55.149281218198865}, "ju": {"per": 65.78769591086315}, "gl": {"per": 0.0}, "ow": {"per": 99.99999999999999}, "ai": {"per": 100.0}, "annahme": 1, "zh-annahme": 1, "be-annahme": 1, "lu-annahme": 1, "ur-annahme": 1, "sz-annahme": 1, "nw-annahme": 1, "zg-annahme": 1, "fr-annahme": 1, "so-annahme": 1, "bs-annahme": 0, "bl-annahme": 1, "sh-annahme": 1, "ar-annahme": 1, "sg-annahme": 1, "gr-annahme": 1, "ag-annahme": 1, "tg-annahme": 1, "ti-annahme": 1, "vd-annahme": 1, "vs-annahme": 1, "ne-annahme": 1, "ge-annahme": 1, "ju-annahme": 1, "gl-annahme": 0, "ow-annahme": 1, "ai-annahme": 1, "forme": 2.0}