{"ch": 31.191957797465793, "zh": 31.07370911814547, "be": 35.304107050942335, "lu": 21.161129435474262, "ur": 0.0, "sz": 17.273905183900002, "zg": 26.08097301507392, "fr": 31.81215664209265, "so": 29.55506345329909, "bs": 48.39511634948138, "bl": 39.28725107986487, "sh": 34.219710002, "ar": 0.0, "sg": 21.49108850857556, "gr": 23.828179814634574, "ag": 27.42644414518981, "tg": 22.587262917691383, "ti": 24.371544326070378, "vd": 44.84016703186478, "vs": 19.17926309276668, "ne": 45.312658712487995, "ge": 43.67421000905303, "ju": 41.51473756110908, "ow": 15.027425761713507, "gl": 61.27926898917112, "ai": 0.0}