{"ch": {"per": 31.191957797465793}, "zh": {"per": 31.07370911814547}, "be": {"per": 35.304107050942335}, "lu": {"per": 21.161129435474262}, "ur": {"per": 0.0}, "sz": {"per": 17.273905183900002}, "zg": {"per": 26.08097301507392}, "fr": {"per": 31.81215664209265}, "so": {"per": 29.55506345329909}, "bs": {"per": 48.39511634948138}, "bl": {"per": 39.28725107986487}, "sh": {"per": 34.219710002}, "ar": {"per": 0.0}, "sg": {"per": 21.49108850857556}, "gr": {"per": 23.828179814634574}, "ag": {"per": 27.42644414518981}, "tg": {"per": 22.587262917691383}, "ti": {"per": 24.371544326070378}, "vd": {"per": 44.84016703186478}, "vs": {"per": 19.17926309276668}, "ne": {"per": 45.312658712487995}, "ge": {"per": 43.67421000905303}, "ju": {"per": 41.51473756110908}, "ow": {"per": 15.027425761713507}, "gl": {"per": 61.27926898917112}, "ai": {"per": 0.0}, "annahme": 0, "zh-annahme": 0, "be-annahme": 0, "lu-annahme": 0, "ur-annahme": 0, "sz-annahme": 0, "zg-annahme": 0, "fr-annahme": 0, "so-annahme": 0, "bs-annahme": 0, "bl-annahme": 0, "sh-annahme": 0, "ar-annahme": 0, "sg-annahme": 0, "gr-annahme": 0, "ag-annahme": 0, "tg-annahme": 0, "ti-annahme": 0, "vd-annahme": 0, "vs-annahme": 0, "ne-annahme": 0, "ge-annahme": 0, "ju-annahme": 0, "ow-annahme": 0, "gl-annahme": 1, "ai-annahme": 0, "forme": 3.0}