{"ch": 65.92600831585645, "zh": 64.80603703082504, "be": 58.135778556311216, "lu": 78.0825960334625, "ur": 100.0, "sz": 81.781244835, "zg": 73.91902698492608, "fr": 67.34627136569475, "so": 68.41087427141046, "bs": 47.6165237621639, "bl": 57.44042031137023, "sh": 65.780289998, "ar": 100.0, "sg": 75.91840700173833, "gr": 76.17182018536543, "ag": 67.61138216234455, "tg": 73.05886051502148, "ti": 75.62845567392962, "vd": 53.88774657760681, "vs": 80.82073690723333, "ne": 53.43365915785159, "ge": 55.09104563957188, "ju": 58.48526243889092, "ow": 84.97257423828648, "gl": 38.72073101082889, "ai": 100.0}