{"ch": {"per": 65.92600831585645}, "zh": {"per": 64.80603703082504}, "be": {"per": 58.135778556311216}, "lu": {"per": 78.0825960334625}, "ur": {"per": 100.0}, "sz": {"per": 81.781244835}, "zg": {"per": 73.91902698492608}, "fr": {"per": 67.34627136569475}, "so": {"per": 68.41087427141046}, "bs": {"per": 47.6165237621639}, "bl": {"per": 57.44042031137023}, "sh": {"per": 65.780289998}, "ar": {"per": 100.0}, "sg": {"per": 75.91840700173833}, "gr": {"per": 76.17182018536543}, "ag": {"per": 67.61138216234455}, "tg": {"per": 73.05886051502148}, "ti": {"per": 75.62845567392962}, "vd": {"per": 53.88774657760681}, "vs": {"per": 80.82073690723333}, "ne": {"per": 53.43365915785159}, "ge": {"per": 55.09104563957188}, "ju": {"per": 58.48526243889092}, "ow": {"per": 84.97257423828648}, "gl": {"per": 38.72073101082889}, "ai": {"per": 100.0}, "annahme": 1, "zh-annahme": 1, "be-annahme": 1, "lu-annahme": 1, "ur-annahme": 1, "sz-annahme": 1, "zg-annahme": 1, "fr-annahme": 1, "so-annahme": 1, "bs-annahme": 0, "bl-annahme": 1, "sh-annahme": 1, "ar-annahme": 1, "sg-annahme": 1, "gr-annahme": 1, "ag-annahme": 1, "tg-annahme": 1, "ti-annahme": 1, "vd-annahme": 1, "vs-annahme": 1, "ne-annahme": 1, "ge-annahme": 1, "ju-annahme": 1, "ow-annahme": 1, "gl-annahme": 0, "ai-annahme": 1, "forme": 2.0}