{"ch": 32.0937531494889, "zh": 37.17810863319604, "be": 39.44026933097405, "lu": 25.525590624230055, "ur": 0.0, "sz": 44.952890804, "zg": 29.093749418970905, "fr": 25.089256169011403, "so": 27.47713134216486, "bs": 19.97824169200778, "bl": 29.81383503678074, "sh": 39.093962481000005, "ar": 0.0, "sg": 37.91548374239587, "gr": 36.47462178267175, "ag": 39.87126702957056, "tg": 47.392629135224176, "ti": 22.974131082117975, "vd": 24.82292435077529, "vs": 17.06926824124187, "ne": 23.614855097538992, "ge": 21.77061398978801, "ju": 15.381180055643602, "ow": 42.774730470920716, "gl": 38.72073101082889, "ai": 0.0}