{"ch": 47.11892933020606, "zh": 50.000498380986194, "be": 53.29182710778832, "lu": 47.557950851103094, "ur": 100.00000000000001, "sz": 61.680787873, "zg": 50.60348514994939, "fr": 40.225167433503216, "so": 48.04874083328829, "bs": 30.81311217097754, "bl": 46.03671305941585, "sh": 65.780289998, "ar": 100.0, "sg": 51.04616892500881, "gr": 55.72550640798156, "ag": 53.44266281660426, "tg": 57.69708841194084, "ti": 37.1510371602543, "vd": 39.683710644543396, "vs": 33.52176266356314, "ne": 36.5568083258318, "ge": 29.77962978081204, "ju": 30.389323806141373, "ow": 42.774730470920716, "gl": 38.72073101082889, "ai": 0.0}