{"ch": 49.61152294339883, "zh": 50.0004983809862, "be": 53.29182710778832, "lu": 47.557950851103094, "ur": 100.0, "sz": 61.680787873, "zg": 50.603485149949385, "fr": 40.22516743350323, "so": 48.0487408332883, "bs": 40.12176284206749, "bl": 46.03671305941586, "sh": 65.780289998, "ar": 100.0, "sg": 51.04616892500882, "gr": 55.72550640798156, "ag": 53.44266281660426, "tg": 57.69708841194084, "ti": 51.309743864196946, "vd": 48.066983025504, "vs": 34.55847601948642, "ne": 50.022659259472206, "ge": 45.06031240965972, "ju": 30.389323806141373, "ow": 42.77473047092073, "gl": 38.72073101082889, "ai": 0.0, "annahme": 0, "zh-annahme": 1, "be-annahme": 1, "lu-annahme": 0, "ur-annahme": 1, "sz-annahme": 1, "zg-annahme": 1, "fr-annahme": 0, "so-annahme": 0, "bs-annahme": 0, "bl-annahme": 0, "sh-annahme": 1, "ar-annahme": 1, "sg-annahme": 1, "gr-annahme": 1, "ag-annahme": 1, "tg-annahme": 1, "ti-annahme": 1, "vd-annahme": 0, "vs-annahme": 0, "ne-annahme": 1, "ge-annahme": 0, "ju-annahme": 0, "ow-annahme": 0, "gl-annahme": 0, "ai-annahme": 0, "forme": 3.0}