{"ch": {"per": 48.94093380382849}, "zh": {"per": 51.400192295061295}, "be": {"per": 50.16827014824118}, "lu": {"per": 43.1934896623473}, "ur": {"per": 100.0}, "sz": {"per": 34.0018022529}, "zg": {"per": 47.59070874605241}, "fr": {"per": 46.94806790658448}, "so": {"per": 50.395762559402385}, "bs": {"per": 59.58986983328467}, "bl": {"per": 55.99600100777602}, "sh": {"per": 60.90603751900001}, "ar": {"per": 100.0}, "sg": {"per": 38.32187457557154}, "gr": {"per": 43.0790644399444}, "ag": {"per": 41.50295561638458}, "tg": {"per": 34.38261752744172}, "ti": {"per": 61.40070248751736}, "vd": {"per": 59.84363418881033}, "vs": {"per": 35.63175751508795}, "ne": {"per": 58.25461194078081}, "ge": {"per": 51.68322580007706}, "ju": {"per": 56.522881311606845}, "ow": {"per": 15.027425761713507}, "gl": {"per": 61.279268989171115}, "ai": {"per": 0.0}, "annahme": 0, "zh-annahme": 1, "be-annahme": 1, "lu-annahme": 0, "ur-annahme": 1, "sz-annahme": 0, "zg-annahme": 0, "fr-annahme": 0, "so-annahme": 1, "bs-annahme": 1, "bl-annahme": 1, "sh-annahme": 1, "ar-annahme": 1, "sg-annahme": 0, "gr-annahme": 0, "ag-annahme": 0, "tg-annahme": 0, "ti-annahme": 1, "vd-annahme": 1, "vs-annahme": 0, "ne-annahme": 1, "ge-annahme": 1, "ju-annahme": 1, "ow-annahme": 0, "gl-annahme": 1, "ai-annahme": 0, "forme": 3.0}