{"ch": {"per": 66.39979033317043}, "zh": {"per": 62.82189136680396}, "be": {"per": 60.559730669025946}, "lu": {"per": 74.47440937576994}, "ur": {"per": 100.0}, "sz": {"per": 55.04710919600001}, "zg": {"per": 70.9062505810291}, "fr": {"per": 74.91074383098861}, "so": {"per": 72.52286865783513}, "bs": {"per": 70.71310763690227}, "bl": {"per": 70.18616496321926}, "sh": {"per": 60.90603751900001}, "ar": {"per": 100.0}, "sg": {"per": 62.08451625760413}, "gr": {"per": 63.52537821732826}, "ag": {"per": 60.12873297042944}, "tg": {"per": 52.607370864775824}, "ti": {"per": 89.73055502813563}, "vd": {"per": 66.79380326826411}, "vs": {"per": 81.89401840283486}, "ne": {"per": 62.91929396882061}, "ge": {"per": 62.9487033813643}, "ju": {"per": 84.6188199443564}, "ow": {"per": 57.22526952907928}, "gl": {"per": 61.279268989171115}, "ai": {"per": 100.0}, "annahme": 1, "zh-annahme": 1, "be-annahme": 1, "lu-annahme": 1, "ur-annahme": 1, "sz-annahme": 1, "zg-annahme": 1, "fr-annahme": 1, "so-annahme": 1, "bs-annahme": 1, "bl-annahme": 1, "sh-annahme": 1, "ar-annahme": 1, "sg-annahme": 1, "gr-annahme": 1, "ag-annahme": 1, "tg-annahme": 1, "ti-annahme": 1, "vd-annahme": 1, "vs-annahme": 1, "ne-annahme": 1, "ge-annahme": 1, "ju-annahme": 1, "ow-annahme": 1, "gl-annahme": 1, "ai-annahme": 1, "forme": 2.0}