{"ch": 66.76574329719173, "zh": 62.589660377001366, "be": 60.55973066902596, "lu": 74.47440937576994, "ur": 100.0, "sz": 55.04710919600001, "zg": 70.9062505810291, "fr": 74.9107438309886, "so": 72.52286865783513, "bs": 80.02175830799223, "bl": 70.18616496321926, "sh": 60.906037518999995, "ar": 100.0, "sg": 62.08451625760412, "gr": 63.52537821732827, "ag": 60.12873297042944, "tg": 52.607370864775824, "ti": 75.74770232844565, "vd": 68.1046531302152, "vs": 82.93073175875813, "ne": 67.03976309396603, "ge": 71.24205925078688, "ju": 84.6188199443564, "ow": 57.225269529079284, "gl": 61.279268989171115, "ai": 100.0}