{"ch": {"per": 66.76574329719173}, "zh": {"per": 62.589660377001366}, "be": {"per": 60.55973066902596}, "lu": {"per": 74.47440937576994}, "ur": {"per": 100.0}, "sz": {"per": 55.04710919600001}, "zg": {"per": 70.9062505810291}, "fr": {"per": 74.9107438309886}, "so": {"per": 72.52286865783513}, "bs": {"per": 80.02175830799223}, "bl": {"per": 70.18616496321926}, "sh": {"per": 60.906037518999995}, "ar": {"per": 100.0}, "sg": {"per": 62.08451625760412}, "gr": {"per": 63.52537821732827}, "ag": {"per": 60.12873297042944}, "tg": {"per": 52.607370864775824}, "ti": {"per": 75.74770232844565}, "vd": {"per": 68.1046531302152}, "vs": {"per": 82.93073175875813}, "ne": {"per": 67.03976309396603}, "ge": {"per": 71.24205925078688}, "ju": {"per": 84.6188199443564}, "ow": {"per": 57.225269529079284}, "gl": {"per": 61.279268989171115}, "ai": {"per": 100.0}, "annahme": 1, "zh-annahme": 1, "be-annahme": 1, "lu-annahme": 1, "ur-annahme": 1, "sz-annahme": 1, "zg-annahme": 1, "fr-annahme": 1, "so-annahme": 1, "bs-annahme": 1, "bl-annahme": 1, "sh-annahme": 1, "ar-annahme": 1, "sg-annahme": 1, "gr-annahme": 1, "ag-annahme": 1, "tg-annahme": 1, "ti-annahme": 1, "vd-annahme": 1, "vs-annahme": 1, "ne-annahme": 1, "ge-annahme": 1, "ju-annahme": 1, "ow-annahme": 1, "gl-annahme": 1, "ai-annahme": 1, "forme": 2.0}