{"ch": {"per": 68.44777046426425}, "zh": {"per": 63.371034460699754}, "be": {"per": 62.12490779902075}, "lu": {"per": 74.47440937576995}, "ur": {"per": 99.99999999999999}, "sz": {"per": 55.047109196}, "zg": {"per": 70.90625058102908}, "fr": {"per": 74.91074383098861}, "so": {"per": 72.90485440183744}, "bs": {"per": 78.7401332606049}, "bl": {"per": 70.98644482851606}, "sh": {"per": 60.906037519}, "ar": {"per": 100.0}, "sg": {"per": 62.7570380513486}, "gr": {"per": 63.52537821732826}, "ag": {"per": 60.82473811749925}, "tg": {"per": 54.53327529500994}, "ti": {"per": 91.18457562182466}, "vd": {"per": 73.18802260107648}, "vs": {"per": 82.75191859519398}, "ne": {"per": 72.71036307362345}, "ge": {"per": 74.30265650700215}, "ju": {"per": 84.6188199443564}, "ow": {"per": 57.22526952907928}, "gl": {"per": 61.27926898917111}, "ai": {"per": 100.0}, "annahme": 1, "zh-annahme": 1, "be-annahme": 1, "lu-annahme": 1, "ur-annahme": 1, "sz-annahme": 1, "zg-annahme": 1, "fr-annahme": 1, "so-annahme": 1, "bs-annahme": 1, "bl-annahme": 1, "sh-annahme": 1, "ar-annahme": 1, "sg-annahme": 1, "gr-annahme": 1, "ag-annahme": 1, "tg-annahme": 1, "ti-annahme": 1, "vd-annahme": 1, "vs-annahme": 1, "ne-annahme": 1, "ge-annahme": 1, "ju-annahme": 1, "ow-annahme": 1, "gl-annahme": 1, "ai-annahme": 1, "forme": 4.0}