{"ch": {"per": 66.89984799833394}, "zh": {"per": 62.735351304291456}, "be": {"per": 60.55973066902595}, "lu": {"per": 74.47440937576994}, "ur": {"per": 100.0}, "sz": {"per": 55.047109196}, "zg": {"per": 70.9062505810291}, "fr": {"per": 74.9107438309886}, "so": {"per": 72.52286865783515}, "bs": {"per": 77.97117162789942}, "bl": {"per": 70.18616496321926}, "sh": {"per": 60.906037518999995}, "ar": {"per": 100.0}, "sg": {"per": 62.08451625760412}, "gr": {"per": 63.52537821732825}, "ag": {"per": 60.12873297042943}, "tg": {"per": 52.60737086477581}, "ti": {"per": 76.72841934916937}, "vd": {"per": 70.63915266509592}, "vs": {"per": 82.75191859519398}, "ne": {"per": 69.40635802791252}, "ge": {"per": 71.9927229208208}, "ju": {"per": 84.6188199443564}, "ow": {"per": 57.22526952907928}, "gl": {"per": 61.27926898917111}, "ai": {"per": 100.0}, "annahme": 1, "zh-annahme": 1, "be-annahme": 1, "lu-annahme": 1, "ur-annahme": 1, "sz-annahme": 1, "zg-annahme": 1, "fr-annahme": 1, "so-annahme": 1, "bs-annahme": 1, "bl-annahme": 1, "sh-annahme": 1, "ar-annahme": 1, "sg-annahme": 1, "gr-annahme": 1, "ag-annahme": 1, "tg-annahme": 1, "ti-annahme": 1, "vd-annahme": 1, "vs-annahme": 1, "ne-annahme": 1, "ge-annahme": 1, "ju-annahme": 1, "ow-annahme": 1, "gl-annahme": 1, "ai-annahme": 1, "forme": 1.0}