{"ch": 66.89984799833394, "zh": 62.735351304291456, "be": 60.55973066902595, "lu": 74.47440937576994, "ur": 100.0, "sz": 55.047109196, "zg": 70.9062505810291, "fr": 74.9107438309886, "so": 72.52286865783515, "bs": 77.97117162789942, "bl": 70.18616496321926, "sh": 60.906037518999995, "ar": 100.0, "sg": 62.08451625760412, "gr": 63.52537821732825, "ag": 60.12873297042943, "tg": 52.60737086477581, "ti": 76.72841934916937, "vd": 70.63915266509592, "vs": 82.75191859519398, "ne": 69.40635802791252, "ge": 71.9927229208208, "ju": 84.6188199443564, "ow": 57.22526952907928, "gl": 61.27926898917111, "ai": 100.0}