{"ch": 82.61046742570142, "zh": 81.70560598890938, "be": 75.66637775046685, "lu": 88.33282018617923, "ur": 100.0, "sz": 95.00904405572014, "zg": 81.2996655724778, "fr": 89.6512107161963, "so": 85.34307173981011, "bs": 70.61946788965648, "bl": 77.61784362137645, "sh": 100.0, "ar": 100.00000000000001, "sg": 89.93888180654459, "gr": 100.0, "ag": 83.90853128406003, "tg": 84.6895411095943, "ti": 92.51268044609607, "vd": 66.41059995024597, "vs": 95.17027649259886, "ne": 66.47131059651949, "ge": 61.28012243689848, "ju": 100.0, "ow": 100.0, "gl": 100.0, "ai": 100.0}