{"ch": 32.95485757377104, "zh": 34.67087122086107, "be": 36.792608537999435, "lu": 21.322385204188738, "ur": 0.0, "sz": 17.438674496585076, "zg": 26.080973015073926, "fr": 32.08215103974247, "so": 29.971149926459354, "bs": 55.198750424800615, "bl": 40.08993170938436, "sh": 34.219710002, "ar": 0.0, "sg": 22.525692053902056, "gr": 23.82817981463457, "ag": 28.506087539829327, "tg": 22.80516130921499, "ti": 24.371544326070374, "vd": 49.42590720255733, "vs": 19.38018000730437, "ne": 53.13368974178115, "ge": 52.314108378690214, "ju": 41.51473756110908, "ow": 15.02742576171351, "gl": 61.27926898917111, "ai": 0.0, "annahme": 0, "zh-annahme": 0, "be-annahme": 0, "lu-annahme": 0, "ur-annahme": 0, "sz-annahme": 0, "zg-annahme": 0, "fr-annahme": 0, "so-annahme": 0, "bs-annahme": 1, "bl-annahme": 0, "sh-annahme": 0, "ar-annahme": 0, "sg-annahme": 0, "gr-annahme": 0, "ag-annahme": 0, "tg-annahme": 0, "ti-annahme": 0, "vd-annahme": 0, "vs-annahme": 0, "ne-annahme": 1, "ge-annahme": 1, "ju-annahme": 0, "ow-annahme": 0, "gl-annahme": 1, "ai-annahme": 0, "forme": 3.0}