{"ch": {"per": 67.21518721837865}, "zh": {"per": 68.54778691559831}, "be": {"per": 63.68328762857309}, "lu": {"per": 78.83887056452575}, "ur": {"per": 100.0}, "sz": {"per": 82.7260948161}, "zg": {"per": 73.91902698492608}, "fr": {"per": 68.18784335790734}, "so": {"per": 70.17584693172105}, "bs": {"per": 46.2407388189856}, "bl": {"per": 60.22687701485909}, "sh": {"per": 65.780289998}, "ar": {"per": 100.0}, "sg": {"per": 77.98092195161304}, "gr": {"per": 76.17182018536542}, "ag": {"per": 72.06844017064913}, "tg": {"per": 75.92184174927495}, "ti": {"per": 61.46974896998697}, "vd": {"per": 50.901053700488134}, "vs": {"per": 80.61981999269562}, "ne": {"per": 47.63609603679176}, "ge": {"per": 48.44834523663846}, "ju": {"per": 58.48526243889093}, "ow": {"per": 84.97257423828648}, "gl": {"per": 38.72073101082889}, "ai": {"per": 100.0}, "annahme": 1, "zh-annahme": 1, "be-annahme": 1, "lu-annahme": 1, "ur-annahme": 1, "sz-annahme": 1, "zg-annahme": 1, "fr-annahme": 1, "so-annahme": 1, "bs-annahme": 0, "bl-annahme": 1, "sh-annahme": 1, "ar-annahme": 1, "sg-annahme": 1, "gr-annahme": 1, "ag-annahme": 1, "tg-annahme": 1, "ti-annahme": 1, "vd-annahme": 1, "vs-annahme": 1, "ne-annahme": 0, "ge-annahme": 0, "ju-annahme": 1, "ow-annahme": 1, "gl-annahme": 0, "ai-annahme": 1, "forme": 2.0}