{"ch": 65.05497074860791, "zh": 64.80603703082502, "be": 58.13577855631122, "lu": 78.0825960334625, "ur": 100.0, "sz": 81.78124483500001, "zg": 73.91902698492608, "fr": 67.34627136569476, "so": 68.41087427141046, "bs": 42.2398314442791, "bl": 57.44042031137024, "sh": 65.780289998, "ar": 100.0, "sg": 75.91840700173834, "gr": 76.17182018536543, "ag": 67.61138216234455, "tg": 73.05886051502146, "ti": 71.60860072084941, "vd": 49.668303353796794, "vs": 80.61981999269562, "ne": 46.18732449031361, "ge": 46.99089209644645, "ju": 58.48526243889093, "ow": 84.9725742382865, "gl": 38.720731010828885, "ai": 100.0, "annahme": 1, "zh-annahme": 1, "be-annahme": 1, "lu-annahme": 1, "ur-annahme": 1, "sz-annahme": 1, "zg-annahme": 1, "fr-annahme": 1, "so-annahme": 1, "bs-annahme": 0, "bl-annahme": 1, "sh-annahme": 1, "ar-annahme": 1, "sg-annahme": 1, "gr-annahme": 1, "ag-annahme": 1, "tg-annahme": 1, "ti-annahme": 1, "vd-annahme": 0, "vs-annahme": 1, "ne-annahme": 0, "ge-annahme": 0, "ju-annahme": 1, "ow-annahme": 1, "gl-annahme": 0, "ai-annahme": 1, "forme": 2.0}