{"ch": 65.05497074860791, "zh": 64.80603703082502, "be": 58.13577855631122, "lu": 78.0825960334625, "ur": 100.0, "sz": 81.78124483500001, "zg": 73.91902698492608, "fr": 67.34627136569476, "so": 68.41087427141046, "bs": 42.2398314442791, "bl": 57.44042031137024, "sh": 65.780289998, "ar": 100.0, "sg": 75.91840700173834, "gr": 76.17182018536543, "ag": 67.61138216234455, "tg": 73.05886051502146, "ti": 71.60860072084941, "vd": 49.668303353796794, "vs": 80.61981999269562, "ne": 46.18732449031361, "ge": 46.99089209644645, "ju": 58.48526243889093, "ow": 84.9725742382865, "gl": 38.720731010828885, "ai": 100.0}