{"ch": 32.71533215962562, "zh": 37.17810863319604, "be": 39.44026933097405, "lu": 25.525590624230055, "ur": 0.0, "sz": 44.952890804000006, "zg": 29.093749418970905, "fr": 25.089256169011403, "so": 27.47713134216486, "bs": 22.02882837210057, "bl": 29.81383503678074, "sh": 39.093962481, "ar": 0.0, "sg": 37.91548374239588, "gr": 36.47462178267174, "ag": 39.87126702957057, "tg": 47.39262913522418, "ti": 22.97413108211797, "vd": 27.094314538272915, "vs": 17.248081404806012, "ne": 27.289636926376545, "ge": 25.697343492997852, "ju": 15.381180055643602, "ow": 42.77473047092072, "gl": 38.72073101082889, "ai": 0.0, "annahme": 0, "zh-annahme": 0, "be-annahme": 0, "lu-annahme": 0, "ur-annahme": 0, "sz-annahme": 0, "zg-annahme": 0, "fr-annahme": 0, "so-annahme": 0, "bs-annahme": 0, "bl-annahme": 0, "sh-annahme": 0, "ar-annahme": 0, "sg-annahme": 0, "gr-annahme": 0, "ag-annahme": 0, "tg-annahme": 0, "ti-annahme": 0, "vd-annahme": 0, "vs-annahme": 0, "ne-annahme": 0, "ge-annahme": 0, "ju-annahme": 0, "ow-annahme": 0, "gl-annahme": 0, "ai-annahme": 0, "forme": 3.0}