{"ch": {"per": 31.40523861589738}, "zh": {"per": 32.32351975014388}, "be": {"per": 34.93547495783547}, "lu": {"per": 20.795785505916836}, "ur": {"per": 22.424190213580427}, "sz": {"per": 21.002743558438905}, "nw": {"per": 19.567901235}, "zg": {"per": 20.790663623512668}, "fr": {"per": 34.77279013582003}, "so": {"per": 27.91199699879829}, "bs": {"per": 50.63629541014548}, "bl": {"per": 42.00666855033197}, "sh": {"per": 36.10309057866366}, "ar": {"per": 6.463216523528034}, "sg": {"per": 24.90433800987548}, "gr": {"per": 17.764454832022356}, "ag": {"per": 29.31292171407203}, "tg": {"per": 22.048205234566147}, "ti": {"per": 31.061401686740297}, "vd": {"per": 45.11632564991488}, "vs": {"per": 19.885427340318312}, "ne": {"per": 46.776760755000005}, "ge": {"per": 46.06108305109829}, "ju": {"per": 41.79094282887463}, "gl": {"per": 28.46653487752914}, "ai": {"per": 21.082042163895196}, "ow": {"per": 0.0}, "annahme": 0, "zh-annahme": 0, "be-annahme": 0, "lu-annahme": 0, "ur-annahme": 0, "sz-annahme": 0, "nw-annahme": 0, "zg-annahme": 0, "fr-annahme": 0, "so-annahme": 0, "bs-annahme": 1, "bl-annahme": 0, "sh-annahme": 0, "ar-annahme": 0, "sg-annahme": 0, "gr-annahme": 0, "ag-annahme": 0, "tg-annahme": 0, "ti-annahme": 0, "vd-annahme": 0, "vs-annahme": 0, "ne-annahme": 0, "ge-annahme": 0, "ju-annahme": 0, "gl-annahme": 0, "ai-annahme": 0, "ow-annahme": 0, "forme": 3.0}