{"ch": 31.40523861589738, "zh": 32.32351975014388, "be": 34.93547495783547, "lu": 20.795785505916836, "ur": 22.424190213580427, "sz": 21.002743558438905, "nw": 19.567901235, "zg": 20.790663623512668, "fr": 34.77279013582003, "so": 27.91199699879829, "bs": 50.63629541014548, "bl": 42.00666855033197, "sh": 36.10309057866366, "ar": 6.463216523528034, "sg": 24.90433800987548, "gr": 17.764454832022356, "ag": 29.31292171407203, "tg": 22.048205234566147, "ti": 31.061401686740297, "vd": 45.11632564991488, "vs": 19.885427340318312, "ne": 46.776760755000005, "ge": 46.06108305109829, "ju": 41.79094282887463, "gl": 28.46653487752914, "ai": 21.082042163895196, "ow": 0.0}