{"ch": 29.33033552638065, "zh": 29.148825862444674, "be": 30.6242318113177, "lu": 20.04672387714497, "ur": 22.424190213580427, "sz": 19.874657055682093, "nw": 19.567901235, "zg": 20.790663623512668, "fr": 34.02233884604826, "so": 26.414800474163073, "bs": 47.82905012099077, "bl": 38.719794295045126, "sh": 36.10309057866366, "ar": 6.463216523528034, "sg": 23.078293489184613, "gr": 17.764454832022356, "ag": 26.05080587894682, "tg": 19.117961449857354, "ti": 31.061401686740297, "vd": 43.96778050181626, "vs": 19.885427340318312, "ne": 46.776760755000005, "ge": 44.90860207193053, "ju": 41.79094282887463, "gl": 28.46653487752914, "ai": 21.082042163895196, "ow": 0.0}