{"ch": 45.507441345406505, "zh": 39.767696445261365, "be": 40.27661650958761, "lu": 48.030277072113485, "ur": 22.424190213580427, "sz": 41.96352681702503, "nw": 19.567901235, "zg": 45.262477929522085, "fr": 57.317809934496246, "so": 46.68891806620508, "bs": 58.546885458955934, "bl": 50.250151779899, "sh": 45.51741346746107, "ar": 17.138547227161123, "sg": 46.44898223146777, "gr": 34.909053958150906, "ag": 41.226319309331664, "tg": 39.90345160501971, "ti": 56.303992323622374, "vd": 51.29355701437701, "vs": 60.34359813285026, "ne": 50.26906769280001, "ge": 57.13217818363388, "ju": 75.03699824677489, "gl": 28.46653487752914, "ai": 100.0, "ow": 0.0}