{"ch": {"per": 45.507441345406505}, "zh": {"per": 39.767696445261365}, "be": {"per": 40.27661650958761}, "lu": {"per": 48.030277072113485}, "ur": {"per": 22.424190213580427}, "sz": {"per": 41.96352681702503}, "nw": {"per": 19.567901235}, "zg": {"per": 45.262477929522085}, "fr": {"per": 57.317809934496246}, "so": {"per": 46.68891806620508}, "bs": {"per": 58.546885458955934}, "bl": {"per": 50.250151779899}, "sh": {"per": 45.51741346746107}, "ar": {"per": 17.138547227161123}, "sg": {"per": 46.44898223146777}, "gr": {"per": 34.909053958150906}, "ag": {"per": 41.226319309331664}, "tg": {"per": 39.90345160501971}, "ti": {"per": 56.303992323622374}, "vd": {"per": 51.29355701437701}, "vs": {"per": 60.34359813285026}, "ne": {"per": 50.26906769280001}, "ge": {"per": 57.13217818363388}, "ju": {"per": 75.03699824677489}, "gl": {"per": 28.46653487752914}, "ai": {"per": 100.0}, "ow": {"per": 0.0}, "annahme": 0, "zh-annahme": 0, "be-annahme": 0, "lu-annahme": 0, "ur-annahme": 0, "sz-annahme": 0, "nw-annahme": 0, "zg-annahme": 0, "fr-annahme": 1, "so-annahme": 0, "bs-annahme": 1, "bl-annahme": 1, "sh-annahme": 0, "ar-annahme": 0, "sg-annahme": 0, "gr-annahme": 0, "ag-annahme": 0, "tg-annahme": 0, "ti-annahme": 1, "vd-annahme": 1, "vs-annahme": 1, "ne-annahme": 1, "ge-annahme": 1, "ju-annahme": 1, "gl-annahme": 0, "ai-annahme": 1, "ow-annahme": 0, "forme": 2.0}