{"ch": 47.256538627227, "zh": 47.74583262156232, "be": 49.7377564556594, "lu": 44.631110163727556, "ur": 77.57580978641957, "sz": 56.50797013766979, "nw": 80.432098765, "zg": 47.89630076210526, "fr": 38.37200662730675, "so": 46.31627109542731, "bs": 33.82211588462511, "bl": 41.000733232491505, "sh": 58.43581791595528, "ar": 82.86145277283887, "sg": 46.78438945716008, "gr": 46.38119935423772, "ag": 51.1837626207891, "tg": 56.19199651712867, "ti": 43.69600767637763, "vd": 43.8830199196764, "vs": 39.2676560554674, "ne": 48.97312660086317, "ge": 39.278028108883355, "ju": 24.96300175322511, "gl": 0.0, "ai": 0.0, "ow": 100.0}