{"ch": 30.029146546978172, "zh": 33.637572343717494, "be": 34.0845236349371, "lu": 25.427757098592938, "ur": 0.0, "sz": 38.736887406753645, "nw": 45.230078563000006, "zg": 28.522458119643343, "fr": 23.827738310227925, "so": 25.401764481410034, "bs": 19.14322224660981, "bl": 27.621723758089516, "sh": 45.5922717710313, "ar": 30.81921559477451, "sg": 32.74732769653626, "gr": 24.99373369905006, "ag": 36.755034762166645, "tg": 42.15647736252648, "ti": 13.819548256344643, "vd": 30.266050629486994, "vs": 19.955297487357313, "ne": 31.786992906000005, "ge": 25.497744942691742, "ju": 15.466405591953603, "gl": 0.0, "ai": 0.0, "ow": 100.0}