{"ch": {"per": 30.029146546978172}, "zh": {"per": 33.637572343717494}, "be": {"per": 34.0845236349371}, "lu": {"per": 25.427757098592938}, "ur": {"per": 0.0}, "sz": {"per": 38.736887406753645}, "nw": {"per": 45.230078563000006}, "zg": {"per": 28.522458119643343}, "fr": {"per": 23.827738310227925}, "so": {"per": 25.401764481410034}, "bs": {"per": 19.14322224660981}, "bl": {"per": 27.621723758089516}, "sh": {"per": 45.5922717710313}, "ar": {"per": 30.81921559477451}, "sg": {"per": 32.74732769653626}, "gr": {"per": 24.99373369905006}, "ag": {"per": 36.755034762166645}, "tg": {"per": 42.15647736252648}, "ti": {"per": 13.819548256344643}, "vd": {"per": 30.266050629486994}, "vs": {"per": 19.955297487357313}, "ne": {"per": 31.786992906000005}, "ge": {"per": 25.497744942691742}, "ju": {"per": 15.466405591953603}, "gl": {"per": 0.0}, "ai": {"per": 0.0}, "ow": {"per": 100.0}, "annahme": 0, "zh-annahme": 0, "be-annahme": 0, "lu-annahme": 0, "ur-annahme": 0, "sz-annahme": 0, "nw-annahme": 0, "zg-annahme": 0, "fr-annahme": 0, "so-annahme": 0, "bs-annahme": 0, "bl-annahme": 0, "sh-annahme": 0, "ar-annahme": 0, "sg-annahme": 0, "gr-annahme": 0, "ag-annahme": 0, "tg-annahme": 0, "ti-annahme": 0, "vd-annahme": 0, "vs-annahme": 0, "ne-annahme": 0, "ge-annahme": 0, "ju-annahme": 0, "gl-annahme": 0, "ai-annahme": 0, "ow-annahme": 1, "forme": 3.0}