{"ch": {"per": 39.606167652900616}, "zh": {"per": 35.363920269601564}, "be": {"per": 23.099824449851877}, "lu": {"per": 57.359620990141885}, "ur": {"per": 77.57580978641957}, "sz": {"per": 39.41397437047653}, "nw": {"per": 43.76613409635177}, "zg": {"per": 59.969633049166696}, "fr": {"per": 42.37366650614188}, "so": {"per": 47.35063479195559}, "bs": {"per": 35.94996105673474}, "bl": {"per": 32.38684295046559}, "sh": {"per": 18.304637650305043}, "ar": {"per": 67.05123433870621}, "sg": {"per": 43.14245838108611}, "gr": {"per": 37.59896697003439}, "ag": {"per": 33.86265082872435}, "tg": {"per": 36.322903221126}, "ti": {"per": 61.944021593167186}, "vd": {"per": 33.36809685775028}, "vs": {"per": 62.69121140771081}, "ne": {"per": 34.35576010880154}, "ge": {"per": 43.91462452958939}, "ju": {"per": 48.006648766119504}, "gl": {"per": 0.0}, "ai": {"per": 78.9179578361048}, "ow": {"per": 0.0}, "annahme": 0, "zh-annahme": 0, "be-annahme": 0, "lu-annahme": 1, "ur-annahme": 1, "sz-annahme": 0, "nw-annahme": 0, "zg-annahme": 1, "fr-annahme": 0, "so-annahme": 0, "bs-annahme": 0, "bl-annahme": 0, "sh-annahme": 0, "ar-annahme": 1, "sg-annahme": 0, "gr-annahme": 0, "ag-annahme": 0, "tg-annahme": 0, "ti-annahme": 1, "vd-annahme": 0, "vs-annahme": 1, "ne-annahme": 0, "ge-annahme": 0, "ju-annahme": 0, "gl-annahme": 0, "ai-annahme": 1, "ow-annahme": 0, "forme": 2.0}