{"ch": 56.72265273557494, "zh": 57.1021652038623, "be": 61.11398633465795, "lu": 56.32765897745416, "ur": 22.424190213580435, "sz": 45.47797084307649, "nw": 19.567901235000004, "zg": 52.10369923789474, "fr": 63.1698378271263, "so": 56.249874396394645, "bs": 67.60106285888982, "bl": 61.60356868115358, "sh": 45.51741346746106, "ar": 17.138547227161126, "sg": 56.212032126218936, "gr": 63.61345391736387, "ag": 53.186575049399835, "tg": 50.07643414585023, "ti": 56.303992323622374, "vd": 57.69462017898354, "vs": 60.983694968298245, "ne": 51.754178686, "ge": 60.721971891116645, "ju": 75.0369982467749, "gl": 100.0, "ai": 100.0, "ow": 0.0}