{"ch": 28.907472628962, "zh": 33.09956349429987, "be": 33.15110759711957, "lu": 25.21399535924073, "ur": 0.0, "sz": 38.736887406753645, "nw": 45.230078563000006, "zg": 28.522458119643346, "fr": 23.827738310227925, "so": 25.401764481410034, "bs": 19.14322224660981, "bl": 26.94610292389222, "sh": 45.5922717710313, "ar": 30.819215594774516, "sg": 32.74732769653627, "gr": 24.993733699050065, "ag": 36.37091594965845, "tg": 42.156477362526466, "ti": 12.274925328627674, "vd": 25.934444767865383, "vs": 19.95529748735731, "ne": 21.385865809000002, "ge": 18.153160927450646, "ju": 15.466405591953599, "gl": 0.0, "ai": 0.0, "ow": 99.99999999999999}