{"ch": {"per": 32.105720943015626}, "zh": {"per": 34.40378023189207}, "be": {"per": 37.922106520215586}, "lu": {"per": 20.795785505916836}, "ur": {"per": 22.424190213580435}, "sz": {"per": 21.002743558438898}, "nw": {"per": 19.567901235000004}, "zg": {"per": 20.790663623512668}, "fr": {"per": 35.53397775594202}, "so": {"per": 28.40905284727675}, "bs": {"per": 51.211537291684884}, "bl": {"per": 42.00666855033197}, "sh": {"per": 40.056321962080006}, "ar": {"per": 6.463216523528033}, "sg": {"per": 26.12789426056936}, "gr": {"per": 18.27219456031728}, "ag": {"per": 30.49930652894621}, "tg": {"per": 25.53038400997659}, "ti": {"per": 29.979854464782534}, "vd": {"per": 43.924508829791925}, "vs": {"per": 19.88542734031831}, "ne": {"per": 40.598316116521204}, "ge": {"per": 41.78546782653888}, "ju": {"per": 41.79094282887463}, "gl": {"per": 28.466534877529135}, "ai": {"per": 21.082042163895192}, "ow": {"per": 0.0}, "annahme": 0, "zh-annahme": 0, "be-annahme": 0, "lu-annahme": 0, "ur-annahme": 0, "sz-annahme": 0, "nw-annahme": 0, "zg-annahme": 0, "fr-annahme": 0, "so-annahme": 0, "bs-annahme": 1, "bl-annahme": 0, "sh-annahme": 0, "ar-annahme": 0, "sg-annahme": 0, "gr-annahme": 0, "ag-annahme": 0, "tg-annahme": 0, "ti-annahme": 0, "vd-annahme": 0, "vs-annahme": 0, "ne-annahme": 0, "ge-annahme": 0, "ju-annahme": 0, "gl-annahme": 0, "ai-annahme": 0, "ow-annahme": 0, "forme": 3.0}