{"ch": 70.76460153158976, "zh": 66.72139466402984, "be": 66.53653909195594, "lu": 74.73199130587504, "ur": 100.0, "sz": 61.26311259324635, "nw": 54.769921437, "zg": 71.47754188035665, "fr": 76.17226168977207, "so": 74.59823551858996, "bs": 80.85677775339019, "bl": 72.87060523286941, "sh": 54.4077282289687, "ar": 69.1807844052255, "sg": 67.25267230346374, "gr": 75.00626630094993, "ag": 63.488837807695525, "tg": 57.84352263747353, "ti": 87.53249878915625, "vd": 72.89131379131041, "vs": 80.0447025126427, "ne": 76.13154594907417, "ge": 80.40787930795466, "ju": 84.5335944080464, "gl": 100.00000000000001, "ai": 100.0, "ow": 0.0}