{"ch": 54.89597423849186, "zh": 54.61574322573506, "be": 57.511032135699075, "lu": 56.23410423742902, "ur": 22.424190213580435, "sz": 45.4779708430765, "nw": 19.567901235000004, "zg": 52.10369923789474, "fr": 62.408650207004314, "so": 55.75281854791618, "bs": 67.02582097735042, "bl": 61.34238981272558, "sh": 41.56418208404472, "ar": 17.138547227161123, "sg": 54.98847587552505, "gr": 63.10571418906895, "ag": 51.815102980285225, "tg": 46.594255370439775, "ti": 55.618464957686044, "vd": 54.54161669835284, "vs": 60.98369496829825, "ne": 46.153539937683064, "ge": 57.60849196840874, "ju": 75.0369982467749, "gl": 100.0, "ai": 100.0, "ow": 0.0}