{"ch": 32.72599702003832, "zh": 34.56577041058317, "be": 38.14183031644582, "lu": 20.795785505916843, "ur": 22.424190213580435, "sz": 21.002743558438898, "nw": 19.567901235000004, "zg": 20.79066362351267, "fr": 35.53397775594202, "so": 28.40905284727675, "bs": 51.21153729168488, "bl": 42.00666855033197, "sh": 40.056321962080006, "ar": 6.463216523528034, "sg": 26.127894260569363, "gr": 18.272194560317278, "ag": 30.499306528946207, "tg": 25.53038400997659, "ti": 31.061401686740293, "vd": 46.30025113485301, "vs": 19.885427340318312, "ne": 46.776760755000005, "ge": 46.0610830510983, "ju": 41.79094282887463, "gl": 28.46653487752914, "ai": 21.082042163895192, "ow": 0.0}