{"ch": {"per": 70.82599627544862}, "zh": {"per": 66.8184946193406}, "be": {"per": 66.73113775142954}, "lu": {"per": 74.78600464075927}, "ur": {"per": 100.0}, "sz": {"per": 61.26311259324635}, "nw": {"per": 54.769921436999994}, "zg": {"per": 71.47754188035665}, "fr": {"per": 76.17226168977209}, "so": {"per": 74.59823551858997}, "bs": {"per": 80.8567777533902}, "bl": {"per": 73.05389707610779}, "sh": {"per": 54.40772822896871}, "ar": {"per": 69.18078440522548}, "sg": {"per": 67.25267230346374}, "gr": {"per": 75.00626630094993}, "ag": {"per": 63.62908405034155}, "tg": {"per": 57.843522637473534}, "ti": {"per": 87.53249878915625}, "vd": {"per": 72.91818380311707}, "vs": {"per": 80.04470251264269}, "ne": {"per": 76.13154594907417}, "ge": {"per": 80.40787930795466}, "ju": {"per": 84.5335944080464}, "gl": {"per": 100.0}, "ai": {"per": 100.0}, "ow": {"per": 0.0}, "annahme": 1, "zh-annahme": 1, "be-annahme": 1, "lu-annahme": 1, "ur-annahme": 1, "sz-annahme": 1, "nw-annahme": 1, "zg-annahme": 1, "fr-annahme": 1, "so-annahme": 1, "bs-annahme": 1, "bl-annahme": 1, "sh-annahme": 1, "ar-annahme": 1, "sg-annahme": 1, "gr-annahme": 1, "ag-annahme": 1, "tg-annahme": 1, "ti-annahme": 1, "vd-annahme": 1, "vs-annahme": 1, "ne-annahme": 1, "ge-annahme": 1, "ju-annahme": 1, "gl-annahme": 1, "ai-annahme": 1, "ow-annahme": 0, "forme": 2.0}