{"ch": 67.54532007498108, "zh": 65.43422958941684, "be": 61.85816968355418, "lu": 79.20421449408316, "ur": 77.57580978641957, "sz": 78.9972564415611, "nw": 80.43209876499999, "zg": 79.20933637648733, "fr": 64.46602224405798, "so": 71.59094715272325, "bs": 48.788462708315116, "bl": 57.99333144966803, "sh": 59.94367803791999, "ar": 93.53678347647197, "sg": 73.87210573943064, "gr": 81.72780543968273, "ag": 69.50069347105378, "tg": 74.46961599002341, "ti": 74.57767125696824, "vd": 53.699748865146994, "vs": 80.11457265968168, "ne": 53.223239244999995, "ge": 53.938916948901706, "ju": 58.20905717112537, "gl": 71.53346512247086, "ai": 78.91795783610482, "ow": 100.0, "annahme": 1, "zh-annahme": 1, "be-annahme": 1, "lu-annahme": 1, "ur-annahme": 1, "sz-annahme": 1, "nw-annahme": 1, "zg-annahme": 1, "fr-annahme": 1, "so-annahme": 1, "bs-annahme": 0, "bl-annahme": 1, "sh-annahme": 1, "ar-annahme": 1, "sg-annahme": 1, "gr-annahme": 1, "ag-annahme": 1, "tg-annahme": 1, "ti-annahme": 1, "vd-annahme": 1, "vs-annahme": 1, "ne-annahme": 1, "ge-annahme": 1, "ju-annahme": 1, "gl-annahme": 1, "ai-annahme": 1, "ow-annahme": 1, "forme": 2.0}