{"ch": {"per": 67.54532007498108}, "zh": {"per": 65.43422958941684}, "be": {"per": 61.85816968355418}, "lu": {"per": 79.20421449408316}, "ur": {"per": 77.57580978641957}, "sz": {"per": 78.9972564415611}, "nw": {"per": 80.43209876499999}, "zg": {"per": 79.20933637648733}, "fr": {"per": 64.46602224405798}, "so": {"per": 71.59094715272325}, "bs": {"per": 48.788462708315116}, "bl": {"per": 57.99333144966803}, "sh": {"per": 59.94367803791999}, "ar": {"per": 93.53678347647197}, "sg": {"per": 73.87210573943064}, "gr": {"per": 81.72780543968273}, "ag": {"per": 69.50069347105378}, "tg": {"per": 74.46961599002341}, "ti": {"per": 74.57767125696824}, "vd": {"per": 53.699748865146994}, "vs": {"per": 80.11457265968168}, "ne": {"per": 53.223239244999995}, "ge": {"per": 53.938916948901706}, "ju": {"per": 58.20905717112537}, "gl": {"per": 71.53346512247086}, "ai": {"per": 78.91795783610482}, "ow": {"per": 100.0}, "annahme": 1, "zh-annahme": 1, "be-annahme": 1, "lu-annahme": 1, "ur-annahme": 1, "sz-annahme": 1, "nw-annahme": 1, "zg-annahme": 1, "fr-annahme": 1, "so-annahme": 1, "bs-annahme": 0, "bl-annahme": 1, "sh-annahme": 1, "ar-annahme": 1, "sg-annahme": 1, "gr-annahme": 1, "ag-annahme": 1, "tg-annahme": 1, "ti-annahme": 1, "vd-annahme": 1, "vs-annahme": 1, "ne-annahme": 1, "ge-annahme": 1, "ju-annahme": 1, "gl-annahme": 1, "ai-annahme": 1, "ow-annahme": 1, "forme": 2.0}