{"ch": 29.330335526380654, "zh": 29.148825862444667, "be": 30.6242318113177, "lu": 20.04672387714497, "ur": 22.424190213580435, "sz": 19.874657055682096, "nw": 19.567901235000004, "zg": 20.790663623512668, "fr": 34.02233884604826, "so": 26.414800474163073, "bs": 47.82905012099078, "bl": 38.719794295045126, "sh": 36.10309057866366, "ar": 6.463216523528033, "sg": 23.078293489184606, "gr": 17.76445483202236, "ag": 26.050805878946818, "tg": 19.117961449857354, "ti": 31.061401686740297, "vd": 43.967780501816264, "vs": 19.88542734031832, "ne": 46.776760755000005, "ge": 44.90860207193054, "ju": 41.790942828874634, "gl": 28.46653487752914, "ai": 21.082042163895196, "ow": 0.0, "annahme": 0, "zh-annahme": 0, "be-annahme": 0, "lu-annahme": 0, "ur-annahme": 0, "sz-annahme": 0, "nw-annahme": 0, "zg-annahme": 0, "fr-annahme": 0, "so-annahme": 0, "bs-annahme": 0, "bl-annahme": 0, "sh-annahme": 0, "ar-annahme": 0, "sg-annahme": 0, "gr-annahme": 0, "ag-annahme": 0, "tg-annahme": 0, "ti-annahme": 0, "vd-annahme": 0, "vs-annahme": 0, "ne-annahme": 0, "ge-annahme": 0, "ju-annahme": 0, "gl-annahme": 0, "ai-annahme": 0, "ow-annahme": 0, "forme": 3.0}