{"ch": 45.421304166550215, "zh": 32.41508209734081, "be": 38.60244170178572, "lu": 54.916199691069544, "ur": 100.0, "sz": 49.25291918414928, "nw": 35.20202020200001, "zg": 46.305190198144594, "fr": 53.75685517913497, "so": 53.026449748494116, "bs": 39.36272854476205, "bl": 38.822369226494025, "sh": 28.64714086498961, "ar": 62.717567881697455, "sg": 45.851908676047366, "gr": 58.05141377866544, "ag": 38.95548833444647, "tg": 38.1160807201345, "ti": 73.14935279509115, "vd": 35.84246859925146, "vs": 70.63074522412163, "ne": 49.07396590021978, "ge": 46.98442924322578, "ju": 61.78987558466386, "gl": 100.0, "ai": 100.0, "ow": 0.0, "annahme": 0, "zh-annahme": 0, "be-annahme": 0, "lu-annahme": 1, "ur-annahme": 1, "sz-annahme": 0, "nw-annahme": 0, "zg-annahme": 0, "fr-annahme": 1, "so-annahme": 1, "bs-annahme": 0, "bl-annahme": 0, "sh-annahme": 0, "ar-annahme": 1, "sg-annahme": 0, "gr-annahme": 1, "ag-annahme": 0, "tg-annahme": 0, "ti-annahme": 1, "vd-annahme": 0, "vs-annahme": 1, "ne-annahme": 0, "ge-annahme": 0, "ju-annahme": 1, "gl-annahme": 1, "ai-annahme": 1, "ow-annahme": 0, "forme": 2.0}