{"ch": {"per": 31.046979153945028}, "zh": {"per": 36.38014483885136}, "be": {"per": 37.680698143180145}, "lu": {"per": 26.018674960163835}, "ur": {"per": 0.0}, "sz": {"per": 39.864973909510454}, "nw": {"per": 45.230078563000006}, "zg": {"per": 28.522458119643336}, "fr": {"per": 24.57818959999969}, "so": {"per": 26.898961006045255}, "bs": {"per": 21.950467535764513}, "bl": {"per": 30.438626884051295}, "sh": {"per": 45.5922717710313}, "ar": {"per": 30.81921559477451}, "sg": {"per": 34.57337221722713}, "gr": {"per": 24.993733699050065}, "ag": {"per": 39.785856745259764}, "tg": {"per": 45.08672114723526}, "ti": {"per": 12.274925328627676}, "vd": {"per": 27.10872156338664}, "vs": {"per": 19.95529748735731}, "ne": {"per": 21.385865809}, "ge": {"per": 19.30564190661841}, "ju": {"per": 15.4664055919536}, "gl": {"per": 0.0}, "ai": {"per": 0.0}, "ow": {"per": 100.0}, "annahme": 0, "zh-annahme": 0, "be-annahme": 0, "lu-annahme": 0, "ur-annahme": 0, "sz-annahme": 0, "nw-annahme": 0, "zg-annahme": 0, "fr-annahme": 0, "so-annahme": 0, "bs-annahme": 0, "bl-annahme": 0, "sh-annahme": 0, "ar-annahme": 0, "sg-annahme": 0, "gr-annahme": 0, "ag-annahme": 0, "tg-annahme": 0, "ti-annahme": 0, "vd-annahme": 0, "vs-annahme": 0, "ne-annahme": 0, "ge-annahme": 0, "ju-annahme": 0, "gl-annahme": 0, "ai-annahme": 0, "ow-annahme": 1, "forme": 3.0}