{"ch": 29.115555467379114, "zh": 33.39062186507138, "be": 33.73057509719912, "lu": 25.427757098592938, "ur": 0.0, "sz": 38.736887406753645, "nw": 45.230078563000006, "zg": 28.522458119643336, "fr": 23.82773831022792, "so": 25.40176448141003, "bs": 19.143222246609806, "bl": 27.62172375808951, "sh": 45.5922717710313, "ar": 30.81921559477451, "sg": 32.74732769653627, "gr": 24.993733699050065, "ag": 36.75503476216664, "tg": 42.156477362526466, "ti": 12.274925328627676, "vd": 26.029364948304295, "vs": 19.95529748735731, "ne": 21.385865809, "ge": 18.153160927450646, "ju": 15.4664055919536, "gl": 0.0, "ai": 0.0, "ow": 100.0, "annahme": 0, "zh-annahme": 0, "be-annahme": 0, "lu-annahme": 0, "ur-annahme": 0, "sz-annahme": 0, "nw-annahme": 0, "zg-annahme": 0, "fr-annahme": 0, "so-annahme": 0, "bs-annahme": 0, "bl-annahme": 0, "sh-annahme": 0, "ar-annahme": 0, "sg-annahme": 0, "gr-annahme": 0, "ag-annahme": 0, "tg-annahme": 0, "ti-annahme": 0, "vd-annahme": 0, "vs-annahme": 0, "ne-annahme": 0, "ge-annahme": 0, "ju-annahme": 0, "gl-annahme": 0, "ai-annahme": 0, "ow-annahme": 1, "forme": 3.0}