{"ch": {"per": 29.115555467379114}, "zh": {"per": 33.39062186507138}, "be": {"per": 33.73057509719912}, "lu": {"per": 25.427757098592938}, "ur": {"per": 0.0}, "sz": {"per": 38.736887406753645}, "nw": {"per": 45.230078563000006}, "zg": {"per": 28.522458119643336}, "fr": {"per": 23.82773831022792}, "so": {"per": 25.40176448141003}, "bs": {"per": 19.143222246609806}, "bl": {"per": 27.62172375808951}, "sh": {"per": 45.5922717710313}, "ar": {"per": 30.81921559477451}, "sg": {"per": 32.74732769653627}, "gr": {"per": 24.993733699050065}, "ag": {"per": 36.75503476216664}, "tg": {"per": 42.156477362526466}, "ti": {"per": 12.274925328627676}, "vd": {"per": 26.029364948304295}, "vs": {"per": 19.95529748735731}, "ne": {"per": 21.385865809}, "ge": {"per": 18.153160927450646}, "ju": {"per": 15.4664055919536}, "gl": {"per": 0.0}, "ai": {"per": 0.0}, "ow": {"per": 100.0}, "annahme": 0, "zh-annahme": 0, "be-annahme": 0, "lu-annahme": 0, "ur-annahme": 0, "sz-annahme": 0, "nw-annahme": 0, "zg-annahme": 0, "fr-annahme": 0, "so-annahme": 0, "bs-annahme": 0, "bl-annahme": 0, "sh-annahme": 0, "ar-annahme": 0, "sg-annahme": 0, "gr-annahme": 0, "ag-annahme": 0, "tg-annahme": 0, "ti-annahme": 0, "vd-annahme": 0, "vs-annahme": 0, "ne-annahme": 0, "ge-annahme": 0, "ju-annahme": 0, "gl-annahme": 0, "ai-annahme": 0, "ow-annahme": 1, "forme": 3.0}