{"ch": {"per": 35.282123538097345}, "zh": {"per": 38.84816029704032}, "be": {"per": 49.10197094719646}, "lu": {"per": 27.575965237858384}, "ur": {"per": 0.0}, "sz": {"per": 42.25133143280512}, "nw": {"per": 45.230078563000006}, "zg": {"per": 28.522458119643343}, "fr": {"per": 25.862181913590423}, "so": {"per": 29.869070666487982}, "bs": {"per": 21.650270785110596}, "bl": {"per": 33.97356605046411}, "sh": {"per": 45.5922717710313}, "ar": {"per": 30.819215594774512}, "sg": {"per": 36.536765483917314}, "gr": {"per": 45.44795583084552}, "ag": {"per": 42.97566547058887}, "tg": {"per": 47.11492707114135}, "ti": {"per": 28.201060924605066}, "vd": {"per": 26.926556195493905}, "vs": {"per": 20.595394322805305}, "ne": {"per": 22.8709768022}, "ge": {"per": 18.153160927450646}, "ju": {"per": 15.466405591953597}, "gl": {"per": 71.53346512247086}, "ai": {"per": 0.0}, "ow": {"per": 100.0}, "annahme": 0, "zh-annahme": 0, "be-annahme": 0, "lu-annahme": 0, "ur-annahme": 0, "sz-annahme": 0, "nw-annahme": 0, "zg-annahme": 0, "fr-annahme": 0, "so-annahme": 0, "bs-annahme": 0, "bl-annahme": 0, "sh-annahme": 0, "ar-annahme": 0, "sg-annahme": 0, "gr-annahme": 0, "ag-annahme": 0, "tg-annahme": 0, "ti-annahme": 0, "vd-annahme": 0, "vs-annahme": 0, "ne-annahme": 0, "ge-annahme": 0, "ju-annahme": 0, "gl-annahme": 1, "ai-annahme": 0, "ow-annahme": 1, "forme": 3.0}