{"ch": {"per": 29.08717039298259}, "zh": {"per": 29.14882586244467}, "be": {"per": 30.6242318113177}, "lu": {"per": 20.046723877144974}, "ur": {"per": 22.42419021358043}, "sz": {"per": 19.874657055682093}, "nw": {"per": 19.567901235}, "zg": {"per": 20.790663623512668}, "fr": {"per": 34.022338846048264}, "so": {"per": 26.414800474163073}, "bs": {"per": 47.82905012099078}, "bl": {"per": 38.71979429504511}, "sh": {"per": 36.10309057866366}, "ar": {"per": 6.463216523528035}, "sg": {"per": 23.078293489184606}, "gr": {"per": 17.764454832022356}, "ag": {"per": 26.050805878946818}, "tg": {"per": 19.117961449857354}, "ti": {"per": 25.42232874303176}, "vd": {"per": 43.96778050181625}, "vs": {"per": 19.885427340318316}, "ne": {"per": 46.776760755000005}, "ge": {"per": 44.908602071930524}, "ju": {"per": 41.79094282887462}, "gl": {"per": 28.466534877529146}, "ai": {"per": 21.082042163895196}, "ow": {"per": 0.0}, "annahme": 0, "zh-annahme": 0, "be-annahme": 0, "lu-annahme": 0, "ur-annahme": 0, "sz-annahme": 0, "nw-annahme": 0, "zg-annahme": 0, "fr-annahme": 0, "so-annahme": 0, "bs-annahme": 0, "bl-annahme": 0, "sh-annahme": 0, "ar-annahme": 0, "sg-annahme": 0, "gr-annahme": 0, "ag-annahme": 0, "tg-annahme": 0, "ti-annahme": 0, "vd-annahme": 0, "vs-annahme": 0, "ne-annahme": 0, "ge-annahme": 0, "ju-annahme": 0, "gl-annahme": 0, "ai-annahme": 0, "ow-annahme": 0, "forme": 3.0}