{"ch": 35.052290307339305, "zh": 35.48339215839184, "be": 34.82802755860175, "lu": 34.94479410080013, "ur": 0.0, "sz": 49.00970556614441, "nw": 45.230078563, "zg": 37.763992154140595, "fr": 30.463955182031672, "so": 31.08385044819295, "bs": 20.658602679655747, "bl": 30.103282829705414, "sh": 48.225934165112946, "ar": 34.5024681731769, "sg": 41.09911501373884, "gr": 29.981756347601603, "ag": 41.171507649618604, "tg": 49.23273107946357, "ti": 37.137920888281755, "vd": 31.856755894597544, "vs": 33.51475383435888, "ne": 32.93726323508015, "ge": 28.672055481502248, "ju": 23.169275896395433, "gl": 0.0, "ai": 0.0, "ow": 100.0, "annahme": 0, "zh-annahme": 0, "be-annahme": 0, "lu-annahme": 0, "ur-annahme": 0, "sz-annahme": 0, "nw-annahme": 0, "zg-annahme": 0, "fr-annahme": 0, "so-annahme": 0, "bs-annahme": 0, "bl-annahme": 0, "sh-annahme": 0, "ar-annahme": 0, "sg-annahme": 0, "gr-annahme": 0, "ag-annahme": 0, "tg-annahme": 0, "ti-annahme": 0, "vd-annahme": 0, "vs-annahme": 0, "ne-annahme": 0, "ge-annahme": 0, "ju-annahme": 0, "gl-annahme": 0, "ai-annahme": 0, "ow-annahme": 1, "forme": 3.0}