{"ch": {"per": 31.833260807079558}, "zh": {"per": 32.12596669462835}, "be": {"per": 34.556249693978856}, "lu": {"per": 20.62611450769706}, "ur": {"per": 22.424190213580435}, "sz": {"per": 21.002743558438898}, "nw": {"per": 19.567901235}, "zg": {"per": 20.790663623512668}, "fr": {"per": 34.772790135820024}, "so": {"per": 27.91199699879829}, "bs": {"per": 50.636295410145486}, "bl": {"per": 41.61218833005796}, "sh": {"per": 36.10309057866366}, "ar": {"per": 6.463216523528033}, "sg": {"per": 24.904338009875477}, "gr": {"per": 17.764454832022356}, "ag": {"per": 29.040352358190308}, "tg": {"per": 22.04820523456614}, "ti": {"per": 43.57692781933739}, "vd": {"per": 45.064180470892246}, "vs": {"per": 19.885427340318316}, "ne": {"per": 46.776760755000005}, "ge": {"per": 46.061083051098294}, "ju": {"per": 41.79094282887462}, "gl": {"per": 28.46653487752914}, "ai": {"per": 21.082042163895192}, "ow": {"per": 0.0}, "annahme": 0, "zh-annahme": 0, "be-annahme": 0, "lu-annahme": 0, "ur-annahme": 0, "sz-annahme": 0, "nw-annahme": 0, "zg-annahme": 0, "fr-annahme": 0, "so-annahme": 0, "bs-annahme": 1, "bl-annahme": 0, "sh-annahme": 0, "ar-annahme": 0, "sg-annahme": 0, "gr-annahme": 0, "ag-annahme": 0, "tg-annahme": 0, "ti-annahme": 0, "vd-annahme": 0, "vs-annahme": 0, "ne-annahme": 0, "ge-annahme": 0, "ju-annahme": 0, "gl-annahme": 0, "ai-annahme": 0, "ow-annahme": 0, "forme": 3.0}