{"ch": 31.14487135789026, "zh": 32.32351975014388, "be": 34.93547495783547, "lu": 20.79578550591684, "ur": 22.42419021358043, "sz": 21.002743558438898, "nw": 19.567901235, "zg": 20.790663623512668, "fr": 34.77279013582003, "so": 27.91199699879829, "bs": 50.63629541014548, "bl": 42.00666855033198, "sh": 36.10309057866366, "ar": 6.463216523528033, "sg": 24.904338009875477, "gr": 17.764454832022356, "ag": 29.31292171407203, "tg": 22.048205234566144, "ti": 25.42232874303176, "vd": 45.11632564991488, "vs": 19.885427340318312, "ne": 46.776760755000005, "ge": 46.0610830510983, "ju": 41.79094282887462, "gl": 28.466534877529142, "ai": 21.082042163895196, "ow": 0.0, "annahme": 0, "zh-annahme": 0, "be-annahme": 0, "lu-annahme": 0, "ur-annahme": 0, "sz-annahme": 0, "nw-annahme": 0, "zg-annahme": 0, "fr-annahme": 0, "so-annahme": 0, "bs-annahme": 1, "bl-annahme": 0, "sh-annahme": 0, "ar-annahme": 0, "sg-annahme": 0, "gr-annahme": 0, "ag-annahme": 0, "tg-annahme": 0, "ti-annahme": 0, "vd-annahme": 0, "vs-annahme": 0, "ne-annahme": 0, "ge-annahme": 0, "ju-annahme": 0, "gl-annahme": 0, "ai-annahme": 0, "ow-annahme": 0, "forme": 3.0}