{"ch": 2.345223054268959, "zh": 2.533309031210802, "be": 3.7858228586899103, "lu": 0.2137617393522076, "ur": 0.0, "sz": 0.0, "nw": 0.0, "zg": 0.0, "fr": 0.7611876201219889, "so": 0.49705584847846, "bs": 0.5752418815393996, "bl": 0.6756208341972975, "sh": 3.9532313834163464, "ar": 0.0, "sg": 1.2235562506938817, "gr": 0.5077397282949226, "ag": 1.570503627382374, "tg": 3.4821787754104463, "ti": 18.154599076305633, "vd": 1.2788456653770477, "vs": 0.0, "ne": 0.0, "ge": 0.0, "ju": 0.0, "gl": 0.0, "ai": 0.0, "ow": 0.0}