{"ch": {"per": 2.345223054268959}, "zh": {"per": 2.533309031210802}, "be": {"per": 3.7858228586899103}, "lu": {"per": 0.2137617393522076}, "ur": {"per": 0.0}, "sz": {"per": 0.0}, "nw": {"per": 0.0}, "zg": {"per": 0.0}, "fr": {"per": 0.7611876201219889}, "so": {"per": 0.49705584847846}, "bs": {"per": 0.5752418815393996}, "bl": {"per": 0.6756208341972975}, "sh": {"per": 3.9532313834163464}, "ar": {"per": 0.0}, "sg": {"per": 1.2235562506938817}, "gr": {"per": 0.5077397282949226}, "ag": {"per": 1.570503627382374}, "tg": {"per": 3.4821787754104463}, "ti": {"per": 18.154599076305633}, "vd": {"per": 1.2788456653770477}, "vs": {"per": 0.0}, "ne": {"per": 0.0}, "ge": {"per": 0.0}, "ju": {"per": 0.0}, "gl": {"per": 0.0}, "ai": {"per": 0.0}, "ow": {"per": 0.0}, "annahme": 0, "zh-annahme": 0, "be-annahme": 0, "lu-annahme": 0, "ur-annahme": 0, "sz-annahme": 0, "nw-annahme": 0, "zg-annahme": 0, "fr-annahme": 0, "so-annahme": 0, "bs-annahme": 0, "bl-annahme": 0, "sh-annahme": 0, "ar-annahme": 0, "sg-annahme": 0, "gr-annahme": 0, "ag-annahme": 0, "tg-annahme": 0, "ti-annahme": 0, "vd-annahme": 0, "vs-annahme": 0, "ne-annahme": 0, "ge-annahme": 0, "ju-annahme": 0, "gl-annahme": 0, "ai-annahme": 0, "ow-annahme": 0, "forme": 3.0}