{"ch": {"per": 43.40099312939177}, "zh": {"per": 41.476183416677266}, "be": {"per": 39.59713693677913}, "lu": {"per": 53.19754855420923}, "ur": {"per": 0.0}, "sz": {"per": 60.82575716809659}, "nw": {"per": 45.230078563}, "zg": {"per": 52.99427242565275}, "fr": {"per": 46.36202177855392}, "so": {"per": 45.17882622497359}, "bs": {"per": 29.285815703035574}, "bl": {"per": 38.47646040874609}, "sh": {"per": 51.05336327641235}, "ar": {"per": 41.49454629840759}, "sg": {"per": 54.89446018812552}, "gr": {"per": 41.6305930968837}, "ag": {"per": 50.36004456516912}, "tg": {"per": 59.459788742278384}, "ti": {"per": 30.7063613585825}, "vd": {"per": 32.076295795487994}, "vs": {"per": 60.41346827988926}, "ne": {"per": 24.878172746799997}, "ge": {"per": 30.376737039154}, "ju": {"per": 48.71246100985386}, "gl": {"per": 0.0}, "ai": {"per": 78.91795783610482}, "ow": {"per": 100.00000000000001}, "annahme": 0, "zh-annahme": 0, "be-annahme": 0, "lu-annahme": 1, "ur-annahme": 0, "sz-annahme": 1, "nw-annahme": 0, "zg-annahme": 1, "fr-annahme": 0, "so-annahme": 0, "bs-annahme": 0, "bl-annahme": 0, "sh-annahme": 1, "ar-annahme": 0, "sg-annahme": 1, "gr-annahme": 0, "ag-annahme": 1, "tg-annahme": 1, "ti-annahme": 0, "vd-annahme": 0, "vs-annahme": 1, "ne-annahme": 0, "ge-annahme": 0, "ju-annahme": 0, "gl-annahme": 0, "ai-annahme": 1, "ow-annahme": 1, "forme": 3.0}