{"ch": 14.230735254877477, "zh": 20.557664914063654, "be": 15.191414586812773, "lu": 14.4625975361043, "ur": 0.0, "sz": 3.9071493894238345, "nw": 19.567901235, "zg": 22.320313509440734, "fr": 9.146807488428893, "so": 12.769378144483891, "bs": 21.649459443287807, "bl": 18.601487599825592, "sh": 0.0, "ar": 6.463216523528033, "sg": 12.365267700638173, "gr": 10.408156352595919, "ag": 13.137165697974874, "tg": 12.250841925036754, "ti": 6.976819356689987, "vd": 17.993386654765693, "vs": 5.059773131843302, "ne": 11.653060951999999, "ge": 19.476044822461393, "ju": 10.965141958967104, "gl": 0.0, "ai": 0.0, "ow": 0.0, "annahme": 0, "zh-annahme": 0, "be-annahme": 0, "lu-annahme": 0, "ur-annahme": 0, "sz-annahme": 0, "nw-annahme": 0, "zg-annahme": 0, "fr-annahme": 0, "so-annahme": 0, "bs-annahme": 0, "bl-annahme": 0, "sh-annahme": 0, "ar-annahme": 0, "sg-annahme": 0, "gr-annahme": 0, "ag-annahme": 0, "tg-annahme": 0, "ti-annahme": 0, "vd-annahme": 0, "vs-annahme": 0, "ne-annahme": 0, "ge-annahme": 0, "ju-annahme": 0, "gl-annahme": 0, "ai-annahme": 0, "ow-annahme": 0, "forme": 3.0}