{"ch": 60.14462325073709, "zh": 54.024848099526174, "be": 52.0260551491836, "lu": 70.41514223087219, "ur": 100.0, "sz": 52.560048140446035, "nw": 54.769921437, "zg": 69.87756735630927, "fr": 65.5318139013226, "so": 66.89803842357016, "bs": 67.37119494487244, "bl": 59.09166106293769, "sh": 28.647140864989613, "ar": 69.1807844052255, "sg": 58.50200814842331, "gr": 70.38429893042026, "ag": 51.037889811852466, "tg": 48.71750623620413, "ti": 82.50858565751771, "vd": 56.87967670982218, "vs": 76.57123479856196, "ne": 57.77353975999445, "ge": 65.97361326250007, "ju": 77.64136659845283, "gl": 100.0, "ai": 100.0, "ow": 0.0}