{"ch": {"per": 60.14462325073709}, "zh": {"per": 54.024848099526174}, "be": {"per": 52.0260551491836}, "lu": {"per": 70.41514223087219}, "ur": {"per": 100.0}, "sz": {"per": 52.560048140446035}, "nw": {"per": 54.769921437}, "zg": {"per": 69.87756735630927}, "fr": {"per": 65.5318139013226}, "so": {"per": 66.89803842357016}, "bs": {"per": 67.37119494487244}, "bl": {"per": 59.09166106293769}, "sh": {"per": 28.647140864989613}, "ar": {"per": 69.1807844052255}, "sg": {"per": 58.50200814842331}, "gr": {"per": 70.38429893042026}, "ag": {"per": 51.037889811852466}, "tg": {"per": 48.71750623620413}, "ti": {"per": 82.50858565751771}, "vd": {"per": 56.87967670982218}, "vs": {"per": 76.57123479856196}, "ne": {"per": 57.77353975999445}, "ge": {"per": 65.97361326250007}, "ju": {"per": 77.64136659845283}, "gl": {"per": 100.0}, "ai": {"per": 100.0}, "ow": {"per": 0.0}, "annahme": 1, "zh-annahme": 1, "be-annahme": 1, "lu-annahme": 1, "ur-annahme": 1, "sz-annahme": 1, "nw-annahme": 1, "zg-annahme": 1, "fr-annahme": 1, "so-annahme": 1, "bs-annahme": 1, "bl-annahme": 1, "sh-annahme": 0, "ar-annahme": 1, "sg-annahme": 1, "gr-annahme": 1, "ag-annahme": 1, "tg-annahme": 0, "ti-annahme": 1, "vd-annahme": 1, "vs-annahme": 1, "ne-annahme": 1, "ge-annahme": 1, "ju-annahme": 1, "gl-annahme": 1, "ai-annahme": 1, "ow-annahme": 0, "forme": 1.0}