{"ch": 31.144871357890263, "zh": 32.32351975014388, "be": 34.93547495783547, "lu": 20.795785505916843, "ur": 22.42419021358043, "sz": 21.002743558438898, "nw": 19.567901235, "zg": 20.79066362351267, "fr": 34.77279013582004, "so": 27.911996998798294, "bs": 50.63629541014548, "bl": 42.00666855033197, "sh": 36.10309057866366, "ar": 6.463216523528034, "sg": 24.904338009875477, "gr": 17.764454832022356, "ag": 29.312921714072026, "tg": 22.048205234566144, "ti": 25.422328743031752, "vd": 45.11632564991487, "vs": 19.885427340318312, "ne": 46.776760755, "ge": 46.061083051098294, "ju": 41.790942828874634, "gl": 28.466534877529142, "ai": 21.082042163895192, "ow": 0.0, "annahme": 0, "zh-annahme": 0, "be-annahme": 0, "lu-annahme": 0, "ur-annahme": 0, "sz-annahme": 0, "nw-annahme": 0, "zg-annahme": 0, "fr-annahme": 0, "so-annahme": 0, "bs-annahme": 1, "bl-annahme": 0, "sh-annahme": 0, "ar-annahme": 0, "sg-annahme": 0, "gr-annahme": 0, "ag-annahme": 0, "tg-annahme": 0, "ti-annahme": 0, "vd-annahme": 0, "vs-annahme": 0, "ne-annahme": 0, "ge-annahme": 0, "ju-annahme": 0, "gl-annahme": 0, "ai-annahme": 0, "ow-annahme": 0, "forme": 3.0}