{"ch": 49.19288832166491, "zh": 42.69192584601951, "be": 51.86218950089505, "lu": 49.96472347202672, "ur": 22.42419021358043, "sz": 45.4779708430765, "nw": 19.567901235, "zg": 45.262477929522085, "fr": 58.59106591773675, "so": 50.65916840280458, "bs": 60.47869211591732, "bl": 55.926373238076295, "sh": 41.564182084044724, "ar": 17.138547227161126, "sg": 49.014863768154925, "gr": 54.85553636165144, "ag": 45.87644639037153, "tg": 41.37972253822414, "ti": 46.082228253314824, "vd": 50.91190259618957, "vs": 60.98369496829826, "ne": 51.754178686, "ge": 57.13217818363388, "ju": 75.03699824677489, "gl": 100.0, "ai": 100.00000000000001, "ow": 0.0, "annahme": 0, "zh-annahme": 0, "be-annahme": 1, "lu-annahme": 0, "ur-annahme": 0, "sz-annahme": 0, "nw-annahme": 0, "zg-annahme": 0, "fr-annahme": 1, "so-annahme": 1, "bs-annahme": 1, "bl-annahme": 1, "sh-annahme": 0, "ar-annahme": 0, "sg-annahme": 0, "gr-annahme": 1, "ag-annahme": 0, "tg-annahme": 0, "ti-annahme": 0, "vd-annahme": 1, "vs-annahme": 1, "ne-annahme": 1, "ge-annahme": 1, "ju-annahme": 1, "gl-annahme": 1, "ai-annahme": 1, "ow-annahme": 0, "forme": 2.0}