{"ch": 46.02347562875978, "zh": 41.963293696252116, "be": 43.26860755932118, "lu": 53.44900575462101, "sz": 62.08809963093791, "zg": 57.45796592258348, "fr": 50.96307326953129, "so": 45.78724659142682, "bs": 30.85816890923888, "bl": 41.83165227460002, "sh": 52.76307109388814, "ar": 36.74501465436888, "sg": 56.409228474238624, "gr": 46.64644916175455, "ag": 52.06658123523901, "tg": 58.866379528131624, "ti": 41.32585194624151, "vd": 29.27015202119941, "vs": 63.05775874160309, "ne": 24.465321943644792, "ge": 33.23298838491931, "ju": 43.9856197083001, "gl": 0.0, "ai": 80.85492227960664, "ur": 72.96398499965946, "ow": 100.0, "nw": 100.0}