{"ch": {"per": 46.02347562875978}, "zh": {"per": 41.963293696252116}, "be": {"per": 43.26860755932118}, "lu": {"per": 53.44900575462101}, "sz": {"per": 62.08809963093791}, "zg": {"per": 57.45796592258348}, "fr": {"per": 50.96307326953129}, "so": {"per": 45.78724659142682}, "bs": {"per": 30.85816890923888}, "bl": {"per": 41.83165227460002}, "sh": {"per": 52.76307109388814}, "ar": {"per": 36.74501465436888}, "sg": {"per": 56.409228474238624}, "gr": {"per": 46.64644916175455}, "ag": {"per": 52.06658123523901}, "tg": {"per": 58.866379528131624}, "ti": {"per": 41.32585194624151}, "vd": {"per": 29.27015202119941}, "vs": {"per": 63.05775874160309}, "ne": {"per": 24.465321943644792}, "ge": {"per": 33.23298838491931}, "ju": {"per": 43.9856197083001}, "gl": {"per": 0.0}, "ai": {"per": 80.85492227960664}, "ur": {"per": 72.96398499965946}, "ow": {"per": 100.0}, "nw": {"per": 100.0}, "annahme": 0, "zh-annahme": 0, "be-annahme": 0, "lu-annahme": 1, "sz-annahme": 1, "zg-annahme": 1, "fr-annahme": 1, "so-annahme": 0, "bs-annahme": 0, "bl-annahme": 0, "sh-annahme": 1, "ar-annahme": 0, "sg-annahme": 1, "gr-annahme": 0, "ag-annahme": 1, "tg-annahme": 1, "ti-annahme": 0, "vd-annahme": 0, "vs-annahme": 1, "ne-annahme": 0, "ge-annahme": 0, "ju-annahme": 0, "gl-annahme": 0, "ai-annahme": 1, "ur-annahme": 1, "ow-annahme": 1, "nw-annahme": 1, "forme": 3.0}