{"ch": {"per": 32.63686127878244}, "zh": {"per": 34.345437782751084}, "be": {"per": 37.022681596283576}, "lu": {"per": 28.79848376296349}, "sz": {"per": 42.63422509195736}, "zg": {"per": 30.756916260589087}, "fr": {"per": 27.186989021199224}, "so": {"per": 29.626151723822108}, "bs": {"per": 20.79294972323868}, "bl": {"per": 30.463080223215286}, "sh": {"per": 52.76307109388814}, "ar": {"per": 36.74501465436888}, "sg": {"per": 37.7421191160324}, "gr": {"per": 29.799046889261692}, "ag": {"per": 39.903161575686156}, "tg": {"per": 43.36593082786728}, "ti": {"per": 33.7899933267206}, "vd": {"per": 24.01780042640039}, "vs": {"per": 22.544913389036413}, "ne": {"per": 20.819337641581434}, "ge": {"per": 19.458175999746775}, "ju": {"per": 13.95988448656175}, "gl": {"per": 0.0}, "ai": {"per": 0.0}, "ur": {"per": 45.34776763607909}, "ow": {"per": 100.0}, "nw": {"per": 100.0}, "annahme": 0, "zh-annahme": 0, "be-annahme": 0, "lu-annahme": 0, "sz-annahme": 0, "zg-annahme": 0, "fr-annahme": 0, "so-annahme": 0, "bs-annahme": 0, "bl-annahme": 0, "sh-annahme": 1, "ar-annahme": 0, "sg-annahme": 0, "gr-annahme": 0, "ag-annahme": 0, "tg-annahme": 0, "ti-annahme": 0, "vd-annahme": 0, "vs-annahme": 0, "ne-annahme": 0, "ge-annahme": 0, "ju-annahme": 0, "gl-annahme": 0, "ai-annahme": 0, "ur-annahme": 0, "ow-annahme": 1, "nw-annahme": 1, "forme": 3.0}