{"ch": 32.63686127878244, "zh": 34.345437782751084, "be": 37.022681596283576, "lu": 28.79848376296349, "sz": 42.63422509195736, "zg": 30.756916260589087, "fr": 27.186989021199224, "so": 29.626151723822108, "bs": 20.79294972323868, "bl": 30.463080223215286, "sh": 52.76307109388814, "ar": 36.74501465436888, "sg": 37.7421191160324, "gr": 29.799046889261692, "ag": 39.903161575686156, "tg": 43.36593082786728, "ti": 33.7899933267206, "vd": 24.01780042640039, "vs": 22.544913389036413, "ne": 20.819337641581434, "ge": 19.458175999746775, "ju": 13.95988448656175, "gl": 0.0, "ai": 0.0, "ur": 45.34776763607909, "ow": 100.0, "nw": 100.0}