{"ch": {"per": 29.624584673316598}, "zh": {"per": 33.193926672623526}, "be": {"per": 34.02114316603327}, "lu": {"per": 21.496431547188596}, "sz": {"per": 14.493542435685507}, "zg": {"per": 21.114389802422863}, "fr": {"per": 30.712904565485143}, "so": {"per": 27.0527314460989}, "bs": {"per": 53.75092875432437}, "bl": {"per": 38.845519553098015}, "sh": {"per": 33.73534734997055}, "ar": {"per": 29.067294982915143}, "sg": {"per": 22.390429381621686}, "gr": {"per": 17.659879361473664}, "ag": {"per": 25.38040399160207}, "tg": {"per": 20.510311325213873}, "ti": {"per": 20.466674006818018}, "vd": {"per": 38.5352521154008}, "vs": {"per": 18.474882306282026}, "ne": {"per": 46.15310292280078}, "ge": {"per": 41.466436551011874}, "ju": {"per": 37.7757696010457}, "gl": {"per": 46.650270536563305}, "ai": {"per": 19.145077720393367}, "ur": {"per": 27.03601500034053}, "ow": {"per": 0.0}, "nw": {"per": 0.0}, "annahme": 0, "zh-annahme": 0, "be-annahme": 0, "lu-annahme": 0, "sz-annahme": 0, "zg-annahme": 0, "fr-annahme": 0, "so-annahme": 0, "bs-annahme": 1, "bl-annahme": 0, "sh-annahme": 0, "ar-annahme": 0, "sg-annahme": 0, "gr-annahme": 0, "ag-annahme": 0, "tg-annahme": 0, "ti-annahme": 0, "vd-annahme": 0, "vs-annahme": 0, "ne-annahme": 0, "ge-annahme": 0, "ju-annahme": 0, "gl-annahme": 0, "ai-annahme": 0, "ur-annahme": 0, "ow-annahme": 0, "nw-annahme": 0, "forme": 3.0}