{"ch": 29.624584673316598, "zh": 33.193926672623526, "be": 34.02114316603327, "lu": 21.496431547188596, "sz": 14.493542435685507, "zg": 21.114389802422863, "fr": 30.712904565485143, "so": 27.0527314460989, "bs": 53.75092875432437, "bl": 38.845519553098015, "sh": 33.73534734997055, "ar": 29.067294982915143, "sg": 22.390429381621686, "gr": 17.659879361473664, "ag": 25.38040399160207, "tg": 20.510311325213873, "ti": 20.466674006818018, "vd": 38.5352521154008, "vs": 18.474882306282026, "ne": 46.15310292280078, "ge": 41.466436551011874, "ju": 37.7757696010457, "gl": 46.650270536563305, "ai": 19.145077720393367, "ur": 27.03601500034053, "ow": 0.0, "nw": 0.0}