{"ch": {"per": 65.61221567609708}, "zh": {"per": 58.292505045937546}, "be": {"per": 59.87979896337149}, "lu": {"per": 72.6949410394123}, "sz": {"per": 82.69142066391731}, "zg": {"per": 75.27020361575153}, "fr": {"per": 66.03353967134247}, "so": {"per": 69.4627519529654}, "bs": {"per": 40.73392223223284}, "bl": {"per": 58.393672274031275}, "sh": {"per": 66.26465265002945}, "ar": {"per": 70.93270501708486}, "sg": {"per": 72.62499124313602}, "gr": {"per": 74.45096144226402}, "ag": {"per": 69.33965069116704}, "tg": {"per": 73.3121087590286}, "ti": {"per": 78.6645335393926}, "vd": {"per": 57.467725863277465}, "vs": {"per": 81.52511769371797}, "ne": {"per": 50.39017431414208}, "ge": {"per": 56.0607219220794}, "ju": {"per": 62.224230398954305}, "gl": {"per": 53.34972946343668}, "ai": {"per": 80.85492227960664}, "ur": {"per": 72.96398499965946}, "ow": {"per": 100.0}, "nw": {"per": 100.0}, "annahme": 1, "zh-annahme": 1, "be-annahme": 1, "lu-annahme": 1, "sz-annahme": 1, "zg-annahme": 1, "fr-annahme": 1, "so-annahme": 1, "bs-annahme": 0, "bl-annahme": 1, "sh-annahme": 1, "ar-annahme": 1, "sg-annahme": 1, "gr-annahme": 1, "ag-annahme": 1, "tg-annahme": 1, "ti-annahme": 1, "vd-annahme": 1, "vs-annahme": 1, "ne-annahme": 1, "ge-annahme": 1, "ju-annahme": 1, "gl-annahme": 1, "ai-annahme": 1, "ur-annahme": 1, "ow-annahme": 1, "nw-annahme": 1, "forme": 2.0}