{"ch": 2.2293575451537357, "zh": 2.5843104781588906, "be": 3.8703843897842916, "lu": 0.08788371521213044, "sz": 0.0, "zg": 0.0, "fr": 0.7716590100372465, "so": 0.5102605044626287, "bs": 0.5271196234995909, "bl": 0.45081551181350316, "sh": 5.365449347949724, "ar": 0.0, "sg": 1.2328258273455068, "gr": 0.0, "ag": 1.148579901322904, "tg": 3.4351337653241063, "ti": 0.5329822062123082, "vd": 3.804445631896827, "vs": 0.0, "ne": 12.482167925701829, "ge": 6.848784680771843, "ju": 4.105848378240715, "gl": 0.0, "ai": 0.0, "ur": 0.0, "ow": 0.0, "nw": 0.0, "annahme": 0, "zh-annahme": 0, "be-annahme": 0, "lu-annahme": 0, "sz-annahme": 0, "zg-annahme": 0, "fr-annahme": 0, "so-annahme": 0, "bs-annahme": 0, "bl-annahme": 0, "sh-annahme": 0, "ar-annahme": 0, "sg-annahme": 0, "gr-annahme": 0, "ag-annahme": 0, "tg-annahme": 0, "ti-annahme": 0, "vd-annahme": 0, "vs-annahme": 0, "ne-annahme": 0, "ge-annahme": 0, "ju-annahme": 0, "gl-annahme": 0, "ai-annahme": 0, "ur-annahme": 0, "ow-annahme": 0, "nw-annahme": 0, "forme": 3.0}