{"ch": 7.331226209545659, "zh": 7.205898245616612, "be": 8.69650450392154, "lu": 7.121198748783327, "sz": 1.4063653136985934, "zg": 7.227351788200656, "fr": 5.383444937509757, "so": 5.6105373644949506, "bs": 12.838272929920446, "bl": 14.303116434912418, "sh": 3.5826045772547657, "ar": 0.0, "sg": 5.860190651807631, "gr": 0.0, "ag": 5.579302102002611, "tg": 5.44627556986688, "ti": 3.63317226569413, "vd": 11.906233669436643, "vs": 4.97726504463735, "ne": 10.863395785266112, "ge": 13.380089006176096, "ju": 8.243705570213011, "gl": 0.0, "ai": 0.0, "ur": 27.036015000340534, "ow": 0.0, "nw": 0.0}