{"ch": 32.51111516953837, "zh": 34.16167371463112, "be": 36.57139473930907, "lu": 28.710600047751356, "sz": 42.63422509195736, "zg": 30.756916260589094, "fr": 27.186989021199224, "so": 29.626151723822105, "bs": 20.792949723238678, "bl": 30.463080223215282, "sh": 52.76307109388814, "ar": 36.74501465436888, "sg": 37.45907897763878, "gr": 29.799046889261696, "ag": 39.903161575686156, "tg": 43.36593082786729, "ti": 33.7899933267206, "vd": 23.885730442654424, "vs": 22.54491338903641, "ne": 20.81933764158143, "ge": 19.458175999746775, "ju": 13.959884486561748, "gl": 0.0, "ai": 0.0, "ur": 45.34776763607908, "ow": 100.0, "nw": 100.0}