{"ch": {"per": 52.368919493481826}, "zh": {"per": 46.30878705266877}, "be": {"per": 41.22157848372592}, "lu": {"per": 62.84867600571805}, "sz": {"per": 50.13917509108639}, "zg": {"per": 61.01073924185256}, "fr": {"per": 60.16877637134805}, "so": {"per": 58.41432372257409}, "bs": {"per": 52.04570772742186}, "bl": {"per": 48.44049998530501}, "sh": {"per": 20.375239311143215}, "ar": {"per": 48.19735882690718}, "sg": {"per": 50.390766416140345}, "gr": {"per": 63.80980904791274}, "ag": {"per": 44.49526473746792}, "tg": {"per": 44.139584014814645}, "ti": {"per": 79.0656713753749}, "vd": {"per": 57.249120214215075}, "vs": {"per": 72.34605232495893}, "ne": {"per": 49.793494653020154}, "ge": {"per": 59.40385569056174}, "ju": {"per": 72.76389053375638}, "gl": {"per": 100.0}, "ai": {"per": 100.0}, "ur": {"per": 37.84910783547427}, "ow": {"per": 0.0}, "nw": {"per": 0.0}, "annahme": 1, "zh-annahme": 0, "be-annahme": 0, "lu-annahme": 1, "sz-annahme": 1, "zg-annahme": 1, "fr-annahme": 1, "so-annahme": 1, "bs-annahme": 1, "bl-annahme": 0, "sh-annahme": 0, "ar-annahme": 0, "sg-annahme": 1, "gr-annahme": 1, "ag-annahme": 0, "tg-annahme": 0, "ti-annahme": 1, "vd-annahme": 1, "vs-annahme": 1, "ne-annahme": 0, "ge-annahme": 1, "ju-annahme": 1, "gl-annahme": 1, "ai-annahme": 1, "ur-annahme": 0, "ow-annahme": 0, "nw-annahme": 0, "forme": 2.0}