{"ch": 52.368919493481826, "zh": 46.30878705266877, "be": 41.22157848372592, "lu": 62.84867600571805, "sz": 50.13917509108639, "zg": 61.01073924185256, "fr": 60.16877637134805, "so": 58.41432372257409, "bs": 52.04570772742186, "bl": 48.44049998530501, "sh": 20.375239311143215, "ar": 48.19735882690718, "sg": 50.390766416140345, "gr": 63.80980904791274, "ag": 44.49526473746792, "tg": 44.139584014814645, "ti": 79.0656713753749, "vd": 57.249120214215075, "vs": 72.34605232495893, "ne": 49.793494653020154, "ge": 59.40385569056174, "ju": 72.76389053375638, "gl": 100.0, "ai": 100.0, "ur": 37.84910783547427, "ow": 0.0, "nw": 0.0, "annahme": 1, "zh-annahme": 0, "be-annahme": 0, "lu-annahme": 1, "sz-annahme": 1, "zg-annahme": 1, "fr-annahme": 1, "so-annahme": 1, "bs-annahme": 1, "bl-annahme": 0, "sh-annahme": 0, "ar-annahme": 0, "sg-annahme": 1, "gr-annahme": 1, "ag-annahme": 0, "tg-annahme": 0, "ti-annahme": 1, "vd-annahme": 1, "vs-annahme": 1, "ne-annahme": 0, "ge-annahme": 1, "ju-annahme": 1, "gl-annahme": 1, "ai-annahme": 1, "ur-annahme": 0, "ow-annahme": 0, "nw-annahme": 0, "forme": 2.0}