{"ch": 52.368919493481826, "zh": 46.30878705266877, "be": 41.22157848372592, "lu": 62.84867600571805, "sz": 50.13917509108639, "zg": 61.01073924185256, "fr": 60.16877637134805, "so": 58.41432372257409, "bs": 52.04570772742186, "bl": 48.44049998530501, "sh": 20.375239311143215, "ar": 48.19735882690718, "sg": 50.390766416140345, "gr": 63.80980904791274, "ag": 44.49526473746792, "tg": 44.139584014814645, "ti": 79.0656713753749, "vd": 57.249120214215075, "vs": 72.34605232495893, "ne": 49.793494653020154, "ge": 59.40385569056174, "ju": 72.76389053375638, "gl": 100.0, "ai": 100.0, "ur": 37.84910783547427, "ow": 0.0, "nw": 0.0}