{"ch": 70.62441594822143, "zh": 67.27243090188895, "be": 68.43381037016947, "lu": 77.85240281960417, "sz": 85.0866410055315, "zg": 78.0936049490649, "fr": 68.96012286901178, "so": 73.22896376187572, "bs": 45.92899051537389, "bl": 62.318657039243185, "sh": 66.26465265002943, "ar": 70.93270501708487, "sg": 78.31428985647695, "gr": 80.82757772334107, "ag": 76.79769269409032, "tg": 80.64409760412879, "ti": 73.392175878912, "vd": 60.9952565330793, "vs": 81.52511769371797, "ne": 52.194389662649634, "ge": 58.13979570349084, "ju": 62.22423039895429, "gl": 53.34972946343669, "ai": 80.85492227960664, "ur": 72.96398499965946, "ow": 100.0, "nw": 100.0, "annahme": 1, "zh-annahme": 1, "be-annahme": 1, "lu-annahme": 1, "sz-annahme": 1, "zg-annahme": 1, "fr-annahme": 1, "so-annahme": 1, "bs-annahme": 0, "bl-annahme": 1, "sh-annahme": 1, "ar-annahme": 1, "sg-annahme": 1, "gr-annahme": 1, "ag-annahme": 1, "tg-annahme": 1, "ti-annahme": 1, "vd-annahme": 1, "vs-annahme": 1, "ne-annahme": 1, "ge-annahme": 1, "ju-annahme": 1, "gl-annahme": 1, "ai-annahme": 1, "ur-annahme": 1, "ow-annahme": 1, "nw-annahme": 1, "forme": 2.0}