{"ch": 34.38778432390291, "zh": 41.70749495406246, "be": 40.1202010366285, "lu": 27.305058960587704, "sz": 17.308579336082694, "zg": 24.729796384248473, "fr": 33.96646032865753, "so": 30.5372480470346, "bs": 59.26607776776714, "bl": 41.606327725968725, "sh": 33.735347349970546, "ar": 29.06729498291514, "sg": 27.375008756863977, "gr": 25.54903855773598, "ag": 30.660349308832952, "tg": 26.687891240971396, "ti": 21.3354664606074, "vd": 42.53227413672254, "vs": 18.474882306282023, "ne": 49.60982568585793, "ge": 43.93927807792059, "ju": 37.7757696010457, "gl": 46.65027053656332, "ai": 19.145077720393367, "ur": 27.03601500034053, "ow": 0.0, "nw": 0.0}