{"ch": {"per": 34.38778432390291}, "zh": {"per": 41.70749495406246}, "be": {"per": 40.1202010366285}, "lu": {"per": 27.305058960587704}, "sz": {"per": 17.308579336082694}, "zg": {"per": 24.729796384248473}, "fr": {"per": 33.96646032865753}, "so": {"per": 30.5372480470346}, "bs": {"per": 59.26607776776714}, "bl": {"per": 41.606327725968725}, "sh": {"per": 33.735347349970546}, "ar": {"per": 29.06729498291514}, "sg": {"per": 27.375008756863977}, "gr": {"per": 25.54903855773598}, "ag": {"per": 30.660349308832952}, "tg": {"per": 26.687891240971396}, "ti": {"per": 21.3354664606074}, "vd": {"per": 42.53227413672254}, "vs": {"per": 18.474882306282023}, "ne": {"per": 49.60982568585793}, "ge": {"per": 43.93927807792059}, "ju": {"per": 37.7757696010457}, "gl": {"per": 46.65027053656332}, "ai": {"per": 19.145077720393367}, "ur": {"per": 27.03601500034053}, "ow": {"per": 0.0}, "nw": {"per": 0.0}, "annahme": 0, "zh-annahme": 0, "be-annahme": 0, "lu-annahme": 0, "sz-annahme": 0, "zg-annahme": 0, "fr-annahme": 0, "so-annahme": 0, "bs-annahme": 1, "bl-annahme": 0, "sh-annahme": 0, "ar-annahme": 0, "sg-annahme": 0, "gr-annahme": 0, "ag-annahme": 0, "tg-annahme": 0, "ti-annahme": 0, "vd-annahme": 0, "vs-annahme": 0, "ne-annahme": 0, "ge-annahme": 0, "ju-annahme": 0, "gl-annahme": 0, "ai-annahme": 0, "ur-annahme": 0, "ow-annahme": 0, "nw-annahme": 0, "forme": 3.0}