{"ch": {"per": 70.0736430196333}, "zh": {"per": 67.9085736814232}, "be": {"per": 67.46958650984435}, "lu": {"per": 79.13887422083384}, "sz": {"per": 85.50645756431449}, "zg": {"per": 78.88561019757715}, "fr": {"per": 69.19836357025142}, "so": {"per": 73.65154445937306}, "bs": {"per": 48.38396763802421}, "bl": {"per": 62.908151123537685}, "sh": {"per": 60.89920330207972}, "ar": {"per": 70.93270501708486}, "sg": {"per": 78.44544560271392}, "gr": {"per": 82.34012063852634}, "ag": {"per": 76.8741819308553}, "tg": {"per": 78.40469017772566}, "ti": {"per": 57.32187676195956}, "vd": {"per": 61.8367682441093}, "vs": {"per": 81.52511769371797}, "ne": {"per": 53.84689707719923}, "ge": {"per": 58.930426104446205}, "ju": {"per": 62.22423039895429}, "gl": {"per": 53.34972946343669}, "ai": {"per": 80.85492227960663}, "ur": {"per": 72.96398499965947}, "ow": {"per": 100.0}, "nw": {"per": 100.00000000000001}, "annahme": 1, "zh-annahme": 1, "be-annahme": 1, "lu-annahme": 1, "sz-annahme": 1, "zg-annahme": 1, "fr-annahme": 1, "so-annahme": 1, "bs-annahme": 0, "bl-annahme": 1, "sh-annahme": 1, "ar-annahme": 1, "sg-annahme": 1, "gr-annahme": 1, "ag-annahme": 1, "tg-annahme": 1, "ti-annahme": 1, "vd-annahme": 1, "vs-annahme": 1, "ne-annahme": 1, "ge-annahme": 1, "ju-annahme": 1, "gl-annahme": 1, "ai-annahme": 1, "ur-annahme": 1, "ow-annahme": 1, "nw-annahme": 1, "forme": 1.0}