{"ch": 70.50116143592747, "zh": 66.98983739549644, "be": 66.43014369094125, "lu": 78.59145216802354, "sz": 85.50645756431449, "zg": 78.88561019757715, "fr": 69.28709543451485, "so": 72.9472685539011, "bs": 46.24907124567564, "bl": 61.154480446901985, "sh": 66.26465265002945, "ar": 70.93270501708486, "sg": 77.89261075677193, "gr": 82.34012063852634, "ag": 74.61959600839792, "tg": 79.48968867478612, "ti": 79.53332599318199, "vd": 61.59681786834516, "vs": 81.52511769371797, "ne": 53.84689707719923, "ge": 58.533563448988126, "ju": 62.22423039895429, "gl": 53.34972946343669, "ai": 80.85492227960663, "ur": 72.96398499965947, "ow": 100.0, "nw": 100.00000000000001, "annahme": 1, "zh-annahme": 1, "be-annahme": 1, "lu-annahme": 1, "sz-annahme": 1, "zg-annahme": 1, "fr-annahme": 1, "so-annahme": 1, "bs-annahme": 0, "bl-annahme": 1, "sh-annahme": 1, "ar-annahme": 1, "sg-annahme": 1, "gr-annahme": 1, "ag-annahme": 1, "tg-annahme": 1, "ti-annahme": 1, "vd-annahme": 1, "vs-annahme": 1, "ne-annahme": 1, "ge-annahme": 1, "ju-annahme": 1, "gl-annahme": 1, "ai-annahme": 1, "ur-annahme": 1, "ow-annahme": 1, "nw-annahme": 1, "forme": 2.0}