{"ch": {"per": 70.50116143592747}, "zh": {"per": 66.98983739549644}, "be": {"per": 66.43014369094125}, "lu": {"per": 78.59145216802354}, "sz": {"per": 85.50645756431449}, "zg": {"per": 78.88561019757715}, "fr": {"per": 69.28709543451485}, "so": {"per": 72.9472685539011}, "bs": {"per": 46.24907124567564}, "bl": {"per": 61.154480446901985}, "sh": {"per": 66.26465265002945}, "ar": {"per": 70.93270501708486}, "sg": {"per": 77.89261075677193}, "gr": {"per": 82.34012063852634}, "ag": {"per": 74.61959600839792}, "tg": {"per": 79.48968867478612}, "ti": {"per": 79.53332599318199}, "vd": {"per": 61.59681786834516}, "vs": {"per": 81.52511769371797}, "ne": {"per": 53.84689707719923}, "ge": {"per": 58.533563448988126}, "ju": {"per": 62.22423039895429}, "gl": {"per": 53.34972946343669}, "ai": {"per": 80.85492227960663}, "ur": {"per": 72.96398499965947}, "ow": {"per": 100.0}, "nw": {"per": 100.00000000000001}, "annahme": 1, "zh-annahme": 1, "be-annahme": 1, "lu-annahme": 1, "sz-annahme": 1, "zg-annahme": 1, "fr-annahme": 1, "so-annahme": 1, "bs-annahme": 0, "bl-annahme": 1, "sh-annahme": 1, "ar-annahme": 1, "sg-annahme": 1, "gr-annahme": 1, "ag-annahme": 1, "tg-annahme": 1, "ti-annahme": 1, "vd-annahme": 1, "vs-annahme": 1, "ne-annahme": 1, "ge-annahme": 1, "ju-annahme": 1, "gl-annahme": 1, "ai-annahme": 1, "ur-annahme": 1, "ow-annahme": 1, "nw-annahme": 1, "forme": 2.0}