{"ch": {"per": 97.89638856409033}, "zh": {"per": 97.59945358996107}, "be": {"per": 96.58090246719023}, "lu": {"per": 100.0}, "sz": {"per": 100.0}, "zg": {"per": 100.0}, "fr": {"per": 99.22834098996275}, "so": {"per": 99.48973949553738}, "bs": {"per": 99.47288037650041}, "bl": {"per": 99.5491844881865}, "sh": {"per": 94.63455065205027}, "ar": {"per": 100.0}, "sg": {"per": 99.05021431104811}, "gr": {"per": 100.0}, "ag": {"per": 98.8514200986771}, "tg": {"per": 96.56486623467589}, "ti": {"per": 99.46701779378769}, "vd": {"per": 96.32762435184912}, "vs": {"per": 100.0}, "ne": {"per": 87.51783207429818}, "ge": {"per": 93.15121531922816}, "ju": {"per": 95.89415162175928}, "gl": {"per": 100.0}, "ai": {"per": 100.0}, "ur": {"per": 100.0}, "ow": {"per": 100.0}, "nw": {"per": 99.99999999999999}, "annahme": 1, "zh-annahme": 1, "be-annahme": 1, "lu-annahme": 1, "sz-annahme": 1, "zg-annahme": 1, "fr-annahme": 1, "so-annahme": 1, "bs-annahme": 1, "bl-annahme": 1, "sh-annahme": 1, "ar-annahme": 1, "sg-annahme": 1, "gr-annahme": 1, "ag-annahme": 1, "tg-annahme": 1, "ti-annahme": 1, "vd-annahme": 1, "vs-annahme": 1, "ne-annahme": 1, "ge-annahme": 1, "ju-annahme": 1, "gl-annahme": 1, "ai-annahme": 1, "ur-annahme": 1, "ow-annahme": 1, "nw-annahme": 1, "forme": 4.0}