{"ch": 51.85096668694823, "zh": 51.56851930614965, "be": 55.848978909963584, "lu": 52.608987025865034, "sz": 36.76245387506324, "zg": 51.43084604624286, "fr": 59.14051753240817, "so": 49.44870523836984, "bs": 68.45991909527298, "bl": 54.07090234682716, "sh": 39.10079669792027, "ar": 29.067294982915136, "sg": 48.630098681402295, "gr": 56.907388275956215, "ag": 45.79796128991378, "tg": 47.04044444337732, "ti": 63.582170711951264, "vd": 46.18302182542434, "vs": 58.9877276588487, "ne": 41.75234587648092, "ge": 51.82997242267077, "ju": 63.69565644454333, "gl": 100.0, "ai": 100.0, "ur": 54.652232363920916, "ow": 0.0, "nw": 0.0}