{"ch": {"per": 51.85096668694823}, "zh": {"per": 51.56851930614965}, "be": {"per": 55.848978909963584}, "lu": {"per": 52.608987025865034}, "sz": {"per": 36.76245387506324}, "zg": {"per": 51.43084604624286}, "fr": {"per": 59.14051753240817}, "so": {"per": 49.44870523836984}, "bs": {"per": 68.45991909527298}, "bl": {"per": 54.07090234682716}, "sh": {"per": 39.10079669792027}, "ar": {"per": 29.067294982915136}, "sg": {"per": 48.630098681402295}, "gr": {"per": 56.907388275956215}, "ag": {"per": 45.79796128991378}, "tg": {"per": 47.04044444337732}, "ti": {"per": 63.582170711951264}, "vd": {"per": 46.18302182542434}, "vs": {"per": 58.9877276588487}, "ne": {"per": 41.75234587648092}, "ge": {"per": 51.82997242267077}, "ju": {"per": 63.69565644454333}, "gl": {"per": 100.0}, "ai": {"per": 100.0}, "ur": {"per": 54.652232363920916}, "ow": {"per": 0.0}, "nw": {"per": 0.0}, "annahme": 1, "zh-annahme": 1, "be-annahme": 1, "lu-annahme": 1, "sz-annahme": 0, "zg-annahme": 1, "fr-annahme": 1, "so-annahme": 0, "bs-annahme": 1, "bl-annahme": 1, "sh-annahme": 0, "ar-annahme": 0, "sg-annahme": 0, "gr-annahme": 1, "ag-annahme": 0, "tg-annahme": 0, "ti-annahme": 1, "vd-annahme": 0, "vs-annahme": 1, "ne-annahme": 0, "ge-annahme": 1, "ju-annahme": 1, "gl-annahme": 1, "ai-annahme": 1, "ur-annahme": 1, "ow-annahme": 0, "nw-annahme": 0, "forme": 1.0}