{"ch": {"per": 32.51111516953838}, "zh": {"per": 34.16167371463113}, "be": {"per": 36.57139473930907}, "lu": {"per": 28.71060004775136}, "sz": {"per": 42.63422509195737}, "zg": {"per": 30.756916260589094}, "fr": {"per": 27.186989021199224}, "so": {"per": 29.626151723822105}, "bs": {"per": 20.792949723238678}, "bl": {"per": 30.46308022321529}, "sh": {"per": 52.76307109388814}, "ar": {"per": 36.74501465436888}, "sg": {"per": 37.45907897763878}, "gr": {"per": 29.799046889261692}, "ag": {"per": 39.90316157568616}, "tg": {"per": 43.3659308278673}, "ti": {"per": 33.789993326720605}, "vd": {"per": 23.885730442654427}, "vs": {"per": 22.544913389036417}, "ne": {"per": 20.81933764158143}, "ge": {"per": 19.45817599974678}, "ju": {"per": 13.959884486561748}, "gl": {"per": 0.0}, "ai": {"per": 0.0}, "ur": {"per": 45.34776763607908}, "ow": {"per": 100.0}, "nw": {"per": 100.0}, "annahme": 0, "zh-annahme": 0, "be-annahme": 0, "lu-annahme": 0, "sz-annahme": 0, "zg-annahme": 0, "fr-annahme": 0, "so-annahme": 0, "bs-annahme": 0, "bl-annahme": 0, "sh-annahme": 1, "ar-annahme": 0, "sg-annahme": 0, "gr-annahme": 0, "ag-annahme": 0, "tg-annahme": 0, "ti-annahme": 0, "vd-annahme": 0, "vs-annahme": 0, "ne-annahme": 0, "ge-annahme": 0, "ju-annahme": 0, "gl-annahme": 0, "ai-annahme": 0, "ur-annahme": 0, "ow-annahme": 1, "nw-annahme": 1, "forme": 3.0}