{"ch": 32.51111516953838, "zh": 34.16167371463113, "be": 36.57139473930907, "lu": 28.71060004775136, "sz": 42.63422509195737, "zg": 30.756916260589094, "fr": 27.186989021199224, "so": 29.626151723822105, "bs": 20.792949723238678, "bl": 30.46308022321529, "sh": 52.76307109388814, "ar": 36.74501465436888, "sg": 37.45907897763878, "gr": 29.799046889261692, "ag": 39.90316157568616, "tg": 43.3659308278673, "ti": 33.789993326720605, "vd": 23.885730442654427, "vs": 22.544913389036417, "ne": 20.81933764158143, "ge": 19.45817599974678, "ju": 13.959884486561748, "gl": 0.0, "ai": 0.0, "ur": 45.34776763607908, "ow": 100.0, "nw": 100.0}