{"ch": 1.097832205433617, "zh": 0.46779364100217796, "be": 1.0738096702826252, "lu": 0.09462193097693451, "sz": 0.0, "zg": 0.0, "fr": 0.0, "so": 0.0, "bs": 0.0, "bl": 0.0, "sh": 0.0, "ar": 0.0, "sg": 0.30065934948597606, "gr": 0.0, "ag": 0.0, "tg": 0.0, "ti": 0.718549451018691, "vd": 3.4902017717344167, "vs": 0.0, "ne": 13.793579912085292, "ge": 7.5474390543451335, "ju": 4.458286226189614, "gl": 0.0, "ai": 0.0, "ur": 0.0, "ow": 0.0, "nw": 0.0, "annahme": 0, "zh-annahme": 0, "be-annahme": 0, "lu-annahme": 0, "sz-annahme": 0, "zg-annahme": 0, "fr-annahme": 0, "so-annahme": 0, "bs-annahme": 0, "bl-annahme": 0, "sh-annahme": 0, "ar-annahme": 0, "sg-annahme": 0, "gr-annahme": 0, "ag-annahme": 0, "tg-annahme": 0, "ti-annahme": 0, "vd-annahme": 0, "vs-annahme": 0, "ne-annahme": 0, "ge-annahme": 0, "ju-annahme": 0, "gl-annahme": 0, "ai-annahme": 0, "ur-annahme": 0, "ow-annahme": 0, "nw-annahme": 0, "forme": 3.0}