{"ch": 1.097832205433617, "zh": 0.46779364100217796, "be": 1.0738096702826252, "lu": 0.09462193097693451, "sz": 0.0, "zg": 0.0, "fr": 0.0, "so": 0.0, "bs": 0.0, "bl": 0.0, "sh": 0.0, "ar": 0.0, "sg": 0.30065934948597606, "gr": 0.0, "ag": 0.0, "tg": 0.0, "ti": 0.718549451018691, "vd": 3.4902017717344167, "vs": 0.0, "ne": 13.793579912085292, "ge": 7.5474390543451335, "ju": 4.458286226189614, "gl": 0.0, "ai": 0.0, "ur": 0.0, "ow": 0.0, "nw": 0.0}