{"ch": 49.99122318796887, "zh": 44.671233094944476, "be": 41.0693960287585, "lu": 53.851553032786384, "sz": 56.72555057982008, "zg": 58.6168112167933, "fr": 65.8053052869284, "so": 51.335557666223174, "bs": 60.59617734152625, "bl": 48.160565336384416, "sh": 57.32201427677389, "ar": 45.952575633507365, "sg": 52.62453222745324, "gr": 49.155004462023626, "ag": 46.634273234144146, "tg": 46.96974124448442, "ti": 56.518802835670144, "vd": 40.53484534558771, "vs": 69.73133073298544, "ne": 50.88575612258022, "ge": 52.11704684595413, "ju": 69.61435714794877, "gl": 46.65027053656331, "ai": 100.00000000000001, "ur": 50.53081305021209, "annahme": 0, "zh-annahme": 0, "be-annahme": 0, "lu-annahme": 1, "sz-annahme": 1, "zg-annahme": 1, "fr-annahme": 1, "so-annahme": 1, "bs-annahme": 1, "bl-annahme": 0, "sh-annahme": 1, "ar-annahme": 0, "sg-annahme": 1, "gr-annahme": 0, "ag-annahme": 0, "tg-annahme": 0, "ti-annahme": 1, "vd-annahme": 0, "vs-annahme": 1, "ne-annahme": 1, "ge-annahme": 1, "ju-annahme": 1, "gl-annahme": 0, "ai-annahme": 1, "ur-annahme": 1, "forme": 2.0}