{"ch": 69.38764372593502, "zh": 67.92953345386721, "be": 66.16537809230479, "lu": 71.2641458159938, "sz": 57.36577490804263, "zg": 69.2430837394109, "fr": 73.58466998883803, "so": 70.88410878064052, "bs": 79.73416990026091, "bl": 69.98773528859822, "sh": 52.60237825406158, "ar": 63.25498534563112, "sg": 63.387077444642486, "gr": 70.2009531107383, "ag": 61.24541832563675, "tg": 60.069202937456815, "ti": 85.11536211811581, "vd": 76.80114731107294, "vs": 77.45508661096359, "ne": 79.18066235841856, "ge": 80.78633011439075, "ju": 86.04011551343825, "gl": 100.0, "ai": 100.0, "ur": 54.652232363920916, "ow": 0.0, "nw": 0.0, "annahme": 1, "zh-annahme": 1, "be-annahme": 1, "lu-annahme": 1, "sz-annahme": 1, "zg-annahme": 1, "fr-annahme": 1, "so-annahme": 1, "bs-annahme": 1, "bl-annahme": 1, "sh-annahme": 1, "ar-annahme": 1, "sg-annahme": 1, "gr-annahme": 1, "ag-annahme": 1, "tg-annahme": 1, "ti-annahme": 1, "vd-annahme": 1, "vs-annahme": 1, "ne-annahme": 1, "ge-annahme": 1, "ju-annahme": 1, "gl-annahme": 1, "ai-annahme": 1, "ur-annahme": 1, "ow-annahme": 0, "nw-annahme": 0, "forme": 4.0}