{"ch": {"per": 69.38764372593502}, "zh": {"per": 67.92953345386721}, "be": {"per": 66.16537809230479}, "lu": {"per": 71.2641458159938}, "sz": {"per": 57.36577490804263}, "zg": {"per": 69.2430837394109}, "fr": {"per": 73.58466998883803}, "so": {"per": 70.88410878064052}, "bs": {"per": 79.73416990026091}, "bl": {"per": 69.98773528859822}, "sh": {"per": 52.60237825406158}, "ar": {"per": 63.25498534563112}, "sg": {"per": 63.387077444642486}, "gr": {"per": 70.2009531107383}, "ag": {"per": 61.24541832563675}, "tg": {"per": 60.069202937456815}, "ti": {"per": 85.11536211811581}, "vd": {"per": 76.80114731107294}, "vs": {"per": 77.45508661096359}, "ne": {"per": 79.18066235841856}, "ge": {"per": 80.78633011439075}, "ju": {"per": 86.04011551343825}, "gl": {"per": 100.0}, "ai": {"per": 100.0}, "ur": {"per": 54.652232363920916}, "ow": {"per": 0.0}, "nw": {"per": 0.0}, "annahme": 1, "zh-annahme": 1, "be-annahme": 1, "lu-annahme": 1, "sz-annahme": 1, "zg-annahme": 1, "fr-annahme": 1, "so-annahme": 1, "bs-annahme": 1, "bl-annahme": 1, "sh-annahme": 1, "ar-annahme": 1, "sg-annahme": 1, "gr-annahme": 1, "ag-annahme": 1, "tg-annahme": 1, "ti-annahme": 1, "vd-annahme": 1, "vs-annahme": 1, "ne-annahme": 1, "ge-annahme": 1, "ju-annahme": 1, "gl-annahme": 1, "ai-annahme": 1, "ur-annahme": 1, "ow-annahme": 0, "nw-annahme": 0, "forme": 4.0}