{"ch": 31.44631059568582, "zh": 36.28289577927547, "be": 36.23088586177205, "lu": 22.822081212824955, "sz": 14.913358994468497, "zg": 21.90639505093509, "fr": 31.745770924978277, "so": 28.02942128388197, "bs": 56.88840929851469, "bl": 39.94841876324633, "sh": 33.735347349970546, "ar": 29.067294982915143, "sg": 23.565047898959172, "gr": 19.172422276658946, "ag": 26.79517455580515, "tg": 21.860778379834816, "ti": 26.607824121087994, "vd": 40.139642463965295, "vs": 18.474882306282023, "ne": 47.805610337350366, "ge": 42.517835237097444, "ju": 37.7757696010457, "gl": 46.65027053656331, "ai": 19.145077720393367, "ur": 27.036015000340537, "ow": 0.0, "nw": 0.0}