{"ch": {"per": 27.9618053872168}, "zh": {"per": 29.94128515608825}, "be": {"per": 29.640949456765345}, "lu": {"per": 20.861125779166166}, "sz": {"per": 14.493542435685505}, "zg": {"per": 21.11438980242286}, "fr": {"per": 30.02997741971133}, "so": {"per": 25.838195036164326}, "bs": {"per": 51.08891273847619}, "bl": {"per": 36.641033364648806}, "sh": {"per": 33.735347349970546}, "ar": {"per": 29.067294982915143}, "sg": {"per": 20.604768708334188}, "gr": {"per": 17.65987936147366}, "ag": {"per": 21.97723816782179}, "tg": {"per": 18.160176056950238}, "ti": {"per": 26.310650866416243}, "vd": {"per": 37.44571528118782}, "vs": {"per": 18.474882306282023}, "ne": {"per": 46.15310292280076}, "ge": {"per": 40.825067781416244}, "ju": {"per": 37.7757696010457}, "gl": {"per": 46.65027053656331}, "ai": {"per": 19.145077720393367}, "ur": {"per": 27.036015000340537}, "ow": {"per": 0.0}, "nw": {"per": 0.0}, "annahme": 0, "zh-annahme": 0, "be-annahme": 0, "lu-annahme": 0, "sz-annahme": 0, "zg-annahme": 0, "fr-annahme": 0, "so-annahme": 0, "bs-annahme": 1, "bl-annahme": 0, "sh-annahme": 0, "ar-annahme": 0, "sg-annahme": 0, "gr-annahme": 0, "ag-annahme": 0, "tg-annahme": 0, "ti-annahme": 0, "vd-annahme": 0, "vs-annahme": 0, "ne-annahme": 0, "ge-annahme": 0, "ju-annahme": 0, "gl-annahme": 0, "ai-annahme": 0, "ur-annahme": 0, "ow-annahme": 0, "nw-annahme": 0, "forme": 3.0}