{"ch": 31.93584733035433, "zh": 34.345437782751084, "be": 37.022681596283576, "lu": 28.79848376296349, "sz": 42.63422509195736, "zg": 30.75691626058909, "fr": 27.18698902119922, "so": 29.6261517238221, "bs": 20.79294972323868, "bl": 30.46308022321529, "sh": 52.76307109388814, "ar": 36.74501465436888, "sg": 37.7421191160324, "gr": 29.799046889261696, "ag": 39.903161575686156, "tg": 43.36593082786729, "ti": 14.884637881884185, "vd": 24.01780042640039, "vs": 22.544913389036413, "ne": 20.81933764158143, "ge": 19.458175999746775, "ju": 13.959884486561748, "gl": 0.0, "ai": 0.0, "ur": 45.347767636079084, "ow": 100.0, "nw": 100.0}