{"ch": 66.56642857653063, "zh": 60.252296248378116, "be": 62.622798859586624, "lu": 73.15972901773152, "sz": 82.6914206639173, "zg": 75.27020361575153, "fr": 66.48760155090754, "so": 70.31677478502118, "bs": 41.847920580382045, "bl": 59.70997032292733, "sh": 66.26465265002945, "ar": 70.93270501708486, "sg": 73.94540526464995, "gr": 74.45096144226403, "ag": 71.78252919207691, "tg": 75.07650825777544, "ti": 72.57248496115326, "vd": 58.10075498984769, "vs": 81.52511769371797, "ne": 50.39017431414207, "ge": 56.42259885009816, "ju": 62.2242303989543, "gl": 53.349729463436695, "ai": 80.85492227960664, "ur": 72.96398499965946, "ow": 100.0, "nw": 100.0, "annahme": 1, "zh-annahme": 1, "be-annahme": 1, "lu-annahme": 1, "sz-annahme": 1, "zg-annahme": 1, "fr-annahme": 1, "so-annahme": 1, "bs-annahme": 0, "bl-annahme": 1, "sh-annahme": 1, "ar-annahme": 1, "sg-annahme": 1, "gr-annahme": 1, "ag-annahme": 1, "tg-annahme": 1, "ti-annahme": 1, "vd-annahme": 1, "vs-annahme": 1, "ne-annahme": 1, "ge-annahme": 1, "ju-annahme": 1, "gl-annahme": 1, "ai-annahme": 1, "ur-annahme": 1, "ow-annahme": 1, "nw-annahme": 1, "forme": 2.0}