{"ch": {"per": 29.93287266978792}, "zh": {"per": 33.193926672623526}, "be": {"per": 34.02114316603327}, "lu": {"per": 21.496431547188593}, "sz": {"per": 14.493542435685505}, "zg": {"per": 21.11438980242286}, "fr": {"per": 30.712904565485143}, "so": {"per": 27.052731446098903}, "bs": {"per": 53.75092875432437}, "bl": {"per": 38.845519553098015}, "sh": {"per": 33.73534734997055}, "ar": {"per": 29.067294982915143}, "sg": {"per": 22.39042938162169}, "gr": {"per": 17.65987936147366}, "ag": {"per": 25.380403991602073}, "tg": {"per": 20.510311325213877}, "ti": {"per": 26.310650866416246}, "vd": {"per": 38.535252115400795}, "vs": {"per": 18.474882306282023}, "ne": {"per": 46.15310292280078}, "ge": {"per": 41.466436551011874}, "ju": {"per": 37.7757696010457}, "gl": {"per": 46.65027053656331}, "ai": {"per": 19.145077720393363}, "ur": {"per": 27.036015000340527}, "ow": {"per": 0.0}, "nw": {"per": 0.0}, "annahme": 0, "zh-annahme": 0, "be-annahme": 0, "lu-annahme": 0, "sz-annahme": 0, "zg-annahme": 0, "fr-annahme": 0, "so-annahme": 0, "bs-annahme": 1, "bl-annahme": 0, "sh-annahme": 0, "ar-annahme": 0, "sg-annahme": 0, "gr-annahme": 0, "ag-annahme": 0, "tg-annahme": 0, "ti-annahme": 0, "vd-annahme": 0, "vs-annahme": 0, "ne-annahme": 0, "ge-annahme": 0, "ju-annahme": 0, "gl-annahme": 0, "ai-annahme": 0, "ur-annahme": 0, "ow-annahme": 0, "nw-annahme": 0, "forme": 3.0}