{"ch": 32.311064327033684, "zh": 32.80191525380649, "be": 32.67871090205736, "lu": 26.025081497343876, "sz": 16.424585388799997, "ow": 3.301152288978728, "zg": 28.57495404737147, "fr": 35.61187705118177, "so": 30.741277985966676, "bs": 61.639948085983264, "bl": 39.83741771984958, "sh": 34.070902142818056, "ar": 0.0, "sg": 23.71009061880483, "gr": 22.635241410609456, "ag": 26.937587837501244, "tg": 23.241222057953514, "ti": 34.000943356401436, "vd": 45.232268013342974, "vs": 26.314875297725916, "ne": 51.662270642547476, "ge": 50.48093854012109, "ju": 47.176046958943644, "ur": 22.755669661676567, "gl": 32.927852348835756, "ai": 8.811438784639053, "nw": 0.0, "annahme": 0, "zh-annahme": 0, "be-annahme": 0, "lu-annahme": 0, "sz-annahme": 0, "ow-annahme": 0, "zg-annahme": 0, "fr-annahme": 0, "so-annahme": 0, "bs-annahme": 1, "bl-annahme": 0, "sh-annahme": 0, "ar-annahme": 0, "sg-annahme": 0, "gr-annahme": 0, "ag-annahme": 0, "tg-annahme": 0, "ti-annahme": 0, "vd-annahme": 0, "vs-annahme": 0, "ne-annahme": 1, "ge-annahme": 1, "ju-annahme": 0, "ur-annahme": 0, "gl-annahme": 0, "ai-annahme": 0, "nw-annahme": 0, "forme": 3.0}