{"ch": 71.73834946543957, "zh": 69.65096092932848, "be": 64.24946313987402, "lu": 74.79944722161164, "sz": 62.88351578963421, "ow": 57.86359389598136, "zg": 73.16899474901555, "fr": 77.71593500440238, "so": 72.915328057419, "bs": 84.14145011197304, "bl": 73.90962910388144, "sh": 54.892306621405396, "ar": 49.47974608976998, "sg": 66.6526819687143, "gr": 70.06108289911975, "ag": 65.32336530286732, "tg": 59.39300779321279, "ti": 83.99418363591725, "vd": 81.55907383800849, "vs": 79.71547267149809, "ne": 87.31766055093655, "ge": 85.03004220229953, "ju": 83.72804049811879, "ur": 62.84980744535834, "gl": 100.0, "ai": 70.65236818578374, "nw": 35.795983508, "annahme": 1, "zh-annahme": 1, "be-annahme": 1, "lu-annahme": 1, "sz-annahme": 1, "ow-annahme": 1, "zg-annahme": 1, "fr-annahme": 1, "so-annahme": 1, "bs-annahme": 1, "bl-annahme": 1, "sh-annahme": 1, "ar-annahme": 0, "sg-annahme": 1, "gr-annahme": 1, "ag-annahme": 1, "tg-annahme": 1, "ti-annahme": 1, "vd-annahme": 1, "vs-annahme": 1, "ne-annahme": 1, "ge-annahme": 1, "ju-annahme": 1, "ur-annahme": 1, "gl-annahme": 1, "ai-annahme": 1, "nw-annahme": 0, "forme": 2.0}