{"ch": {"per": 27.654491735359688}, "zh": {"per": 29.318194875673594}, "be": {"per": 34.196130585115036}, "lu": {"per": 25.02017851954065}, "sz": {"per": 36.892794445}, "ow": {"per": 42.13640610401864}, "zg": {"per": 26.61089931234594}, "fr": {"per": 22.109030113275658}, "so": {"per": 26.756810296324968}, "bs": {"per": 15.466767813415526}, "bl": {"per": 25.17700637758416}, "sh": {"per": 44.23195032100258}, "ar": {"per": 50.52025391023002}, "sg": {"per": 32.8205007854863}, "gr": {"per": 29.938917100880246}, "ag": {"per": 33.379973954133966}, "tg": {"per": 39.52387911152095}, "ti": {"per": 16.00581636408275}, "vd": {"per": 18.195611989782485}, "vs": {"per": 20.28452732850192}, "ne": {"per": 12.682339449063429}, "ge": {"per": 14.856454029180275}, "ju": {"per": 16.013910126856167}, "ur": {"per": 37.15019255464166}, "gl": {"per": 0.0}, "ai": {"per": 29.347631814216257}, "nw": {"per": 64.204016492}, "annahme": 0, "zh-annahme": 0, "be-annahme": 0, "lu-annahme": 0, "sz-annahme": 0, "ow-annahme": 0, "zg-annahme": 0, "fr-annahme": 0, "so-annahme": 0, "bs-annahme": 0, "bl-annahme": 0, "sh-annahme": 0, "ar-annahme": 1, "sg-annahme": 0, "gr-annahme": 0, "ag-annahme": 0, "tg-annahme": 0, "ti-annahme": 0, "vd-annahme": 0, "vs-annahme": 0, "ne-annahme": 0, "ge-annahme": 0, "ju-annahme": 0, "ur-annahme": 0, "gl-annahme": 0, "ai-annahme": 0, "nw-annahme": 1, "forme": 3.0}