{"ch": 57.46400929398423, "zh": 49.40366505175222, "be": 52.838882909038205, "lu": 66.12558026495702, "sz": 78.38872924500001, "ow": 96.69884771102127, "zg": 65.0690993258459, "fr": 57.91561005481885, "so": 61.17732010165381, "bs": 28.912733521116618, "bl": 51.398112420645575, "sh": 57.84256858193742, "ar": 100.0, "sg": 67.31903973302992, "gr": 69.01745373842394, "ag": 60.594071589133094, "tg": 65.94364766176811, "ti": 64.75421656358883, "vd": 44.87023470334337, "vs": 72.86843606737827, "ne": 39.25344036664714, "ge": 42.88329574194342, "ju": 51.23809993593269, "ur": 77.24433033832344, "gl": 67.07214765116424, "ai": 91.18856121536095, "nw": 100.0}