{"ch": 58.58135369554661, "zh": 51.14346673756412, "be": 54.63435130553286, "lu": 66.84133543284521, "sz": 78.9913988408, "ow": 96.69884771102127, "zg": 65.88944107815657, "fr": 57.924723061324386, "so": 62.38782635017362, "bs": 31.03772895118682, "bl": 54.89888487869551, "sh": 56.302033574357374, "ar": 100.0, "sg": 67.96213124048052, "gr": 69.01745373842394, "ag": 63.310226119795, "tg": 65.76179110116847, "ti": 63.42465465350218, "vd": 45.86066904981602, "vs": 72.86843606737827, "ne": 39.25344036664714, "ge": 43.52086917455962, "ju": 52.82395304105637, "ur": 77.24433033832344, "gl": 67.07214765116424, "ai": 91.18856121536095, "nw": 100.0, "annahme": 1, "zh-annahme": 1, "be-annahme": 1, "lu-annahme": 1, "sz-annahme": 1, "ow-annahme": 1, "zg-annahme": 1, "fr-annahme": 1, "so-annahme": 1, "bs-annahme": 0, "bl-annahme": 1, "sh-annahme": 1, "ar-annahme": 1, "sg-annahme": 1, "gr-annahme": 1, "ag-annahme": 1, "tg-annahme": 1, "ti-annahme": 1, "vd-annahme": 0, "vs-annahme": 1, "ne-annahme": 0, "ge-annahme": 0, "ju-annahme": 1, "ur-annahme": 1, "gl-annahme": 1, "ai-annahme": 1, "nw-annahme": 1, "forme": 2.0}