{"ch": 56.84193322174847, "zh": 56.81932370433276, "be": 57.4818774978652, "lu": 59.49288183100751, "sz": 40.009120956000004, "ow": 44.760199314784685, "zg": 58.71230172246325, "fr": 61.59078044126891, "so": 55.15993464997869, "bs": 77.13276423061016, "bl": 58.28433777220429, "sh": 44.37013784631017, "ar": 0.0, "sg": 52.29033561411602, "gr": 56.430988768174274, "ag": 52.70922889642507, "tg": 49.02286892650195, "ti": 58.15477656865938, "vd": 57.99596286414658, "vs": 62.810600572092845, "ne": 64.92717889943522, "ge": 65.79079242419816, "ju": 73.94564198670953, "ur": 62.84980744535834, "gl": 100.0, "ai": 70.65236818578376, "nw": 35.795983508}