{"ch": 67.82564347144117, "zh": 67.39013180410812, "be": 67.70235059393549, "lu": 74.12448939676209, "sz": 83.5754146112, "ow": 96.69884771102127, "zg": 71.42504595262852, "fr": 64.38812294881822, "so": 69.86685070296757, "bs": 38.36005191401674, "bl": 60.16258228015042, "sh": 65.92909785718194, "ar": 100.0, "sg": 76.54399997976631, "gr": 77.36475858939055, "ag": 73.06241216249876, "tg": 76.75877794204648, "ti": 65.99905664359858, "vd": 54.84117009971382, "vs": 73.6851247022741, "ne": 48.337729357452524, "ge": 49.51906145987891, "ju": 52.82395304105637, "ur": 77.24433033832344, "gl": 67.07214765116424, "ai": 91.18856121536095, "nw": 100.0}