{"ch": {"per": 46.09488684098332}, "zh": {"per": 53.94068338793559}, "be": {"per": 58.08485053466201}, "lu": {"per": 33.874419735042984}, "sz": {"per": 21.611270755}, "ow": {"per": 3.301152288978729}, "zg": {"per": 34.9309006741541}, "fr": {"per": 43.55000674680747}, "so": {"per": 40.82982407918457}, "bs": {"per": 71.88288304756033}, "bl": {"per": 49.78620118994846}, "sh": {"per": 45.63941585920554}, "ar": {"per": 0.0}, "sg": {"per": 34.260432080777235}, "gr": {"per": 40.08241178923967}, "ag": {"per": 43.5777721176463}, "tg": {"per": 39.18034650212164}, "ti": {"per": 36.575345346497826}, "vd": {"per": 55.85437478531541}, "vs": {"per": 27.131563932621734}, "ne": {"per": 60.74655963335286}, "ge": {"per": 57.6392496601543}, "ju": {"per": 48.76190006406731}, "ur": {"per": 22.755669661676563}, "gl": {"per": 100.0}, "ai": {"per": 8.811438784639057}, "nw": {"per": 0.0}, "annahme": 0, "zh-annahme": 1, "be-annahme": 1, "lu-annahme": 0, "sz-annahme": 0, "ow-annahme": 0, "zg-annahme": 0, "fr-annahme": 0, "so-annahme": 0, "bs-annahme": 1, "bl-annahme": 0, "sh-annahme": 0, "ar-annahme": 0, "sg-annahme": 0, "gr-annahme": 0, "ag-annahme": 0, "tg-annahme": 0, "ti-annahme": 0, "vd-annahme": 1, "vs-annahme": 0, "ne-annahme": 1, "ge-annahme": 1, "ju-annahme": 0, "ur-annahme": 0, "gl-annahme": 1, "ai-annahme": 0, "nw-annahme": 0, "forme": 3.0}