{"ch": 34.32270521915731, "zh": 36.00649697414574, "be": 36.64557369344672, "lu": 26.591265771126107, "sz": 17.0272549846, "ow": 3.301152288978729, "zg": 29.395295799682135, "fr": 36.39734811472667, "so": 31.343655545552238, "bs": 64.11042664409673, "bl": 43.33819017789953, "sh": 36.01235157638097, "ar": 0.0, "sg": 25.0357889714925, "gr": 22.63524141060946, "ag": 30.676880171730932, "tg": 25.908528933948183, "ti": 34.000943356401436, "vd": 46.489100246005805, "vs": 26.314875297725916, "ne": 51.66227064254748, "ge": 51.239148884158475, "ju": 48.76190006406731, "ur": 22.755669661676563, "gl": 32.927852348835756, "ai": 8.811438784639057, "nw": 0.0}