{"ch": 33.71743794283911, "zh": 32.43867095474248, "be": 40.07453824261516, "lu": 33.96445078057037, "sz": 45.54695209456727, "ow": 71.97765660322128, "zg": 35.29378569318536, "fr": 27.737481449044573, "so": 32.451284065644835, "bs": 16.90652333548286, "bl": 29.00016234920185, "sh": 46.14905395087286, "ar": 50.52025391023002, "sg": 41.64465519659751, "gr": 40.15867422156807, "ag": 40.23748461860812, "tg": 47.985569773744665, "ti": 37.921301144913365, "vd": 18.992631684287698, "vs": 31.53641716279034, "ne": 13.235672524623405, "ge": 16.40369997780059, "ju": 21.867843190172124, "ur": 62.01428571463251, "gl": 0.0, "ai": 76.90866510542482, "nw": 100.0, "annahme": 0, "zh-annahme": 0, "be-annahme": 0, "lu-annahme": 0, "sz-annahme": 0, "ow-annahme": 1, "zg-annahme": 0, "fr-annahme": 0, "so-annahme": 0, "bs-annahme": 0, "bl-annahme": 0, "sh-annahme": 0, "ar-annahme": 1, "sg-annahme": 0, "gr-annahme": 0, "ag-annahme": 0, "tg-annahme": 0, "ti-annahme": 0, "vd-annahme": 0, "vs-annahme": 0, "ne-annahme": 0, "ge-annahme": 0, "ju-annahme": 0, "ur-annahme": 1, "gl-annahme": 0, "ai-annahme": 1, "nw-annahme": 1, "forme": 3.0}