{"ch": {"per": 51.66683954478698}, "zh": {"per": 47.90137517247216}, "be": {"per": 49.41343291902829}, "lu": {"per": 55.42084030322825}, "sz": {"per": 74.25484351705468}, "ow": {"per": 94.36095225434076}, "zg": {"per": 55.24641046804925}, "fr": {"per": 47.72842565019945}, "so": {"per": 55.043103667984994}, "bs": {"per": 26.600355066986033}, "bl": {"per": 50.063841171946876}, "sh": {"per": 55.31324691629918}, "ar": {"per": 100.0}, "sg": {"per": 60.14725734764884}, "gr": {"per": 58.441450047078916}, "ag": {"per": 57.680310685768085}, "tg": {"per": 59.73561528339255}, "ti": {"per": 52.5556263530944}, "vd": {"per": 44.26314053977167}, "vs": {"per": 57.818473923431235}, "ne": {"per": 36.60305549037}, "ge": {"per": 38.15651035799332}, "ju": {"per": 36.94412394941615}, "ur": {"per": 62.01428571463251}, "gl": {"per": 0.0}, "ai": {"per": 76.90866510542482}, "nw": {"per": 100.0}, "annahme": 1, "zh-annahme": 0, "be-annahme": 0, "lu-annahme": 1, "sz-annahme": 1, "ow-annahme": 1, "zg-annahme": 1, "fr-annahme": 0, "so-annahme": 1, "bs-annahme": 0, "bl-annahme": 1, "sh-annahme": 1, "ar-annahme": 1, "sg-annahme": 1, "gr-annahme": 1, "ag-annahme": 1, "tg-annahme": 1, "ti-annahme": 1, "vd-annahme": 0, "vs-annahme": 1, "ne-annahme": 0, "ge-annahme": 0, "ju-annahme": 0, "ur-annahme": 1, "gl-annahme": 0, "ai-annahme": 1, "nw-annahme": 1, "forme": 2.0}