{"ch": {"per": 98.25462275313438}, "zh": {"per": 97.49404678572444}, "be": {"per": 95.60191083633732}, "lu": {"per": 100.0}, "sz": {"per": 100.00000000000001}, "ow": {"per": 100.0}, "zg": {"per": 100.0}, "fr": {"per": 98.68771846672311}, "so": {"per": 100.0}, "bs": {"per": 99.56175437369708}, "bl": {"per": 100.0}, "sh": {"per": 93.89525319287024}, "ar": {"per": 100.0}, "sg": {"per": 98.06893665985814}, "gr": {"per": 100.0}, "ag": {"per": 98.11715057743788}, "tg": {"per": 94.10827949111292}, "ti": {"per": 97.8697954270926}, "vd": {"per": 99.57133645412362}, "vs": {"per": 100.0}, "ne": {"per": 99.99999999999999}, "ge": {"per": 99.84249019162549}, "ju": {"per": 100.0}, "ur": {"per": 100.0}, "gl": {"per": 100.0}, "ai": {"per": 100.0}, "annahme": 1, "zh-annahme": 1, "be-annahme": 1, "lu-annahme": 1, "sz-annahme": 1, "ow-annahme": 1, "zg-annahme": 1, "fr-annahme": 1, "so-annahme": 1, "bs-annahme": 1, "bl-annahme": 1, "sh-annahme": 1, "ar-annahme": 1, "sg-annahme": 1, "gr-annahme": 1, "ag-annahme": 1, "tg-annahme": 1, "ti-annahme": 1, "vd-annahme": 1, "vs-annahme": 1, "ne-annahme": 1, "ge-annahme": 1, "ju-annahme": 1, "ur-annahme": 1, "gl-annahme": 1, "ai-annahme": 1, "forme": 2.0}