{"ch": 98.25462275313438, "zh": 97.49404678572444, "be": 95.60191083633732, "lu": 100.0, "sz": 100.00000000000001, "ow": 100.0, "zg": 100.0, "fr": 98.68771846672311, "so": 100.0, "bs": 99.56175437369708, "bl": 100.0, "sh": 93.89525319287024, "ar": 100.0, "sg": 98.06893665985814, "gr": 100.0, "ag": 98.11715057743788, "tg": 94.10827949111292, "ti": 97.8697954270926, "vd": 99.57133645412362, "vs": 100.0, "ne": 99.99999999999999, "ge": 99.84249019162549, "ju": 100.0, "ur": 100.0, "gl": 100.0, "ai": 100.0}