{"ch": {"per": 66.02280116881316}, "zh": {"per": 68.60073385683128}, "be": {"per": 61.57690854191071}, "lu": {"per": 66.56346678725319}, "sz": {"per": 54.789433200138426}, "ow": {"per": 28.022343396778727}, "zg": {"per": 65.08608177222916}, "fr": {"per": 72.53318586464793}, "so": {"per": 68.74513078699033}, "bs": {"per": 83.5380237845922}, "bl": {"per": 72.12390456634047}, "sh": {"per": 54.767180166872144}, "ar": {"per": 49.47974608976998}, "sg": {"per": 59.48979084620289}, "gr": {"per": 59.84132577843193}, "ag": {"per": 61.4979876499525}, "tg": {"per": 53.51962835610609}, "ti": {"per": 61.01634369043117}, "vd": {"per": 77.05731270587019}, "vs": {"per": 68.46358283720966}, "ne": {"per": 71.99672070363484}, "ge": {"per": 74.95894686445628}, "ju": {"per": 78.59568155587485}, "ur": {"per": 37.98571428536749}, "gl": {"per": 100.0}, "ai": {"per": 23.09133489457518}, "nw": {"per": 0.0}, "annahme": 1, "zh-annahme": 1, "be-annahme": 1, "lu-annahme": 1, "sz-annahme": 1, "ow-annahme": 0, "zg-annahme": 1, "fr-annahme": 1, "so-annahme": 1, "bs-annahme": 1, "bl-annahme": 1, "sh-annahme": 1, "ar-annahme": 0, "sg-annahme": 1, "gr-annahme": 1, "ag-annahme": 1, "tg-annahme": 1, "ti-annahme": 1, "vd-annahme": 1, "vs-annahme": 1, "ne-annahme": 1, "ge-annahme": 1, "ju-annahme": 1, "ur-annahme": 0, "gl-annahme": 1, "ai-annahme": 0, "nw-annahme": 0, "forme": 2.0}