{"ch": 52.29602466345709, "zh": 48.762905106243025, "be": 50.86104297168714, "lu": 55.420840303228246, "sz": 74.25484351705467, "ow": 94.36095225434075, "zg": 55.24641046804925, "fr": 48.19324784528016, "so": 55.04310366798499, "bs": 26.69852908869862, "bl": 50.06384117194687, "sh": 57.35554831934012, "ar": 100.0, "sg": 60.856344792268004, "gr": 58.441450047078916, "ag": 58.36914520140669, "tg": 61.806527727267465, "ti": 53.47794190553491, "vd": 44.4185449430566, "vs": 57.818473923431235, "ne": 36.603055490370004, "ge": 38.20697984634378, "ju": 36.94412394941616, "ur": 62.0142857146325, "gl": 0.0, "ai": 76.90866510542483, "nw": 100.0}