{"ch": {"per": 39.69273305214708}, "zh": {"per": 38.39586749090612}, "be": {"per": 40.86293980604588}, "lu": {"per": 35.7498198080191}, "sz": {"per": 20.866184318110527}, "ow": {"per": 5.639047745659246}, "zg": {"per": 38.567090190563036}, "fr": {"per": 45.21768664499714}, "so": {"per": 37.464292442834754}, "bs": {"per": 68.23560884255018}, "bl": {"per": 47.98424035022768}, "sh": {"per": 36.827230063337986}, "ar": {"per": 0.0}, "sg": {"per": 31.14267251884536}, "gr": {"per": 30.361862544069307}, "ag": {"per": 35.384138431499125}, "tg": {"per": 30.468620000547023}, "ti": {"per": 34.553945170787735}, "vd": {"per": 47.86088784932217}, "vs": {"per": 40.911817738529486}, "ne": {"per": 53.9163061239242}, "ge": {"per": 56.1058169091961}, "ju": {"per": 65.17553980533077}, "ur": {"per": 37.9857142853675}, "gl": {"per": 100.0}, "ai": {"per": 23.09133489457518}, "nw": {"per": 0.0}, "annahme": 0, "zh-annahme": 0, "be-annahme": 0, "lu-annahme": 0, "sz-annahme": 0, "ow-annahme": 0, "zg-annahme": 0, "fr-annahme": 0, "so-annahme": 0, "bs-annahme": 1, "bl-annahme": 0, "sh-annahme": 0, "ar-annahme": 0, "sg-annahme": 0, "gr-annahme": 0, "ag-annahme": 0, "tg-annahme": 0, "ti-annahme": 0, "vd-annahme": 0, "vs-annahme": 0, "ne-annahme": 1, "ge-annahme": 1, "ju-annahme": 1, "ur-annahme": 0, "gl-annahme": 1, "ai-annahme": 0, "nw-annahme": 0, "forme": 3.0}