{"ch": 0.1595300800174449, "zh": 0.2047911906843488, "be": 0.424916064991021, "lu": 0.20108604678077652, "sz": 0.0, "ow": 0.0, "zg": 0.0, "fr": 0.0, "so": 0.7268811071509861, "bs": 0.0, "bl": 0.0, "sh": 0.0, "ar": 0.0, "sg": 0.3160699393348044, "gr": 0.0, "ag": 0.0, "tg": 0.0, "ti": 0.0, "vd": 0.07560510472946085, "vs": 0.0, "ne": 0.0, "ge": 0.0, "ju": 0.0, "ur": 0.0, "gl": 0.0, "ai": 0.0, "nw": 0.0}