{"ch": {"per": 50.840158902559125}, "zh": {"per": 55.72065194611364}, "be": {"per": 55.43487345278102}, "lu": {"per": 45.54143499795152}, "sz": {"per": 26.483702706647115}, "ow": {"per": 5.639047745659246}, "zg": {"per": 45.82989080695925}, "fr": {"per": 53.247392266757934}, "so": {"per": 46.40378436434793}, "bs": {"per": 76.02908631048547}, "bl": {"per": 53.81222994105935}, "sh": {"per": 46.67213314960718}, "ar": {"per": 0.0}, "sg": {"per": 41.81788343596955}, "gr": {"per": 41.5585499529211}, "ag": {"per": 46.6327627705136}, "tg": {"per": 43.40115716079822}, "ti": {"per": 47.4443736469056}, "vd": {"per": 57.1063830579933}, "vs": {"per": 42.181526076568765}, "ne": {"per": 63.396944509629996}, "ge": {"per": 62.67371441481457}, "ju": {"per": 65.17553980533076}, "ur": {"per": 37.98571428536749}, "gl": {"per": 100.0}, "ai": {"per": 23.091334894575176}, "nw": {"per": 0.0}, "annahme": 1, "zh-annahme": 1, "be-annahme": 1, "lu-annahme": 0, "sz-annahme": 0, "ow-annahme": 0, "zg-annahme": 0, "fr-annahme": 1, "so-annahme": 0, "bs-annahme": 1, "bl-annahme": 1, "sh-annahme": 0, "ar-annahme": 0, "sg-annahme": 0, "gr-annahme": 0, "ag-annahme": 0, "tg-annahme": 0, "ti-annahme": 0, "vd-annahme": 1, "vs-annahme": 0, "ne-annahme": 1, "ge-annahme": 1, "ju-annahme": 1, "ur-annahme": 0, "gl-annahme": 1, "ai-annahme": 0, "nw-annahme": 0, "forme": 3.0}