{"ch": 59.78786157493055, "zh": 61.39934131840953, "be": 58.712144128963104, "lu": 64.04909414520012, "sz": 79.13381568188947, "ow": 94.36095225434076, "zg": 61.43290980943696, "fr": 54.78231335500287, "so": 61.808826450014266, "bs": 31.764391157449815, "bl": 52.01575964977231, "sh": 63.172769936662014, "ar": 100.0, "sg": 68.54125754181985, "gr": 69.63813745593069, "ag": 64.61586156850088, "tg": 69.53137999945297, "ti": 55.89505866134369, "vd": 52.06350704594837, "vs": 59.088182261470514, "ne": 46.0836938760758, "ge": 43.894183090803885, "ju": 34.824460194669236, "ur": 62.01428571463251, "gl": 0.0, "ai": 76.90866510542483, "nw": 100.0, "annahme": 1, "zh-annahme": 1, "be-annahme": 1, "lu-annahme": 1, "sz-annahme": 1, "ow-annahme": 1, "zg-annahme": 1, "fr-annahme": 1, "so-annahme": 1, "bs-annahme": 0, "bl-annahme": 1, "sh-annahme": 1, "ar-annahme": 1, "sg-annahme": 1, "gr-annahme": 1, "ag-annahme": 1, "tg-annahme": 1, "ti-annahme": 1, "vd-annahme": 1, "vs-annahme": 1, "ne-annahme": 0, "ge-annahme": 0, "ju-annahme": 0, "ur-annahme": 1, "gl-annahme": 0, "ai-annahme": 1, "nw-annahme": 1, "forme": 2.0}