{"ch": 67.12026266647784, "zh": 68.73626650414711, "be": 61.868398148474704, "lu": 66.36238074047242, "sz": 54.78943320013843, "ow": 28.022343396778727, "zg": 65.08608177222916, "fr": 72.53318586464793, "so": 68.01824967983934, "bs": 83.5380237845922, "bl": 72.12390456634046, "sh": 54.767180166872144, "ar": 49.47974608976999, "sg": 59.17372090686809, "gr": 59.84132577843194, "ag": 61.497987649952485, "tg": 53.51962835610609, "ti": 62.07869885508664, "vd": 81.26747688846521, "vs": 68.46358283720966, "ne": 86.7643274753766, "ge": 83.7324876030722, "ju": 78.59568155587485, "ur": 37.98571428536749, "gl": 100.0, "ai": 23.09133489457518, "nw": 0.0, "annahme": 1, "zh-annahme": 1, "be-annahme": 1, "lu-annahme": 1, "sz-annahme": 1, "ow-annahme": 0, "zg-annahme": 1, "fr-annahme": 1, "so-annahme": 1, "bs-annahme": 1, "bl-annahme": 1, "sh-annahme": 1, "ar-annahme": 0, "sg-annahme": 1, "gr-annahme": 1, "ag-annahme": 1, "tg-annahme": 1, "ti-annahme": 1, "vd-annahme": 1, "vs-annahme": 1, "ne-annahme": 1, "ge-annahme": 1, "ju-annahme": 1, "ur-annahme": 0, "gl-annahme": 1, "ai-annahme": 0, "nw-annahme": 0, "forme": 2.0}