{"ch": {"per": 45.04407072601665}, "zh": {"per": 42.960935911709385}, "be": {"per": 43.62479326728681}, "lu": {"per": 42.06265831444916}, "sz": {"per": 61.33692737780825}, "ow": {"per": 100.0}, "nw": {"per": 54.65792893100001}, "zg": {"per": 44.88392674805727}, "fr": {"per": 41.48197406412035}, "so": {"per": 47.0721970388472}, "bs": {"per": 24.07931721757321}, "bl": {"per": 44.33361608025724}, "sh": {"per": 54.61679931547701}, "ar": {"per": 83.98735249271697}, "sg": {"per": 51.23240446125445}, "gr": {"per": 45.668224777588485}, "ag": {"per": 50.99343574533051}, "tg": {"per": 55.484607819658116}, "ti": {"per": 40.03160606593817}, "vd": {"per": 43.00111402949096}, "vs": {"per": 39.13254019411739}, "ne": {"per": 38.919777155355675}, "ge": {"per": 37.500388014598315}, "ju": {"per": 28.274301627176627}, "gl": {"per": 43.8084397103473}, "ur": {"per": 36.17168837163909}, "ai": {"per": 2.7298273785741363}, "annahme": 0, "zh-annahme": 0, "be-annahme": 0, "lu-annahme": 0, "sz-annahme": 1, "ow-annahme": 1, "nw-annahme": 1, "zg-annahme": 0, "fr-annahme": 0, "so-annahme": 0, "bs-annahme": 0, "bl-annahme": 0, "sh-annahme": 1, "ar-annahme": 1, "sg-annahme": 1, "gr-annahme": 0, "ag-annahme": 1, "tg-annahme": 1, "ti-annahme": 0, "vd-annahme": 0, "vs-annahme": 0, "ne-annahme": 0, "ge-annahme": 0, "ju-annahme": 0, "gl-annahme": 0, "ur-annahme": 0, "ai-annahme": 0, "forme": 3.0}