{"zh":{"eli":965383,"cas":432213,"par":44.7711426,"val":424712,"yes":325482,"no":99230,"per":76.6359321},"be":{"eli":746563,"cas":328362,"par":43.9831602,"val":319617,"yes":239532,"no":80085,"per":74.9434479},"lu":{"eli":285114,"cas":119717,"par":41.9891692,"val":117176,"yes":92217,"no":24959,"per":78.6995631},"ur":{"eli":27031,"cas":11134,"par":41.1897451,"val":10861,"yes":7908,"no":2953,"per":72.810975},"sz":{"eli":107429,"cas":52700,"par":49.0556554,"val":52151,"yes":39231,"no":12920,"per":75.2257867},"ow":{"eli":27534,"cas":13599,"par":49.3898453,"val":13145,"yes":10144,"no":3001,"per":77.1700266},"nw":{"eli":31860,"cas":15769,"par":49.4946642,"val":15433,"yes":12272,"no":3161,"per":79.5179162},"gl":{"eli":26317,"cas":10505,"par":39.9171638,"val":10309,"yes":7558,"no":2751,"per":73.3145795},"zg":{"eli":78837,"cas":39984,"par":50.7173028,"val":39639,"yes":32638,"no":7001,"per":82.3381014},"fr":{"eli":214399,"cas":82260,"par":38.3677163,"val":80116,"yes":64621,"no":15495,"per":80.659294},"so":{"eli":182823,"cas":72289,"par":39.5404298,"val":71032,"yes":55488,"no":15544,"per":78.1169051},"bs":{"eli":114085,"cas":54213,"par":47.5198317,"val":52899,"yes":43016,"no":9883,"per":81.3172272},"bl":{"eli":190801,"cas":81505,"par":42.7172814,"val":79012,"yes":64204,"no":14808,"per":81.258543},"sh":{"eli":53615,"cas":33896,"par":63.2211135,"val":30774,"yes":23346,"no":7428,"per":75.8627413},"ar":{"eli":38991,"cas":17917,"par":45.9516299,"val":17652,"yes":13327,"no":4325,"per":75.4985271},"ai":{"eli":12245,"cas":4561,"par":37.2478563,"val":4437,"yes":3449,"no":988,"per":77.7327023},"sg":{"eli":330842,"cas":135916,"par":41.0818457,"val":134197,"yes":102867,"no":31330,"per":76.6537255},"gr":{"eli":141829,"cas":55799,"par":39.3424476,"val":54228,"yes":42154,"no":12074,"per":77.7347496},"ag":{"eli":441619,"cas":179902,"par":40.7369248,"val":177060,"yes":136340,"no":40720,"per":77.0021462},"tg":{"eli":178631,"cas":74205,"par":41.5409419,"val":71995,"yes":54947,"no":17048,"per":76.3205778},"ti":{"eli":224885,"cas":88351,"par":39.2871912,"val":84079,"yes":63711,"no":20368,"per":75.7751638},"vd":{"eli":472177,"cas":194121,"par":41.1119135,"val":187706,"yes":160826,"no":26880,"per":85.6797332},"vs":{"eli":232514,"cas":90375,"par":38.8686273,"val":86356,"yes":69022,"no":17334,"per":79.9272778},"ne":{"eli":113950,"cas":40979,"par":35.9622642,"val":40019,"yes":33891,"no":6128,"per":84.6872735},"ge":{"eli":276401,"cas":110854,"par":40.1062225,"val":106997,"yes":91563,"no":15434,"per":85.5752965},"ju":{"eli":54380,"cas":17497,"par":32.1754321,"val":16946,"yes":13555,"no":3391,"per":79.989378}}