{"zh":{"eli":965383,"cas":435539,"par":45.1156691,"val":432818,"yes":270333,"no":162485,"per":62.4588164},"be":{"eli":746563,"cas":328378,"par":43.9853033,"val":325442,"yes":190464,"no":134978,"per":58.5247141},"lu":{"eli":285114,"cas":120279,"par":42.1862834,"val":118879,"yes":70116,"no":48763,"per":58.9809807},"ur":{"eli":27031,"cas":11325,"par":41.8963412,"val":11160,"yes":4811,"no":6349,"per":43.109319},"sz":{"eli":107429,"cas":53042,"par":49.3740052,"val":52762,"yes":22414,"no":30348,"per":42.4813313},"ow":{"eli":27534,"cas":13680,"par":49.684027,"val":13408,"yes":5880,"no":7528,"per":43.8544153},"nw":{"eli":31860,"cas":15914,"par":49.9497803,"val":15740,"yes":7367,"no":8373,"per":46.8043202},"gl":{"eli":26317,"cas":10518,"par":39.9665615,"val":10444,"yes":4803,"no":5641,"per":45.9881272},"zg":{"eli":78837,"cas":40158,"par":50.9380113,"val":39944,"yes":22999,"no":16945,"per":57.5781094},"fr":{"eli":214399,"cas":82405,"par":38.4353472,"val":81378,"yes":50377,"no":31001,"per":61.9049375},"so":{"eli":182823,"cas":72750,"par":39.7925863,"val":72215,"yes":38192,"no":34023,"per":52.8865194},"bs":{"eli":114085,"cas":54213,"par":47.5198317,"val":53751,"yes":39396,"no":14355,"per":73.2935201},"bl":{"eli":190801,"cas":81968,"par":42.9599426,"val":80174,"yes":45888,"no":34286,"per":57.2355128},"sh":{"eli":53615,"cas":34127,"par":63.6519631,"val":32138,"yes":16751,"no":15387,"per":52.1220985},"ar":{"eli":38991,"cas":18114,"par":46.4568747,"val":17981,"yes":9160,"no":8821,"per":50.9426617},"ai":{"eli":12245,"cas":4586,"par":37.4520212,"val":4493,"yes":2089,"no":2404,"per":46.4945471},"sg":{"eli":330842,"cas":136800,"par":41.3490427,"val":136049,"yes":70775,"no":65274,"per":52.0216981},"gr":{"eli":141829,"cas":56514,"par":39.8465758,"val":55508,"yes":30780,"no":24728,"per":55.4514665},"ag":{"eli":441619,"cas":180669,"par":40.9106039,"val":179477,"yes":93550,"no":85927,"per":52.1236704},"tg":{"eli":178631,"cas":74560,"par":41.7396756,"val":72943,"yes":35964,"no":36979,"per":49.3042513},"ti":{"eli":224885,"cas":88418,"par":39.3169842,"val":86016,"yes":47160,"no":38856,"per":54.8270089},"vd":{"eli":472177,"cas":194262,"par":41.1417752,"val":191854,"yes":133365,"no":58489,"per":69.5137969},"vs":{"eli":232514,"cas":90413,"par":38.8849704,"val":87129,"yes":48262,"no":38867,"per":55.3914311},"ne":{"eli":113950,"cas":41103,"par":36.0710838,"val":40657,"yes":28408,"no":12249,"per":69.8723467},"ge":{"eli":276401,"cas":110854,"par":40.1062225,"val":108401,"yes":80746,"no":27655,"per":74.4882427},"ju":{"eli":54380,"cas":17547,"par":32.2673777,"val":17290,"yes":10924,"no":6366,"per":63.1810295}}