{"zh":{"eli":965383,"cas":434467,"par":45.0046251,"val":429671,"yes":285571,"no":144100,"per":66.4627122},"be":{"eli":746563,"cas":328323,"par":43.9779362,"val":323035,"yes":201044,"no":121991,"per":62.2359806},"lu":{"eli":285114,"cas":120325,"par":42.2024173,"val":118381,"yes":72495,"no":45886,"per":61.2387123},"ur":{"eli":27031,"cas":11281,"par":41.7335652,"val":11056,"yes":5688,"no":5368,"per":51.447178},"sz":{"eli":107429,"cas":53048,"par":49.3795902,"val":52720,"yes":24119,"no":28601,"per":45.7492413},"ow":{"eli":27534,"cas":13577,"par":49.3099441,"val":13237,"yes":6271,"no":6966,"per":47.3747828},"nw":{"eli":31860,"cas":15832,"par":49.6924043,"val":15607,"yes":8637,"no":6970,"per":55.3405523},"gl":{"eli":26317,"cas":10537,"par":40.0387582,"val":10429,"yes":5591,"no":4838,"per":53.6101256},"zg":{"eli":78837,"cas":40112,"par":50.8796631,"val":39809,"yes":24011,"no":15798,"per":60.3155065},"fr":{"eli":214399,"cas":82480,"par":38.4703287,"val":80849,"yes":49592,"no":31257,"per":61.3390394},"so":{"eli":182823,"cas":72712,"par":39.7718011,"val":71924,"yes":43252,"no":28672,"per":60.1356988},"bs":{"eli":114085,"cas":54213,"par":47.5198317,"val":53243,"yes":38354,"no":14889,"per":72.0357606},"bl":{"eli":190801,"cas":81769,"par":42.8556454,"val":79647,"yes":50228,"no":29419,"per":63.0632667},"sh":{"eli":53615,"cas":34034,"par":63.4785041,"val":31750,"yes":17630,"no":14120,"per":55.5275591},"ar":{"eli":38991,"cas":17931,"par":45.9875356,"val":17737,"yes":9169,"no":8568,"per":51.6941986},"ai":{"eli":12245,"cas":4575,"par":37.3621886,"val":4466,"yes":2168,"no":2298,"per":48.5445589},"sg":{"eli":330842,"cas":136422,"par":41.2347888,"val":135327,"yes":74061,"no":61266,"per":54.727438},"gr":{"eli":141829,"cas":56261,"par":39.668192,"val":54993,"yes":32406,"no":22587,"per":58.9274999},"ag":{"eli":441619,"cas":180673,"par":40.9115097,"val":179029,"yes":105834,"no":73195,"per":59.1155623},"tg":{"eli":178631,"cas":74564,"par":41.7419149,"val":72754,"yes":38786,"no":33968,"per":53.3111581},"ti":{"eli":224885,"cas":88330,"par":39.2778531,"val":85358,"yes":49317,"no":36041,"per":57.7766583},"vd":{"eli":472177,"cas":194234,"par":41.1358452,"val":190075,"yes":129534,"no":60541,"per":68.1488886},"vs":{"eli":232514,"cas":90380,"par":38.8707777,"val":86724,"yes":51561,"no":35163,"per":59.4541303},"ne":{"eli":113950,"cas":40737,"par":35.7498903,"val":39933,"yes":27581,"no":12352,"per":69.0681892},"ge":{"eli":276401,"cas":110854,"par":40.1062225,"val":107171,"yes":74951,"no":32220,"per":69.9358968},"ju":{"eli":54380,"cas":17483,"par":32.1496874,"val":17069,"yes":10365,"no":6704,"per":60.7241197}}