{"zh":{"eli":968595,"cas":570425,"par":58.8920034,"val":567515,"yes":295601,"no":271914,"per":52.0869052},"be":{"eli":747589,"cas":432170,"par":57.8085017,"val":429769,"yes":241979,"no":187790,"per":56.3044333},"lu":{"eli":285958,"cas":167335,"par":58.5173347,"val":165653,"yes":77143,"no":88510,"per":46.5690329},"ur":{"eli":27053,"cas":16927,"par":62.5697705,"val":16784,"yes":7318,"no":9466,"per":43.6010486},"sz":{"eli":108075,"cas":68015,"par":62.9331483,"val":67862,"yes":28783,"no":39079,"per":42.4140167},"ow":{"eli":27633,"cas":17822,"par":64.4953498,"val":17466,"yes":7068,"no":10398,"per":40.4671934},"nw":{"eli":32022,"cas":20590,"par":64.2995441,"val":20400,"yes":8971,"no":11429,"per":43.9754902},"gl":{"eli":26877,"cas":15133,"par":56.3046471,"val":14994,"yes":8456,"no":6538,"per":56.3958917},"zg":{"eli":78825,"cas":51658,"par":65.535046,"val":51485,"yes":21583,"no":29902,"per":41.9209478},"fr":{"eli":215906,"cas":127633,"par":59.1150779,"val":126425,"yes":91444,"no":34981,"per":72.3306308},"so":{"eli":183296,"cas":108566,"par":59.2298795,"val":108144,"yes":64969,"no":43175,"per":60.0763796},"bs":{"eli":113922,"cas":67702,"par":59.4283808,"val":67078,"yes":43235,"no":23843,"per":64.4548138},"bl":{"eli":191091,"cas":113356,"par":59.3204285,"val":110868,"yes":67241,"no":43627,"per":60.6496013},"sh":{"eli":53995,"cas":38640,"par":71.5621817,"val":37583,"yes":21183,"no":16400,"per":56.3632493},"ar":{"eli":39225,"cas":23490,"par":59.8852772,"val":23342,"yes":10806,"no":12536,"per":46.2942336},"ai":{"eli":12249,"cas":7019,"par":57.3026369,"val":6941,"yes":2183,"no":4758,"per":31.4507996},"sg":{"eli":331512,"cas":188036,"par":56.720722,"val":187353,"yes":91321,"no":96032,"per":48.7427476},"gr":{"eli":142195,"cas":80121,"par":56.3458631,"val":78902,"yes":40888,"no":38014,"per":51.8212466},"ag":{"eli":443581,"cas":253254,"par":57.0930676,"val":252469,"yes":132707,"no":119762,"per":52.5636811},"tg":{"eli":179814,"cas":99119,"par":55.1230716,"val":96955,"yes":47252,"no":49703,"per":48.7360116},"ti":{"eli":225377,"cas":130923,"par":58.0906659,"val":129679,"yes":92050,"no":37629,"per":70.9829656},"vd":{"eli":475731,"cas":276924,"par":58.210207,"val":274507,"yes":204085,"no":70422,"per":74.3460094},"vs":{"eli":233798,"cas":143834,"par":61.5206289,"val":141514,"yes":91747,"no":49767,"per":64.8324547},"ne":{"eli":114148,"cas":65035,"par":56.974279,"val":64624,"yes":50682,"no":13942,"per":78.4259718},"ge":{"eli":278541,"cas":146410,"par":52.5631774,"val":143288,"yes":108146,"no":35142,"per":75.4745687},"ju":{"eli":54438,"cas":33242,"par":61.0639627,"val":33021,"yes":27255,"no":5766,"per":82.5383847}}