{"zh":{"eli":968595,"cas":566601,"par":58.4972047,"val":560430,"yes":170682,"no":389748,"per":30.4555431},"be":{"eli":747589,"cas":432166,"par":57.8079667,"val":426963,"yes":106077,"no":320886,"per":24.8445416},"lu":{"eli":285958,"cas":166546,"par":58.2414201,"val":164102,"yes":44503,"no":119599,"per":27.1191088},"ur":{"eli":27053,"cas":16691,"par":61.6974088,"val":16516,"yes":3765,"no":12751,"per":22.7960765},"sz":{"eli":108075,"cas":67439,"par":62.4001851,"val":67098,"yes":19588,"no":47510,"per":29.1931205},"ow":{"eli":27633,"cas":17823,"par":64.4989686,"val":17325,"yes":4720,"no":12605,"per":27.2438672},"nw":{"eli":32022,"cas":20530,"par":64.1121729,"val":20292,"yes":5723,"no":14569,"per":28.2032328},"gl":{"eli":26877,"cas":15064,"par":56.047922,"val":14845,"yes":3694,"no":11151,"per":24.8837993},"zg":{"eli":78825,"cas":51439,"par":65.2572154,"val":51175,"yes":15406,"no":35769,"per":30.1045432},"fr":{"eli":215906,"cas":126728,"par":58.695914,"val":125088,"yes":24488,"no":100600,"per":19.5766181},"so":{"eli":183296,"cas":107988,"par":58.9145426,"val":107262,"yes":27633,"no":79629,"per":25.7621525},"bs":{"eli":113922,"cas":67702,"par":59.4283808,"val":65685,"yes":18289,"no":47396,"per":27.8434955},"bl":{"eli":191091,"cas":112517,"par":58.8813707,"val":109462,"yes":29221,"no":80241,"per":26.6951088},"sh":{"eli":53995,"cas":38344,"par":71.0139828,"val":36878,"yes":10996,"no":25882,"per":29.8172352},"ar":{"eli":39225,"cas":23263,"par":59.3065647,"val":23055,"yes":6322,"no":16733,"per":27.4213836},"ai":{"eli":12249,"cas":7014,"par":57.2618173,"val":6911,"yes":2023,"no":4888,"per":29.2721748},"sg":{"eli":331512,"cas":186697,"par":56.3168151,"val":184901,"yes":49566,"no":135335,"per":26.8067777},"gr":{"eli":142195,"cas":79573,"par":55.9604768,"val":77967,"yes":20632,"no":57335,"per":26.4624777},"ag":{"eli":443581,"cas":252142,"par":56.8423805,"val":250479,"yes":65679,"no":184800,"per":26.2213599},"tg":{"eli":179814,"cas":98655,"par":54.8650272,"val":96123,"yes":25765,"no":70358,"per":26.8041988},"ti":{"eli":225377,"cas":130803,"par":58.0374217,"val":128710,"yes":31603,"no":97107,"per":24.5536477},"vd":{"eli":475731,"cas":276487,"par":58.1183484,"val":272651,"yes":40647,"no":232004,"per":14.9080693},"vs":{"eli":233798,"cas":143628,"par":61.4325187,"val":140242,"yes":33437,"no":106805,"per":23.8423582},"ne":{"eli":114148,"cas":64745,"par":56.7202229,"val":64065,"yes":11849,"no":52216,"per":18.4952782},"ge":{"eli":278541,"cas":146410,"par":52.5631774,"val":141549,"yes":31369,"no":110180,"per":22.1612304},"ju":{"eli":54438,"cas":33060,"par":60.7296374,"val":32734,"yes":4901,"no":27833,"per":14.9722002}}