{"ch": 21.46485742038019, "zh": 21.264194933675657, "be": 22.827850297057964, "lu": 11.072243626895665, "ur": 0.0, "sz": 22.191815856733832, "zg": 19.336488954879997, "fr": 22.506561043299797, "so": 22.97695185899043, "bs": 30.580404529456896, "bl": 25.509475081369978, "sh": 40.33693813028615, "ar": 0.0, "sg": 14.956367348238626, "gr": 25.208842085007326, "ag": 20.127683515521497, "tg": 16.675829645377434, "ti": 8.32533098152036, "vd": 29.507442575886508, "vs": 14.46323038495661, "ne": 35.390642165518145, "ge": 36.55717412604586, "ju": 28.836005683, "gl": 55.64917267277123, "ow": 0.0, "nw": 0.0, "ai": 0.0, "annahme": 0, "zh-annahme": 0, "be-annahme": 0, "lu-annahme": 0, "ur-annahme": 0, "sz-annahme": 0, "zg-annahme": 0, "fr-annahme": 0, "so-annahme": 0, "bs-annahme": 0, "bl-annahme": 0, "sh-annahme": 0, "ar-annahme": 0, "sg-annahme": 0, "gr-annahme": 0, "ag-annahme": 0, "tg-annahme": 0, "ti-annahme": 0, "vd-annahme": 0, "vs-annahme": 0, "ne-annahme": 0, "ge-annahme": 0, "ju-annahme": 0, "gl-annahme": 1, "ow-annahme": 0, "nw-annahme": 0, "ai-annahme": 0, "forme": 3.0}