{"ch": 82.29029914904197, "zh": 79.91263997288324, "be": 71.43649751734208, "lu": 86.3392268351877, "ur": 100.0, "sz": 100.0, "zg": 100.0, "fr": 97.75087588894982, "so": 88.95058807295318, "bs": 83.90843160864505, "bl": 71.84927998224157, "sh": 94.5561035757498, "ar": 100.0, "sg": 87.5260727703409, "gr": 100.0, "ag": 81.62968790083677, "tg": 83.49127093116131, "ti": 69.48174179681894, "vd": 80.61740430480405, "vs": 98.44399754586718, "ne": 71.69773701512842, "ge": 75.33411726254946, "ju": 100.0, "gl": 100.0, "ow": 100.0, "nw": 99.99999999999999, "ai": 100.0, "annahme": 1, "zh-annahme": 1, "be-annahme": 1, "lu-annahme": 1, "ur-annahme": 1, "sz-annahme": 1, "zg-annahme": 1, "fr-annahme": 1, "so-annahme": 1, "bs-annahme": 1, "bl-annahme": 1, "sh-annahme": 1, "ar-annahme": 1, "sg-annahme": 1, "gr-annahme": 1, "ag-annahme": 1, "tg-annahme": 1, "ti-annahme": 1, "vd-annahme": 1, "vs-annahme": 1, "ne-annahme": 1, "ge-annahme": 1, "ju-annahme": 1, "gl-annahme": 1, "ow-annahme": 1, "nw-annahme": 1, "ai-annahme": 1, "forme": 2.0}