{"ch": 91.59902641488564, "zh": 92.11104625963776, "be": 89.31255759469992, "lu": 97.17191206835481, "ur": 100.0, "sz": 100.0, "zg": 100.0, "fr": 98.25707637994292, "so": 100.0, "bs": 80.04363403619952, "bl": 90.5247068649774, "sh": 96.75200470827647, "ar": 100.0, "sg": 96.50134721353848, "gr": 100.0, "ag": 93.22795969176076, "tg": 96.17829473491825, "ti": 100.0, "vd": 77.74278455160015, "vs": 96.07448678811177, "ne": 66.22240799959488, "ge": 74.16440071034911, "ju": 100.0, "gl": 100.0, "ow": 100.0, "nw": 99.99999999999999, "ai": 100.0}