{"ch": {"per": 91.7285568949095}, "zh": {"per": 92.11104625963776}, "be": {"per": 89.31255759469992}, "lu": {"per": 97.17191206835481}, "ur": {"per": 100.0}, "sz": {"per": 100.0}, "zg": {"per": 100.0}, "fr": {"per": 98.25707637994292}, "so": {"per": 100.0}, "bs": {"per": 80.04363403619952}, "bl": {"per": 90.5247068649774}, "sh": {"per": 96.75200470827647}, "ar": {"per": 100.0}, "sg": {"per": 96.50134721353848}, "gr": {"per": 100.0}, "ag": {"per": 93.22795969176076}, "tg": {"per": 96.17829473491825}, "ti": {"per": 100.0}, "vd": {"per": 77.74278455160015}, "vs": {"per": 96.07448678811177}, "ne": {"per": 66.22240799959488}, "ge": {"per": 74.16440071034911}, "ju": {"per": 100.0}, "gl": {"per": 100.0}, "ow": {"per": 100.0}, "nw": {"per": 99.99999999999999}, "ai": {"per": 100.0}, "annahme": 1, "zh-annahme": 1, "be-annahme": 1, "lu-annahme": 1, "ur-annahme": 1, "sz-annahme": 1, "zg-annahme": 1, "fr-annahme": 1, "so-annahme": 1, "bs-annahme": 1, "bl-annahme": 1, "sh-annahme": 1, "ar-annahme": 1, "sg-annahme": 1, "gr-annahme": 1, "ag-annahme": 1, "tg-annahme": 1, "ti-annahme": 1, "vd-annahme": 1, "vs-annahme": 1, "ne-annahme": 1, "ge-annahme": 1, "ju-annahme": 1, "gl-annahme": 1, "ow-annahme": 1, "nw-annahme": 1, "ai-annahme": 1, "forme": 1.0}