{"ch": 89.29179936585251, "zh": 86.18566909723135, "be": 82.00575021742173, "lu": 87.8517809213133, "ur": 100.0, "sz": 100.0, "zg": 100.00000000000001, "fr": 98.2570763799429, "so": 91.48940613213229, "bs": 91.26176175682983, "bl": 79.0303808903979, "sh": 100.0, "ar": 100.0, "sg": 89.3917191495607, "gr": 99.99999999999999, "ag": 86.92925265301672, "tg": 86.24423846729775, "ti": 98.55180892842606, "vd": 90.05955767913842, "vs": 98.669045765604, "ne": 85.494874144505, "ge": 90.62308381682442, "ju": 100.0, "gl": 99.99999999999999, "ow": 100.0, "nw": 100.0, "ai": 100.0, "annahme": 1, "zh-annahme": 1, "be-annahme": 1, "lu-annahme": 1, "ur-annahme": 1, "sz-annahme": 1, "zg-annahme": 1, "fr-annahme": 1, "so-annahme": 1, "bs-annahme": 1, "bl-annahme": 1, "sh-annahme": 1, "ar-annahme": 1, "sg-annahme": 1, "gr-annahme": 1, "ag-annahme": 1, "tg-annahme": 1, "ti-annahme": 1, "vd-annahme": 1, "vs-annahme": 1, "ne-annahme": 1, "ge-annahme": 1, "ju-annahme": 1, "gl-annahme": 1, "ow-annahme": 1, "nw-annahme": 1, "ai-annahme": 1, "forme": 2.0}