{"ch": {"per": 89.29179936585251}, "zh": {"per": 86.18566909723135}, "be": {"per": 82.00575021742173}, "lu": {"per": 87.8517809213133}, "ur": {"per": 100.0}, "sz": {"per": 100.0}, "zg": {"per": 100.00000000000001}, "fr": {"per": 98.2570763799429}, "so": {"per": 91.48940613213229}, "bs": {"per": 91.26176175682983}, "bl": {"per": 79.0303808903979}, "sh": {"per": 100.0}, "ar": {"per": 100.0}, "sg": {"per": 89.3917191495607}, "gr": {"per": 99.99999999999999}, "ag": {"per": 86.92925265301672}, "tg": {"per": 86.24423846729775}, "ti": {"per": 98.55180892842606}, "vd": {"per": 90.05955767913842}, "vs": {"per": 98.669045765604}, "ne": {"per": 85.494874144505}, "ge": {"per": 90.62308381682442}, "ju": {"per": 100.0}, "gl": {"per": 99.99999999999999}, "ow": {"per": 100.0}, "nw": {"per": 100.0}, "ai": {"per": 100.0}, "annahme": 1, "zh-annahme": 1, "be-annahme": 1, "lu-annahme": 1, "ur-annahme": 1, "sz-annahme": 1, "zg-annahme": 1, "fr-annahme": 1, "so-annahme": 1, "bs-annahme": 1, "bl-annahme": 1, "sh-annahme": 1, "ar-annahme": 1, "sg-annahme": 1, "gr-annahme": 1, "ag-annahme": 1, "tg-annahme": 1, "ti-annahme": 1, "vd-annahme": 1, "vs-annahme": 1, "ne-annahme": 1, "ge-annahme": 1, "ju-annahme": 1, "gl-annahme": 1, "ow-annahme": 1, "nw-annahme": 1, "ai-annahme": 1, "forme": 2.0}