{"ch": 86.53390961654772, "zh": 77.18733080267921, "be": 70.17882875415108, "lu": 100.0, "ur": 100.0, "sz": 89.4744245524468, "zg": 100.00000000000001, "fr": 88.28720378223528, "so": 100.0, "bs": 97.72554322089364, "bl": 87.17138247750856, "sh": 77.31920841614752, "ar": 100.0, "sg": 100.0, "gr": 76.86448174831509, "ag": 79.32689321373243, "tg": 73.91017506733483, "ti": 98.53989554337943, "vd": 92.04089637343277, "vs": 100.0, "ne": 100.0, "ge": 98.81175926174448, "ju": 100.0, "gl": 55.64917267277122, "ow": 100.0, "nw": 100.0, "ai": 100.0}