{"ch": {"per": 69.50555507810125}, "zh": {"per": 66.85589424266621}, "be": {"per": 59.31732953200483}, "lu": {"per": 79.01412626357262}, "ur": {"per": 100.0}, "sz": {"per": 77.80818414326617}, "zg": {"per": 80.66351104512002}, "fr": {"per": 77.09420850639718}, "so": {"per": 68.51245427314186}, "bs": {"per": 61.91895759979665}, "bl": {"per": 59.12298162849321}, "sh": {"per": 56.41506657799031}, "ar": {"per": 100.0}, "sg": {"per": 77.13400273740353}, "gr": {"per": 74.79115791499267}, "ag": {"per": 68.75410569184608}, "tg": {"per": 72.33275346964847}, "ti": {"per": 90.60829959877636}, "vd": {"per": 62.50189858970417}, "vs": {"per": 84.20581538064738}, "ne": {"per": 53.5425495360035}, "ge": {"per": 55.276524033146075}, "ju": {"per": 71.163994317}, "gl": {"per": 44.35082732722878}, "ow": {"per": 100.0}, "nw": {"per": 100.0}, "ai": {"per": 100.0}, "annahme": 1, "zh-annahme": 1, "be-annahme": 1, "lu-annahme": 1, "ur-annahme": 1, "sz-annahme": 1, "zg-annahme": 1, "fr-annahme": 1, "so-annahme": 1, "bs-annahme": 1, "bl-annahme": 1, "sh-annahme": 1, "ar-annahme": 1, "sg-annahme": 1, "gr-annahme": 1, "ag-annahme": 1, "tg-annahme": 1, "ti-annahme": 1, "vd-annahme": 1, "vs-annahme": 1, "ne-annahme": 1, "ge-annahme": 1, "ju-annahme": 1, "gl-annahme": 0, "ow-annahme": 1, "nw-annahme": 1, "ai-annahme": 1, "forme": 2.0}