{"ch": 69.50555507810125, "zh": 66.85589424266621, "be": 59.31732953200483, "lu": 79.01412626357262, "ur": 100.0, "sz": 77.80818414326617, "zg": 80.66351104512002, "fr": 77.09420850639718, "so": 68.51245427314186, "bs": 61.91895759979665, "bl": 59.12298162849321, "sh": 56.41506657799031, "ar": 100.0, "sg": 77.13400273740353, "gr": 74.79115791499267, "ag": 68.75410569184608, "tg": 72.33275346964847, "ti": 90.60829959877636, "vd": 62.50189858970417, "vs": 84.20581538064738, "ne": 53.5425495360035, "ge": 55.276524033146075, "ju": 71.163994317, "gl": 44.35082732722878, "ow": 100.0, "nw": 100.0, "ai": 100.0}