{"ch": 73.54501193747267, "zh": 61.37138616875781, "be": 48.29292711130956, "lu": 87.85178092131329, "ur": 99.99999999999999, "sz": 89.47442455244679, "zg": 100.0, "fr": 86.5442801621782, "so": 91.48940613213227, "bs": 87.93466652295477, "bl": 66.20176336790645, "sh": 74.07121312442399, "ar": 100.0, "sg": 89.3917191495607, "gr": 76.86448174831509, "ag": 64.65409939470234, "tg": 60.15441353463258, "ti": 71.49306924194401, "vd": 82.10045405257121, "vs": 98.669045765604, "ne": 85.494874144505, "ge": 89.4348430785689, "ju": 100.0, "gl": 55.649172672771215, "ow": 100.0, "nw": 100.0, "ai": 100.0, "annahme": 1, "zh-annahme": 1, "be-annahme": 0, "lu-annahme": 1, "ur-annahme": 1, "sz-annahme": 1, "zg-annahme": 1, "fr-annahme": 1, "so-annahme": 1, "bs-annahme": 1, "bl-annahme": 1, "sh-annahme": 1, "ar-annahme": 1, "sg-annahme": 1, "gr-annahme": 1, "ag-annahme": 1, "tg-annahme": 1, "ti-annahme": 1, "vd-annahme": 1, "vs-annahme": 1, "ne-annahme": 1, "ge-annahme": 1, "ju-annahme": 1, "gl-annahme": 1, "ow-annahme": 1, "nw-annahme": 1, "ai-annahme": 1, "forme": 1.0}