{"ch": {"per": 7.462951234289671}, "zh": {"per": 9.089993810540317}, "be": {"per": 12.491652731578373}, "lu": {"per": 9.591383918107251}, "ur": {"per": 0.0}, "sz": {"per": 0.0}, "zg": {"per": 0.0}, "fr": {"per": 0.0}, "so": {"per": 8.80781781995848}, "bs": {"per": 5.846889553259822}, "bl": {"per": 12.69744622506641}, "sh": {"per": 0.0}, "ar": {"per": 0.0}, "sg": {"per": 8.277048486552022}, "gr": {"per": 0.0}, "ag": {"per": 8.792942886020118}, "tg": {"per": 10.729612356308296}, "ti": {"per": 1.4638046718487756}, "vd": {"per": 7.473233239785965}, "vs": {"per": 1.3309542343960068}, "ne": {"per": 9.154023546604176}, "ge": {"per": 8.031341263616103}, "ju": {"per": 0.0}, "gl": {"per": 0.0}, "ow": {"per": 0.0}, "nw": {"per": 0.0}, "ai": {"per": 0.0}, "annahme": 0, "zh-annahme": 0, "be-annahme": 0, "lu-annahme": 0, "ur-annahme": 0, "sz-annahme": 0, "zg-annahme": 0, "fr-annahme": 0, "so-annahme": 0, "bs-annahme": 0, "bl-annahme": 0, "sh-annahme": 0, "ar-annahme": 0, "sg-annahme": 0, "gr-annahme": 0, "ag-annahme": 0, "tg-annahme": 0, "ti-annahme": 0, "vd-annahme": 0, "vs-annahme": 0, "ne-annahme": 0, "ge-annahme": 0, "ju-annahme": 0, "gl-annahme": 0, "ow-annahme": 0, "nw-annahme": 0, "ai-annahme": 0, "forme": 3.0}