{"ch": 32.92420640189935, "zh": 36.098166047733216, "be": 37.36297038217488, "lu": 20.39237477393717, "ur": 0.0, "sz": 22.19181585673383, "zg": 19.336488954879997, "fr": 22.506561043299797, "so": 34.862092727787825, "bs": 44.086053112149685, "bl": 37.00380105594949, "sh": 40.33693813028614, "ar": 0.0, "sg": 32.67165075528881, "gr": 25.20884208500733, "ag": 33.00509587278162, "tg": 30.20276434646015, "ti": 35.7571199487763, "vd": 37.31999985982769, "vs": 15.794184619352615, "ne": 43.4741134923945, "ge": 43.743984539109015, "ju": 28.836005683, "gl": 55.64917267277123, "ow": 0.0, "nw": 0.0, "ai": 0.0, "annahme": 0, "zh-annahme": 0, "be-annahme": 0, "lu-annahme": 0, "ur-annahme": 0, "sz-annahme": 0, "zg-annahme": 0, "fr-annahme": 0, "so-annahme": 0, "bs-annahme": 0, "bl-annahme": 0, "sh-annahme": 0, "ar-annahme": 0, "sg-annahme": 0, "gr-annahme": 0, "ag-annahme": 0, "tg-annahme": 0, "ti-annahme": 0, "vd-annahme": 0, "vs-annahme": 0, "ne-annahme": 0, "ge-annahme": 0, "ju-annahme": 0, "gl-annahme": 1, "ow-annahme": 0, "nw-annahme": 0, "ai-annahme": 0, "forme": 3.0}