{"ch": {"per": 32.92420640189935}, "zh": {"per": 36.098166047733216}, "be": {"per": 37.36297038217488}, "lu": {"per": 20.39237477393717}, "ur": {"per": 0.0}, "sz": {"per": 22.19181585673383}, "zg": {"per": 19.336488954879997}, "fr": {"per": 22.506561043299797}, "so": {"per": 34.862092727787825}, "bs": {"per": 44.086053112149685}, "bl": {"per": 37.00380105594949}, "sh": {"per": 40.33693813028614}, "ar": {"per": 0.0}, "sg": {"per": 32.67165075528881}, "gr": {"per": 25.20884208500733}, "ag": {"per": 33.00509587278162}, "tg": {"per": 30.20276434646015}, "ti": {"per": 35.7571199487763}, "vd": {"per": 37.31999985982769}, "vs": {"per": 15.794184619352615}, "ne": {"per": 43.4741134923945}, "ge": {"per": 43.743984539109015}, "ju": {"per": 28.836005683}, "gl": {"per": 55.64917267277123}, "ow": {"per": 0.0}, "nw": {"per": 0.0}, "ai": {"per": 0.0}, "annahme": 0, "zh-annahme": 0, "be-annahme": 0, "lu-annahme": 0, "ur-annahme": 0, "sz-annahme": 0, "zg-annahme": 0, "fr-annahme": 0, "so-annahme": 0, "bs-annahme": 0, "bl-annahme": 0, "sh-annahme": 0, "ar-annahme": 0, "sg-annahme": 0, "gr-annahme": 0, "ag-annahme": 0, "tg-annahme": 0, "ti-annahme": 0, "vd-annahme": 0, "vs-annahme": 0, "ne-annahme": 0, "ge-annahme": 0, "ju-annahme": 0, "gl-annahme": 1, "ow-annahme": 0, "nw-annahme": 0, "ai-annahme": 0, "forme": 3.0}