{"ch": 32.92420640189935, "zh": 36.098166047733216, "be": 37.36297038217488, "lu": 20.39237477393717, "ur": 0.0, "sz": 22.19181585673383, "zg": 19.336488954879997, "fr": 22.506561043299797, "so": 34.862092727787825, "bs": 44.086053112149685, "bl": 37.00380105594949, "sh": 40.33693813028614, "ar": 0.0, "sg": 32.67165075528881, "gr": 25.20884208500733, "ag": 33.00509587278162, "tg": 30.20276434646015, "ti": 35.7571199487763, "vd": 37.31999985982769, "vs": 15.794184619352615, "ne": 43.4741134923945, "ge": 43.743984539109015, "ju": 28.836005683, "gl": 55.64917267277123, "ow": 0.0, "nw": 0.0, "ai": 0.0}