{"ch": 95.1116214366179, "zh": 92.11104625963776, "be": 89.31255759469992, "lu": 97.1719120683548, "ur": 100.0, "sz": 100.0, "zg": 100.0, "fr": 98.25707637994292, "so": 100.0, "bs": 95.24859316157243, "bl": 90.5247068649774, "sh": 96.75200470827647, "ar": 100.0, "sg": 96.5013472135385, "gr": 100.0, "ag": 93.22795969176076, "tg": 96.17829473491825, "ti": 100.0, "vd": 96.88044118587233, "vs": 100.0, "ne": 93.57834547138135, "ge": 97.80989422988758, "ju": 100.0, "gl": 100.0, "ow": 100.0, "nw": 100.00000000000001, "ai": 100.0, "annahme": 1, "zh-annahme": 1, "be-annahme": 1, "lu-annahme": 1, "ur-annahme": 1, "sz-annahme": 1, "zg-annahme": 1, "fr-annahme": 1, "so-annahme": 1, "bs-annahme": 1, "bl-annahme": 1, "sh-annahme": 1, "ar-annahme": 1, "sg-annahme": 1, "gr-annahme": 1, "ag-annahme": 1, "tg-annahme": 1, "ti-annahme": 1, "vd-annahme": 1, "vs-annahme": 1, "ne-annahme": 1, "ge-annahme": 1, "ju-annahme": 1, "gl-annahme": 1, "ow-annahme": 1, "nw-annahme": 1, "ai-annahme": 1, "forme": 1.0}