{"ch": 97.59314550848062, "zh": 100.0, "be": 99.77999025856403, "lu": 100.00000000000001, "ur": 100.0, "sz": 100.0, "zg": 100.0, "fr": 100.0, "so": 100.0, "bs": 98.35555860388247, "bl": 100.0, "sh": 100.0, "ar": 100.0, "sg": 100.0, "gr": 100.0, "ag": 100.0, "tg": 100.0, "ti": 72.84916083485754, "vd": 95.38208267561856, "vs": 100.0, "ne": 94.72677288146622, "ge": 91.67466603430056, "ju": 100.0, "gl": 100.0, "ow": 100.0, "nw": 100.00000000000001, "ai": 100.0}