{"ch": {"per": 76.99329176064604}, "zh": {"per": 78.73580506632433}, "be": {"per": 77.17214970294204}, "lu": {"per": 88.92775637310433}, "ur": {"per": 100.0}, "sz": {"per": 77.80818414326617}, "zg": {"per": 80.66351104511999}, "fr": {"per": 77.4934389567002}, "so": {"per": 77.02304814100958}, "bs": {"per": 69.41959547054311}, "bl": {"per": 74.49052491863002}, "sh": {"per": 59.66306186971386}, "ar": {"per": 100.0}, "sg": {"per": 85.04363265176137}, "gr": {"per": 74.79115791499267}, "ag": {"per": 79.8723164844785}, "tg": {"per": 83.32417035462257}, "ti": {"per": 65.30924947092697}, "vd": {"per": 70.4925574241135}, "vs": {"per": 85.53676961504338}, "ne": {"per": 64.60935783448186}, "ge": {"per": 63.44282587395414}, "ju": {"per": 71.163994317}, "gl": {"per": 44.35082732722877}, "ow": {"per": 100.0}, "nw": {"per": 100.00000000000001}, "ai": {"per": 100.0}, "annahme": 1, "zh-annahme": 1, "be-annahme": 1, "lu-annahme": 1, "ur-annahme": 1, "sz-annahme": 1, "zg-annahme": 1, "fr-annahme": 1, "so-annahme": 1, "bs-annahme": 1, "bl-annahme": 1, "sh-annahme": 1, "ar-annahme": 1, "sg-annahme": 1, "gr-annahme": 1, "ag-annahme": 1, "tg-annahme": 1, "ti-annahme": 1, "vd-annahme": 1, "vs-annahme": 1, "ne-annahme": 1, "ge-annahme": 1, "ju-annahme": 1, "gl-annahme": 0, "ow-annahme": 1, "nw-annahme": 1, "ai-annahme": 1, "forme": 2.0}