{"ch": {"per": 89.32170240339012}, "zh": {"per": 92.11104625963776}, "be": {"per": 89.09254785326395}, "lu": {"per": 97.17191206835481}, "ur": {"per": 100.0}, "sz": {"per": 100.0}, "zg": {"per": 99.99999999999999}, "fr": {"per": 98.25707637994292}, "so": {"per": 100.0}, "bs": {"per": 78.399192640082}, "bl": {"per": 90.5247068649774}, "sh": {"per": 96.75200470827646}, "ar": {"per": 100.0}, "sg": {"per": 96.5013472135385}, "gr": {"per": 100.0}, "ag": {"per": 93.22795969176076}, "tg": {"per": 96.17829473491825}, "ti": {"per": 72.84916083485754}, "vd": {"per": 73.12486722721872}, "vs": {"per": 96.07448678811178}, "ne": {"per": 60.94918088106111}, "ge": {"per": 65.83906674464967}, "ju": {"per": 100.0}, "gl": {"per": 100.0}, "ow": {"per": 100.0}, "nw": {"per": 100.0}, "ai": {"per": 100.0}, "annahme": 1, "zh-annahme": 1, "be-annahme": 1, "lu-annahme": 1, "ur-annahme": 1, "sz-annahme": 1, "zg-annahme": 1, "fr-annahme": 1, "so-annahme": 1, "bs-annahme": 1, "bl-annahme": 1, "sh-annahme": 1, "ar-annahme": 1, "sg-annahme": 1, "gr-annahme": 1, "ag-annahme": 1, "tg-annahme": 1, "ti-annahme": 1, "vd-annahme": 1, "vs-annahme": 1, "ne-annahme": 1, "ge-annahme": 1, "ju-annahme": 1, "gl-annahme": 1, "ow-annahme": 1, "nw-annahme": 1, "ai-annahme": 1, "forme": 1.0}