{"ch": 89.32170240339012, "zh": 92.11104625963776, "be": 89.09254785326395, "lu": 97.17191206835481, "ur": 100.0, "sz": 100.0, "zg": 99.99999999999999, "fr": 98.25707637994292, "so": 100.0, "bs": 78.399192640082, "bl": 90.5247068649774, "sh": 96.75200470827646, "ar": 100.0, "sg": 96.5013472135385, "gr": 100.0, "ag": 93.22795969176076, "tg": 96.17829473491825, "ti": 72.84916083485754, "vd": 73.12486722721872, "vs": 96.07448678811178, "ne": 60.94918088106111, "ge": 65.83906674464967, "ju": 100.0, "gl": 100.0, "ow": 100.0, "nw": 100.0, "ai": 100.0}