{"ch": 93.81634467508826, "zh": 94.1126599907905, "be": 92.9841997135272, "lu": 97.17191206835481, "ur": 100.0, "sz": 100.0, "zg": 99.99999999999999, "fr": 98.25707637994292, "so": 100.0, "bs": 94.65679022022364, "bl": 90.5247068649774, "sh": 100.0, "ar": 100.0, "sg": 96.5013472135385, "gr": 100.0, "ag": 94.83000616380755, "tg": 96.17829473491825, "ti": 72.84916083485754, "vd": 92.26252386149088, "vs": 100.0, "ne": 88.30511835284759, "ge": 89.48456026418812, "ju": 100.0, "gl": 100.0, "ow": 100.0, "nw": 100.0, "ai": 100.0}