{"ch": {"per": 93.96350690932812}, "zh": {"per": 97.99838626884726}, "be": {"per": 96.10834813973675}, "lu": {"per": 100.0}, "ur": {"per": 100.0}, "sz": {"per": 100.0}, "zg": {"per": 100.0}, "fr": {"per": 100.0}, "so": {"per": 100.0}, "bs": {"per": 83.74240241985837}, "bl": {"per": 100.0}, "sh": {"per": 96.75200470827646}, "ar": {"per": 100.0}, "sg": {"per": 100.0}, "gr": {"per": 99.99999999999999}, "ag": {"per": 98.39795352795318}, "tg": {"per": 100.0}, "ti": {"per": 73.63458045244732}, "vd": {"per": 80.86234336572782}, "vs": {"per": 96.07448678811178}, "ne": {"per": 72.64406252821352}, "ge": {"per": 76.35450648046154}, "ju": {"per": 100.0}, "gl": {"per": 100.00000000000001}, "ow": {"per": 100.0}, "nw": {"per": 100.00000000000001}, "ai": {"per": 100.0}, "annahme": 1, "zh-annahme": 1, "be-annahme": 1, "lu-annahme": 1, "ur-annahme": 1, "sz-annahme": 1, "zg-annahme": 1, "fr-annahme": 1, "so-annahme": 1, "bs-annahme": 1, "bl-annahme": 1, "sh-annahme": 1, "ar-annahme": 1, "sg-annahme": 1, "gr-annahme": 1, "ag-annahme": 1, "tg-annahme": 1, "ti-annahme": 1, "vd-annahme": 1, "vs-annahme": 1, "ne-annahme": 1, "ge-annahme": 1, "ju-annahme": 1, "gl-annahme": 1, "ow-annahme": 1, "nw-annahme": 1, "ai-annahme": 1, "forme": 1.0}