{"ch": {"per": 81.81662128072658}, "zh": {"per": 77.1873308026792}, "be": {"per": 70.17882875415107}, "lu": {"per": 100.0}, "ur": {"per": 100.0}, "sz": {"per": 89.4744245524468}, "zg": {"per": 100.0}, "fr": {"per": 88.2872037822353}, "so": {"per": 100.0}, "bs": {"per": 82.52058409552072}, "bl": {"per": 87.17138247750856}, "sh": {"per": 77.31920841614753}, "ar": {"per": 100.0}, "sg": {"per": 100.0}, "gr": {"per": 76.86448174831507}, "ag": {"per": 79.32689321373243}, "tg": {"per": 73.91017506733483}, "ti": {"per": 72.55943866164729}, "vd": {"per": 72.90323973916061}, "vs": {"per": 96.07448678811178}, "ne": {"per": 72.64406252821352}, "ge": {"per": 75.16626574220604}, "ju": {"per": 100.0}, "gl": {"per": 55.64917267277122}, "ow": {"per": 100.0}, "nw": {"per": 100.00000000000001}, "ai": {"per": 100.0}, "annahme": 1, "zh-annahme": 1, "be-annahme": 1, "lu-annahme": 1, "ur-annahme": 1, "sz-annahme": 1, "zg-annahme": 1, "fr-annahme": 1, "so-annahme": 1, "bs-annahme": 1, "bl-annahme": 1, "sh-annahme": 1, "ar-annahme": 1, "sg-annahme": 1, "gr-annahme": 1, "ag-annahme": 1, "tg-annahme": 1, "ti-annahme": 1, "vd-annahme": 1, "vs-annahme": 1, "ne-annahme": 1, "ge-annahme": 1, "ju-annahme": 1, "gl-annahme": 1, "ow-annahme": 1, "nw-annahme": 1, "ai-annahme": 1, "forme": 1.0}