{"ch": 81.81662128072658, "zh": 77.1873308026792, "be": 70.17882875415107, "lu": 100.0, "ur": 100.0, "sz": 89.4744245524468, "zg": 100.0, "fr": 88.2872037822353, "so": 100.0, "bs": 82.52058409552072, "bl": 87.17138247750856, "sh": 77.31920841614753, "ar": 100.0, "sg": 100.0, "gr": 76.86448174831507, "ag": 79.32689321373243, "tg": 73.91017506733483, "ti": 72.55943866164729, "vd": 72.90323973916061, "vs": 96.07448678811178, "ne": 72.64406252821352, "ge": 75.16626574220604, "ju": 100.0, "gl": 55.64917267277122, "ow": 100.0, "nw": 100.00000000000001, "ai": 100.0}