{"ch": 61.62110216632314, "zh": 50.608890821213286, "be": 48.20197477453259, "lu": 76.77953729441764, "ur": 100.0, "sz": 77.80818414326616, "zg": 80.66351104512, "fr": 75.75051533664312, "so": 63.7858863597668, "bs": 47.42457941803942, "bl": 50.76222517623993, "sh": 56.41506657799031, "ar": 100.0, "sg": 63.82969645824967, "gr": 74.79115791499267, "ag": 56.40543846521478, "tg": 62.46140404637455, "ti": 90.60829959877637, "vd": 59.56044132604464, "vs": 84.20581538064738, "ne": 50.10423197898687, "ge": 54.06590969077854, "ju": 71.163994317, "gl": 44.35082732722878, "ow": 100.0, "nw": 100.00000000000001, "ai": 100.0, "annahme": 1, "zh-annahme": 1, "be-annahme": 0, "lu-annahme": 1, "ur-annahme": 1, "sz-annahme": 1, "zg-annahme": 1, "fr-annahme": 1, "so-annahme": 1, "bs-annahme": 0, "bl-annahme": 1, "sh-annahme": 1, "ar-annahme": 1, "sg-annahme": 1, "gr-annahme": 1, "ag-annahme": 1, "tg-annahme": 1, "ti-annahme": 1, "vd-annahme": 1, "vs-annahme": 1, "ne-annahme": 1, "ge-annahme": 1, "ju-annahme": 1, "gl-annahme": 0, "ow-annahme": 1, "nw-annahme": 1, "ai-annahme": 1, "forme": 2.0}