{"ch": 76.92824271734446, "zh": 69.29837706231697, "be": 59.491386348851, "lu": 97.1719120683548, "ur": 100.0, "sz": 89.47442455244679, "zg": 99.99999999999999, "fr": 86.5442801621782, "so": 100.0, "bs": 77.76917725709315, "bl": 77.69608934248595, "sh": 74.07121312442398, "ar": 100.0, "sg": 96.5013472135385, "gr": 76.86448174831509, "ag": 72.55485290549318, "tg": 70.08846980225309, "ti": 72.55943866164729, "vd": 69.78368092503294, "vs": 96.07448678811177, "ne": 66.22240799959488, "ge": 72.97615997209361, "ju": 100.0, "gl": 55.64917267277123, "ow": 100.0, "nw": 100.0, "ai": 100.0, "annahme": 1, "zh-annahme": 1, "be-annahme": 1, "lu-annahme": 1, "ur-annahme": 1, "sz-annahme": 1, "zg-annahme": 1, "fr-annahme": 1, "so-annahme": 1, "bs-annahme": 1, "bl-annahme": 1, "sh-annahme": 1, "ar-annahme": 1, "sg-annahme": 1, "gr-annahme": 1, "ag-annahme": 1, "tg-annahme": 1, "ti-annahme": 1, "vd-annahme": 1, "vs-annahme": 1, "ne-annahme": 1, "ge-annahme": 1, "ju-annahme": 1, "gl-annahme": 1, "ow-annahme": 1, "nw-annahme": 1, "ai-annahme": 1, "forme": 1.0}