{"ch": {"per": 79.44630358650723}, "zh": {"per": 69.29837706231697}, "be": {"per": 59.27137660741504}, "lu": {"per": 97.1719120683548}, "ur": {"per": 100.0}, "sz": {"per": 89.47442455244679}, "zg": {"per": 99.99999999999999}, "fr": {"per": 86.5442801621782}, "so": {"per": 100.0}, "bs": {"per": 91.32969498634857}, "bl": {"per": 77.69608934248595}, "sh": {"per": 74.07121312442398}, "ar": {"per": 100.0}, "sg": {"per": 96.5013472135385}, "gr": {"per": 76.86448174831509}, "ag": {"per": 72.55485290549318}, "tg": {"per": 70.08846980225309}, "ti": {"per": 71.7740190440575}, "vd": {"per": 84.30342023492366}, "vs": {"per": 99.99999999999999}, "ne": {"per": 88.30511835284759}, "ge": {"per": 88.29631952593262}, "ju": {"per": 100.0}, "gl": {"per": 55.64917267277123}, "ow": {"per": 100.0}, "nw": {"per": 100.0}, "ai": {"per": 100.0}, "annahme": 1, "zh-annahme": 1, "be-annahme": 1, "lu-annahme": 1, "ur-annahme": 1, "sz-annahme": 1, "zg-annahme": 1, "fr-annahme": 1, "so-annahme": 1, "bs-annahme": 1, "bl-annahme": 1, "sh-annahme": 1, "ar-annahme": 1, "sg-annahme": 1, "gr-annahme": 1, "ag-annahme": 1, "tg-annahme": 1, "ti-annahme": 1, "vd-annahme": 1, "vs-annahme": 1, "ne-annahme": 1, "ge-annahme": 1, "ju-annahme": 1, "gl-annahme": 1, "ow-annahme": 1, "nw-annahme": 1, "ai-annahme": 1, "forme": 2.0}