{"ch": 79.44630358650723, "zh": 69.29837706231697, "be": 59.27137660741504, "lu": 97.1719120683548, "ur": 100.0, "sz": 89.47442455244679, "zg": 99.99999999999999, "fr": 86.5442801621782, "so": 100.0, "bs": 91.32969498634857, "bl": 77.69608934248595, "sh": 74.07121312442398, "ar": 100.0, "sg": 96.5013472135385, "gr": 76.86448174831509, "ag": 72.55485290549318, "tg": 70.08846980225309, "ti": 71.7740190440575, "vd": 84.30342023492366, "vs": 99.99999999999999, "ne": 88.30511835284759, "ge": 88.29631952593262, "ju": 100.0, "gl": 55.64917267277123, "ow": 100.0, "nw": 100.0, "ai": 100.0}