{"ch": {"per": 92.08495445859448}, "zh": {"per": 87.20567977029212}, "be": {"per": 89.64753886595174}, "lu": {"per": 97.1719120683548}, "ur": {"per": 100.0}, "sz": {"per": 100.0}, "zg": {"per": 100.0}, "fr": {"per": 98.2570763799429}, "so": {"per": 96.62545299907032}, "bs": {"per": 86.19061149704214}, "bl": {"per": 90.52470686497739}, "sh": {"per": 100.0}, "ar": {"per": 100.0}, "sg": {"per": 85.8956918704661}, "gr": {"per": 99.99999999999999}, "ag": {"per": 89.85334731733829}, "tg": {"per": 92.58541630145604}, "ti": {"per": 98.93335493627615}, "vd": {"per": 91.2708500842836}, "vs": {"per": 100.0}, "ne": {"per": 88.30511835284759}, "ge": {"per": 89.48456026418812}, "ju": {"per": 100.0}, "gl": {"per": 100.0}, "ow": {"per": 100.0}, "nw": {"per": 100.0}, "ai": {"per": 100.0}, "annahme": 1, "zh-annahme": 1, "be-annahme": 1, "lu-annahme": 1, "ur-annahme": 1, "sz-annahme": 1, "zg-annahme": 1, "fr-annahme": 1, "so-annahme": 1, "bs-annahme": 1, "bl-annahme": 1, "sh-annahme": 1, "ar-annahme": 1, "sg-annahme": 1, "gr-annahme": 1, "ag-annahme": 1, "tg-annahme": 1, "ti-annahme": 1, "vd-annahme": 1, "vs-annahme": 1, "ne-annahme": 1, "ge-annahme": 1, "ju-annahme": 1, "gl-annahme": 1, "ow-annahme": 1, "nw-annahme": 1, "ai-annahme": 1, "forme": 1.0}