{"ch": 94.62156283791869, "zh": 93.99241126985677, "be": 92.92903199714131, "lu": 97.1719120683548, "ur": 100.0, "sz": 100.0, "zg": 100.0, "fr": 98.2570763799429, "so": 100.0, "bs": 96.2618827567544, "bl": 90.52470686497739, "sh": 100.0, "ar": 100.0, "sg": 96.50134721353848, "gr": 99.99999999999999, "ag": 94.74583194992593, "tg": 96.17829473491825, "ti": 73.63458045244734, "vd": 96.88044118587231, "vs": 100.0, "ne": 93.57834547138135, "ge": 97.80989422988759, "ju": 100.0, "gl": 100.0, "ow": 100.0, "nw": 100.0, "ai": 100.0}