{"ch": {"per": 94.62156283791869}, "zh": {"per": 93.99241126985677}, "be": {"per": 92.92903199714131}, "lu": {"per": 97.1719120683548}, "ur": {"per": 100.0}, "sz": {"per": 100.0}, "zg": {"per": 100.0}, "fr": {"per": 98.2570763799429}, "so": {"per": 100.0}, "bs": {"per": 96.2618827567544}, "bl": {"per": 90.52470686497739}, "sh": {"per": 100.0}, "ar": {"per": 100.0}, "sg": {"per": 96.50134721353848}, "gr": {"per": 99.99999999999999}, "ag": {"per": 94.74583194992593}, "tg": {"per": 96.17829473491825}, "ti": {"per": 73.63458045244734}, "vd": {"per": 96.88044118587231}, "vs": {"per": 100.0}, "ne": {"per": 93.57834547138135}, "ge": {"per": 97.80989422988759}, "ju": {"per": 100.0}, "gl": {"per": 100.0}, "ow": {"per": 100.0}, "nw": {"per": 100.0}, "ai": {"per": 100.0}, "annahme": 1, "zh-annahme": 1, "be-annahme": 1, "lu-annahme": 1, "ur-annahme": 1, "sz-annahme": 1, "zg-annahme": 1, "fr-annahme": 1, "so-annahme": 1, "bs-annahme": 1, "bl-annahme": 1, "sh-annahme": 1, "ar-annahme": 1, "sg-annahme": 1, "gr-annahme": 1, "ag-annahme": 1, "tg-annahme": 1, "ti-annahme": 1, "vd-annahme": 1, "vs-annahme": 1, "ne-annahme": 1, "ge-annahme": 1, "ju-annahme": 1, "gl-annahme": 1, "ow-annahme": 1, "nw-annahme": 1, "ai-annahme": 1, "forme": 2.0}