{"ch": 23.4097758054751, "zh": 23.094927753575668, "be": 25.706592589560778, "lu": 12.210255448041957, "ur": 0.0, "sz": 22.191815856733832, "zg": 19.33648895487999, "fr": 22.506561043299797, "so": 25.114330533314735, "bs": 32.203279072068085, "bl": 28.82241772888276, "sh": 40.33693813028616, "ar": 0.0, "sg": 16.101095341226273, "gr": 25.20884208500733, "ag": 21.854341140434588, "tg": 18.515133417052425, "ti": 11.47242141295701, "vd": 31.667441897261348, "vs": 14.658325995485088, "ne": 38.503022988798264, "ge": 39.38790843062587, "ju": 28.836005682999996, "gl": 55.64917267277123, "ow": 0.0, "nw": 0.0, "ai": 0.0, "annahme": 0, "zh-annahme": 0, "be-annahme": 0, "lu-annahme": 0, "ur-annahme": 0, "sz-annahme": 0, "zg-annahme": 0, "fr-annahme": 0, "so-annahme": 0, "bs-annahme": 0, "bl-annahme": 0, "sh-annahme": 0, "ar-annahme": 0, "sg-annahme": 0, "gr-annahme": 0, "ag-annahme": 0, "tg-annahme": 0, "ti-annahme": 0, "vd-annahme": 0, "vs-annahme": 0, "ne-annahme": 0, "ge-annahme": 0, "ju-annahme": 0, "gl-annahme": 1, "ow-annahme": 0, "nw-annahme": 0, "ai-annahme": 0, "forme": 3.0}