{"ch": {"per": 67.07579359810066}, "zh": {"per": 63.90183395226678}, "be": {"per": 62.63702961782512}, "lu": {"per": 79.60762522606282}, "ur": {"per": 100.0}, "sz": {"per": 77.80818414326616}, "zg": {"per": 80.66351104512002}, "fr": {"per": 77.4934389567002}, "so": {"per": 65.13790727221217}, "bs": {"per": 55.91394688785031}, "bl": {"per": 62.99619894405052}, "sh": {"per": 59.66306186971386}, "ar": {"per": 100.0}, "sg": {"per": 67.32834924471119}, "gr": {"per": 74.79115791499267}, "ag": {"per": 66.99490412721838}, "tg": {"per": 69.79723565353984}, "ti": {"per": 64.24288005122371}, "vd": {"per": 62.68000014017231}, "vs": {"per": 84.20581538064738}, "ne": {"per": 56.525886507605506}, "ge": {"per": 56.256015460890985}, "ju": {"per": 71.163994317}, "gl": {"per": 44.35082732722877}, "ow": {"per": 100.0}, "nw": {"per": 100.0}, "ai": {"per": 100.0}, "annahme": 1, "zh-annahme": 1, "be-annahme": 1, "lu-annahme": 1, "ur-annahme": 1, "sz-annahme": 1, "zg-annahme": 1, "fr-annahme": 1, "so-annahme": 1, "bs-annahme": 1, "bl-annahme": 1, "sh-annahme": 1, "ar-annahme": 1, "sg-annahme": 1, "gr-annahme": 1, "ag-annahme": 1, "tg-annahme": 1, "ti-annahme": 1, "vd-annahme": 1, "vs-annahme": 1, "ne-annahme": 1, "ge-annahme": 1, "ju-annahme": 1, "gl-annahme": 0, "ow-annahme": 1, "nw-annahme": 1, "ai-annahme": 1, "forme": 4.0}