{"ch": 90.19847666627378, "zh": 89.93216505898206, "be": 85.24596152768692, "lu": 89.51943518293878, "ur": 100.0, "sz": 100.0, "zg": 100.0, "fr": 100.0, "so": 88.9505880729532, "bs": 90.59452354477126, "bl": 84.56941203309363, "sh": 100.00000000000001, "ar": 100.0, "sg": 91.64002307722383, "gr": 100.0, "ag": 90.1082704765096, "tg": 88.07782156684937, "ti": 97.19827776909953, "vd": 84.77069826889284, "vs": 98.44399754586718, "ne": 80.88694278497243, "ge": 78.38575711928483, "ju": 100.0, "gl": 100.0, "ow": 100.0, "nw": 100.0, "ai": 100.0, "annahme": 1, "zh-annahme": 1, "be-annahme": 1, "lu-annahme": 1, "ur-annahme": 1, "sz-annahme": 1, "zg-annahme": 1, "fr-annahme": 1, "so-annahme": 1, "bs-annahme": 1, "bl-annahme": 1, "sh-annahme": 1, "ar-annahme": 1, "sg-annahme": 1, "gr-annahme": 1, "ag-annahme": 1, "tg-annahme": 1, "ti-annahme": 1, "vd-annahme": 1, "vs-annahme": 1, "ne-annahme": 1, "ge-annahme": 1, "ju-annahme": 1, "gl-annahme": 1, "ow-annahme": 1, "nw-annahme": 1, "ai-annahme": 1, "forme": 1.0}