{"ch": 100.0, "zh": 99.99999999999999, "be": 100.0, "lu": 100.0, "ur": 99.99999999999999, "sz": 100.0, "nw": 100.0, "zg": 100.0, "fr": 100.0, "so": 100.0, "bs": 99.99999999999999, "bl": 100.0, "sh": 100.0, "ar": 100.0, "sg": 100.0, "gr": 100.00000000000001, "ag": 100.0, "tg": 100.0, "ti": 100.0, "vd": 100.0, "vs": 100.0, "ne": 99.99999999999999, "ge": 100.0, "ju": 100.0, "gl": 100.0, "ow": 100.0, "ai": 100.0, "annahme": 1, "zh-annahme": 1, "be-annahme": 1, "lu-annahme": 1, "ur-annahme": 1, "sz-annahme": 1, "nw-annahme": 1, "zg-annahme": 1, "fr-annahme": 1, "so-annahme": 1, "bs-annahme": 1, "bl-annahme": 1, "sh-annahme": 1, "ar-annahme": 1, "sg-annahme": 1, "gr-annahme": 1, "ag-annahme": 1, "tg-annahme": 1, "ti-annahme": 1, "vd-annahme": 1, "vs-annahme": 1, "ne-annahme": 1, "ge-annahme": 1, "ju-annahme": 1, "gl-annahme": 1, "ow-annahme": 1, "ai-annahme": 1, "forme": 1.0}