{"ch": 97.7982624492449, "zh": 100.0, "be": 100.0, "lu": 100.0, "ur": 99.99999999999999, "sz": 100.0, "nw": 100.0, "zg": 100.0, "fr": 98.57713035831841, "so": 100.00000000000001, "bs": 96.4229076686992, "bl": 100.00000000000001, "sh": 100.0, "ar": 100.0, "sg": 100.0, "gr": 100.00000000000001, "ag": 100.0, "tg": 100.0, "ti": 97.88175736904451, "vd": 83.87257992787617, "vs": 98.98013363898013, "ne": 89.62811891396227, "ge": 79.92417889671576, "ju": 100.0, "ow": 100.0, "ai": 100.0}