{"ch": 74.10536186151346, "zh": 58.310732059703646, "be": 55.19410644319849, "lu": 82.04024245611652, "ur": 100.00000000000001, "sz": 74.36055628378227, "nw": 100.0, "zg": 81.46106239540718, "fr": 88.24036717614112, "so": 86.49905271186482, "bs": 91.71862352976318, "bl": 71.18078040606412, "sh": 77.37186983678419, "ar": 75.50980392173994, "sg": 80.85608054608953, "gr": 69.87177916818231, "ag": 64.47305181244614, "tg": 60.66497030210469, "ti": 79.0764174377945, "vd": 84.40469510203309, "vs": 99.99999999999999, "ne": 94.23955331137212, "ge": 96.8449496676153, "ju": 100.0, "gl": 100.0, "ow": 100.0, "ai": 100.0, "annahme": 1, "zh-annahme": 1, "be-annahme": 1, "lu-annahme": 1, "ur-annahme": 1, "sz-annahme": 1, "nw-annahme": 1, "zg-annahme": 1, "fr-annahme": 1, "so-annahme": 1, "bs-annahme": 1, "bl-annahme": 1, "sh-annahme": 1, "ar-annahme": 1, "sg-annahme": 1, "gr-annahme": 1, "ag-annahme": 1, "tg-annahme": 1, "ti-annahme": 1, "vd-annahme": 1, "vs-annahme": 1, "ne-annahme": 1, "ge-annahme": 1, "ju-annahme": 1, "gl-annahme": 1, "ow-annahme": 1, "ai-annahme": 1, "forme": 2.0}