{"ch": 22.057537672829397, "zh": 33.02379617906077, "be": 39.71748836257396, "lu": 16.496721496512528, "ur": 0.0, "sz": 25.63944371621773, "nw": 0.0, "zg": 18.53893760459283, "fr": 11.292420774347255, "so": 10.74859849918817, "bs": 7.592354552064283, "bl": 24.400020452457284, "sh": 22.628130163215808, "ar": 24.490196078260055, "sg": 13.305944942498973, "gr": 27.94448984215725, "ag": 29.53364720164058, "tg": 35.29088811136684, "ti": 20.27433518663793, "vd": 13.014539964796574, "vs": 0.0, "ne": 4.987230604891009, "ge": 2.5353052821340056, "ju": 0.0, "gl": 0.0, "ow": 0.0, "ai": 0.0}