{"ch": {"per": 41.519408898873635}, "zh": {"per": 47.486994586687686}, "be": {"per": 46.786454893889704}, "lu": {"per": 40.04744546446856}, "ur": {"per": 100.0}, "sz": {"per": 47.4512223335285}, "nw": {"per": 59.98305802629301}, "zg": {"per": 46.08166838157952}, "fr": {"per": 29.710891849434418}, "so": {"per": 36.469799477992076}, "bs": {"per": 29.749374367191677}, "bl": {"per": 33.26293276907596}, "sh": {"per": 58.0108035865624}, "ar": {"per": 65.02287581701594}, "sg": {"per": 29.47993571159999}, "gr": {"per": 45.049100416061265}, "ag": {"per": 41.081940247748804}, "tg": {"per": 46.97293977471079}, "ti": {"per": 39.722330412464}, "vd": {"per": 48.58563388986156}, "vs": {"per": 26.352412178926354}, "ne": {"per": 52.506971047916934}, "ge": {"per": 32.60672006672189}, "ju": {"per": 29.466416206}, "gl": {"per": 0.0}, "ow": {"per": 0.0}, "ai": {"per": 0.0}, "annahme": 0, "zh-annahme": 0, "be-annahme": 0, "lu-annahme": 0, "ur-annahme": 1, "sz-annahme": 0, "nw-annahme": 1, "zg-annahme": 0, "fr-annahme": 0, "so-annahme": 0, "bs-annahme": 0, "bl-annahme": 0, "sh-annahme": 1, "ar-annahme": 1, "sg-annahme": 0, "gr-annahme": 0, "ag-annahme": 0, "tg-annahme": 0, "ti-annahme": 0, "vd-annahme": 0, "vs-annahme": 0, "ne-annahme": 1, "ge-annahme": 0, "ju-annahme": 0, "gl-annahme": 0, "ow-annahme": 0, "ai-annahme": 0, "forme": 2.0}