{"ch": 5.844779468652936, "zh": 5.563655117548195, "be": 10.725329063944834, "lu": 2.23499915931566, "ur": 0.0, "sz": 3.2338500295904833, "nw": 0.0, "zg": 0.0, "fr": 1.0787352318604126, "so": 3.150029621763882, "bs": 7.5923545520642834, "bl": 12.577838939407558, "sh": 0.0, "ar": 0.0, "sg": 3.535251093692536, "gr": 0.0, "ag": 6.677482521200258, "tg": 5.2938658527594775, "ti": 18.775061492045264, "vd": 4.8135607056157355, "vs": 0.0, "ne": 4.987230604891009, "ge": 2.535305282134006, "ju": 0.0, "gl": 0.0, "ow": 0.0, "ai": 0.0, "annahme": 0, "zh-annahme": 0, "be-annahme": 0, "lu-annahme": 0, "ur-annahme": 0, "sz-annahme": 0, "nw-annahme": 0, "zg-annahme": 0, "fr-annahme": 0, "so-annahme": 0, "bs-annahme": 0, "bl-annahme": 0, "sh-annahme": 0, "ar-annahme": 0, "sg-annahme": 0, "gr-annahme": 0, "ag-annahme": 0, "tg-annahme": 0, "ti-annahme": 0, "vd-annahme": 0, "vs-annahme": 0, "ne-annahme": 0, "ge-annahme": 0, "ju-annahme": 0, "gl-annahme": 0, "ow-annahme": 0, "ai-annahme": 0, "forme": 3.0}