{"ch": {"per": 5.844779468652936}, "zh": {"per": 5.563655117548195}, "be": {"per": 10.725329063944834}, "lu": {"per": 2.23499915931566}, "ur": {"per": 0.0}, "sz": {"per": 3.2338500295904833}, "nw": {"per": 0.0}, "zg": {"per": 0.0}, "fr": {"per": 1.0787352318604126}, "so": {"per": 3.150029621763882}, "bs": {"per": 7.5923545520642834}, "bl": {"per": 12.577838939407558}, "sh": {"per": 0.0}, "ar": {"per": 0.0}, "sg": {"per": 3.535251093692536}, "gr": {"per": 0.0}, "ag": {"per": 6.677482521200258}, "tg": {"per": 5.2938658527594775}, "ti": {"per": 18.775061492045264}, "vd": {"per": 4.8135607056157355}, "vs": {"per": 0.0}, "ne": {"per": 4.987230604891009}, "ge": {"per": 2.535305282134006}, "ju": {"per": 0.0}, "gl": {"per": 0.0}, "ow": {"per": 0.0}, "ai": {"per": 0.0}, "annahme": 0, "zh-annahme": 0, "be-annahme": 0, "lu-annahme": 0, "ur-annahme": 0, "sz-annahme": 0, "nw-annahme": 0, "zg-annahme": 0, "fr-annahme": 0, "so-annahme": 0, "bs-annahme": 0, "bl-annahme": 0, "sh-annahme": 0, "ar-annahme": 0, "sg-annahme": 0, "gr-annahme": 0, "ag-annahme": 0, "tg-annahme": 0, "ti-annahme": 0, "vd-annahme": 0, "vs-annahme": 0, "ne-annahme": 0, "ge-annahme": 0, "ju-annahme": 0, "gl-annahme": 0, "ow-annahme": 0, "ai-annahme": 0, "forme": 3.0}