{"ch": 98.34290034777723, "zh": 99.99999999999999, "be": 100.0, "lu": 100.0, "ur": 100.0, "sz": 100.0, "nw": 100.0, "zg": 100.0, "fr": 98.87861296330897, "so": 100.0, "bs": 97.82192912188674, "bl": 100.0, "sh": 100.0, "ar": 100.0, "sg": 100.0, "gr": 100.0, "ag": 100.0, "tg": 100.0, "ti": 98.64427378682169, "vd": 87.754460417204, "vs": 99.14950474829915, "ne": 92.644567795159, "ge": 86.20145188575944, "ju": 100.0, "gl": 100.0, "ow": 100.0, "ai": 100.0}