{"ch": {"per": 62.72829374143859}, "zh": {"per": 58.788825502676524}, "be": {"per": 57.68818347603008}, "lu": {"per": 77.80474195947284}, "ur": {"per": 100.0}, "sz": {"per": 75.9954756945937}, "nw": {"per": 100.0}, "zg": {"per": 79.23276563692603}, "fr": {"per": 73.759898773144}, "so": {"per": 60.871407699025276}, "bs": {"per": 44.97693076729684}, "bl": {"per": 48.56260573982558}, "sh": {"per": 58.0108035865624}, "ar": {"per": 75.61111111129063}, "sg": {"per": 68.4991963969096}, "gr": {"per": 72.88447822264203}, "ag": {"per": 62.479939735387326}, "tg": {"per": 64.34433856884016}, "ti": {"per": 60.89945876425672}, "vd": {"per": 57.45599979659844}, "vs": {"per": 81.22985822998123}, "ne": {"per": 54.877127147267196}, "ge": {"per": 46.553914945441136}, "ju": {"per": 67.647357466}, "gl": {"per": 0.0}, "ow": {"per": 100.0}, "ai": {"per": 100.0}, "annahme": 1, "zh-annahme": 1, "be-annahme": 1, "lu-annahme": 1, "ur-annahme": 1, "sz-annahme": 1, "nw-annahme": 1, "zg-annahme": 1, "fr-annahme": 1, "so-annahme": 1, "bs-annahme": 0, "bl-annahme": 0, "sh-annahme": 1, "ar-annahme": 1, "sg-annahme": 1, "gr-annahme": 1, "ag-annahme": 1, "tg-annahme": 1, "ti-annahme": 1, "vd-annahme": 1, "vs-annahme": 1, "ne-annahme": 1, "ge-annahme": 0, "ju-annahme": 1, "gl-annahme": 0, "ow-annahme": 1, "ai-annahme": 1, "forme": 2.0}