{"ch": 62.72829374143859, "zh": 58.788825502676524, "be": 57.68818347603008, "lu": 77.80474195947284, "ur": 100.0, "sz": 75.9954756945937, "nw": 100.0, "zg": 79.23276563692603, "fr": 73.759898773144, "so": 60.871407699025276, "bs": 44.97693076729684, "bl": 48.56260573982558, "sh": 58.0108035865624, "ar": 75.61111111129063, "sg": 68.4991963969096, "gr": 72.88447822264203, "ag": 62.479939735387326, "tg": 64.34433856884016, "ti": 60.89945876425672, "vd": 57.45599979659844, "vs": 81.22985822998123, "ne": 54.877127147267196, "ge": 46.553914945441136, "ju": 67.647357466, "gl": 0.0, "ow": 100.0, "ai": 100.0}