{"ch": {"per": 24.203865324642898}, "zh": {"per": 33.53133091132737}, "be": {"per": 40.06785739767833}, "lu": {"per": 16.49672149651253}, "ur": {"per": 0.0}, "sz": {"per": 25.639443716217734}, "nw": {"per": 0.0}, "zg": {"per": 18.538937604592828}, "fr": {"per": 11.292420774347255}, "so": {"per": 10.748598499188168}, "bs": {"per": 23.957227221442235}, "bl": {"per": 24.400020452457284}, "sh": {"per": 22.628130163215808}, "ar": {"per": 24.490196078260052}, "sg": {"per": 13.305944942498972}, "gr": {"per": 27.94448984215725}, "ag": {"per": 29.533647201640587}, "tg": {"per": 35.29088811136685}, "ti": {"per": 1.8458292762460313}, "vd": {"per": 28.561673642506985}, "vs": {"per": 2.2231369009022233}, "ne": {"per": 30.969040732046146}, "ge": {"per": 21.06146389549249}, "ju": {"per": 0.0}, "gl": {"per": 0.0}, "ow": {"per": 0.0}, "ai": {"per": 0.0}, "annahme": 0, "zh-annahme": 0, "be-annahme": 0, "lu-annahme": 0, "ur-annahme": 0, "sz-annahme": 0, "nw-annahme": 0, "zg-annahme": 0, "fr-annahme": 0, "so-annahme": 0, "bs-annahme": 0, "bl-annahme": 0, "sh-annahme": 0, "ar-annahme": 0, "sg-annahme": 0, "gr-annahme": 0, "ag-annahme": 0, "tg-annahme": 0, "ti-annahme": 0, "vd-annahme": 0, "vs-annahme": 0, "ne-annahme": 0, "ge-annahme": 0, "ju-annahme": 0, "gl-annahme": 0, "ow-annahme": 0, "ai-annahme": 0, "forme": 3.0}