{"ch": {"per": 69.26781833855502}, "zh": {"per": 68.07354940452655}, "be": {"per": 65.92655328880194}, "lu": {"per": 80.03974111878851}, "ur": {"per": 99.99999999999999}, "sz": {"per": 79.22932572418416}, "nw": {"per": 99.99999999999999}, "zg": {"per": 79.23276563692602}, "fr": {"per": 75.68738250077891}, "so": {"per": 65.87801725845894}, "bs": {"per": 53.739775724377175}, "bl": {"per": 61.9516814985752}, "sh": {"per": 58.0108035865624}, "ar": {"per": 75.61111111129063}, "sg": {"per": 75.58826310022255}, "gr": {"per": 73.98551785724325}, "ag": {"per": 71.4236491931113}, "tg": {"per": 69.63820442159964}, "ti": {"per": 61.73643580758212}, "vd": {"per": 67.6678874986216}, "vs": {"per": 81.92664041660248}, "ne": {"per": 62.058902125734996}, "ge": {"per": 56.947092135561505}, "ju": {"per": 67.647357466}, "gl": {"per": 0.0}, "ow": {"per": 100.0}, "ai": {"per": 100.0}, "annahme": 1, "zh-annahme": 1, "be-annahme": 1, "lu-annahme": 1, "ur-annahme": 1, "sz-annahme": 1, "nw-annahme": 1, "zg-annahme": 1, "fr-annahme": 1, "so-annahme": 1, "bs-annahme": 1, "bl-annahme": 1, "sh-annahme": 1, "ar-annahme": 1, "sg-annahme": 1, "gr-annahme": 1, "ag-annahme": 1, "tg-annahme": 1, "ti-annahme": 1, "vd-annahme": 1, "vs-annahme": 1, "ne-annahme": 1, "ge-annahme": 1, "ju-annahme": 1, "gl-annahme": 0, "ow-annahme": 1, "ai-annahme": 1, "forme": 1.0}