{"ch": {"per": 31.88001843823549}, "zh": {"per": 31.92645059547346}, "be": {"per": 34.07344671119805}, "lu": {"per": 19.960258881211494}, "ur": {"per": 0.0}, "sz": {"per": 20.770674275815832}, "nw": {"per": 0.0}, "zg": {"per": 20.767234363073978}, "fr": {"per": 25.161365994995585}, "so": {"per": 34.121982741541075}, "bs": {"per": 47.43071468063888}, "bl": {"per": 38.04831850142481}, "sh": {"per": 41.989196413437604}, "ar": {"per": 24.388888888709374}, "sg": {"per": 24.411736899777452}, "gr": {"per": 26.014482142756744}, "ag": {"per": 28.5763508068887}, "tg": {"per": 30.361795578400365}, "ti": {"per": 39.10054123574328}, "vd": {"per": 40.61841044986396}, "vs": {"per": 18.77014177001877}, "ne": {"per": 42.50579834719206}, "ge": {"per": 50.91077977242486}, "ju": {"per": 32.352642534}, "gl": {"per": 100.0}, "ow": {"per": 0.0}, "ai": {"per": 0.0}, "annahme": 0, "zh-annahme": 0, "be-annahme": 0, "lu-annahme": 0, "ur-annahme": 0, "sz-annahme": 0, "nw-annahme": 0, "zg-annahme": 0, "fr-annahme": 0, "so-annahme": 0, "bs-annahme": 0, "bl-annahme": 0, "sh-annahme": 0, "ar-annahme": 0, "sg-annahme": 0, "gr-annahme": 0, "ag-annahme": 0, "tg-annahme": 0, "ti-annahme": 0, "vd-annahme": 0, "vs-annahme": 0, "ne-annahme": 0, "ge-annahme": 1, "ju-annahme": 0, "gl-annahme": 1, "ow-annahme": 0, "ai-annahme": 0, "forme": 3.0}