{"ch": 31.88001843823549, "zh": 31.92645059547346, "be": 34.07344671119805, "lu": 19.960258881211494, "ur": 0.0, "sz": 20.770674275815832, "nw": 0.0, "zg": 20.767234363073978, "fr": 25.161365994995585, "so": 34.121982741541075, "bs": 47.43071468063888, "bl": 38.04831850142481, "sh": 41.989196413437604, "ar": 24.388888888709374, "sg": 24.411736899777452, "gr": 26.014482142756744, "ag": 28.5763508068887, "tg": 30.361795578400365, "ti": 39.10054123574328, "vd": 40.61841044986396, "vs": 18.77014177001877, "ne": 42.50579834719206, "ge": 50.91077977242486, "ju": 32.352642534, "gl": 100.0, "ow": 0.0, "ai": 0.0}