{"ch": {"per": 13.285421642037157}, "zh": {"per": 14.099880231684624}, "be": {"per": 17.408909217525004}, "lu": {"per": 11.77193390447691}, "ur": {"per": 0.0}, "sz": {"per": 4.081632653101545}, "nw": {"per": 0.0}, "zg": {"per": 0.0}, "fr": {"per": 5.059017293529588}, "so": {"per": 13.494001825876838}, "bs": {"per": 23.393127227838832}, "bl": {"per": 30.908386929839967}, "sh": {"per": 0.0}, "ar": {"per": 0.0}, "sg": {"per": 9.845353191368478}, "gr": {"per": 4.632189086819664}, "ag": {"per": 14.570036106720956}, "tg": {"per": 19.488538893321184}, "ti": {"per": 25.204915710437287}, "vd": {"per": 9.780097003300034}, "vs": {"per": 1.5900449360226823}, "ne": {"per": 13.663106537293592}, "ge": {"per": 15.254245559319692}, "ju": {"per": 0.0}, "ow": {"per": 0.0}, "ai": {"per": 0.0}, "annahme": 0, "zh-annahme": 0, "be-annahme": 0, "lu-annahme": 0, "ur-annahme": 0, "sz-annahme": 0, "nw-annahme": 0, "zg-annahme": 0, "fr-annahme": 0, "so-annahme": 0, "bs-annahme": 0, "bl-annahme": 0, "sh-annahme": 0, "ar-annahme": 0, "sg-annahme": 0, "gr-annahme": 0, "ag-annahme": 0, "tg-annahme": 0, "ti-annahme": 0, "vd-annahme": 0, "vs-annahme": 0, "ne-annahme": 0, "ge-annahme": 0, "ju-annahme": 0, "ow-annahme": 0, "ai-annahme": 0, "forme": 3.0}