{"ch": 80.17986979740654, "zh": 68.98674625108173, "be": 64.9292002886248, "lu": 83.50327850348746, "ur": 100.0, "sz": 74.36055628378226, "nw": 100.0, "zg": 81.46106239540717, "fr": 88.70757922565274, "so": 89.25140150081182, "bs": 92.40764544793572, "bl": 76.21201982262764, "sh": 77.37186983678419, "ar": 75.50980392173994, "sg": 87.89387285025, "gr": 72.05551015784276, "ag": 72.00346970562907, "tg": 64.70911188863316, "ti": 98.15417072375398, "vd": 89.87343098728155, "vs": 99.99999999999999, "ne": 97.38292549445924, "ge": 97.464694717866, "ju": 100.0, "gl": 100.0, "ow": 100.0, "ai": 100.0}