{"ch": 96.56044619271235, "zh": 96.4468873125943, "be": 93.92135958725393, "lu": 97.76500084068435, "ur": 100.0, "sz": 96.76614997040953, "nw": 100.0, "zg": 100.0, "fr": 98.9212647681396, "so": 96.84997037823611, "bs": 92.40764544793572, "bl": 88.03420133567735, "sh": 100.0, "ar": 100.0, "sg": 97.66456669905644, "gr": 100.0, "ag": 94.8596343860694, "tg": 94.70613414724052, "ti": 100.0, "vd": 98.07441024646239, "vs": 99.99999999999999, "ne": 97.38292549445924, "ge": 97.464694717866, "ju": 100.0, "gl": 100.0, "ow": 100.0, "ai": 100.0}