{"ch": {"per": 94.58610294083859}, "zh": {"per": 96.17790969545719}, "be": {"per": 93.49625094848555}, "lu": {"per": 97.56678664784525}, "ur": {"per": 100.0}, "sz": {"per": 96.76614997040953}, "nw": {"per": 100.0}, "zg": {"per": 100.0}, "fr": {"per": 97.73529680778339}, "so": {"per": 96.6261180599281}, "bs": {"per": 89.59019755732874}, "bl": {"per": 86.6459742913218}, "sh": {"per": 100.0}, "ar": {"per": 100.0}, "sg": {"per": 97.5243415904033}, "gr": {"per": 100.0}, "ag": {"per": 94.5219560282958}, "tg": {"per": 94.09948625044952}, "ti": {"per": 98.29420593916926}, "vd": {"per": 85.19169817966983}, "vs": {"per": 99.13819388823295}, "ne": {"per": 89.38333599213566}, "ge": {"per": 82.65227535718992}, "ju": {"per": 100.0}, "gl": {"per": 100.0}, "ow": {"per": 100.0}, "ai": {"per": 100.0}, "annahme": 1, "zh-annahme": 1, "be-annahme": 1, "lu-annahme": 1, "ur-annahme": 1, "sz-annahme": 1, "nw-annahme": 1, "zg-annahme": 1, "fr-annahme": 1, "so-annahme": 1, "bs-annahme": 1, "bl-annahme": 1, "sh-annahme": 1, "ar-annahme": 1, "sg-annahme": 1, "gr-annahme": 1, "ag-annahme": 1, "tg-annahme": 1, "ti-annahme": 1, "vd-annahme": 1, "vs-annahme": 1, "ne-annahme": 1, "ge-annahme": 1, "ju-annahme": 1, "gl-annahme": 1, "ow-annahme": 1, "ai-annahme": 1, "forme": 2.0}