{"ch": 94.51381236278094, "zh": 92.96255201460266, "be": 93.46363712066362, "lu": 91.85380958625903, "ur": 100.0, "sz": 100.0, "nw": 100.0, "zg": 99.99999999999999, "fr": 97.148371411886, "so": 93.3651407404245, "bs": 93.85793326996459, "bl": 89.60443034452601, "sh": 100.0, "ar": 100.0, "sg": 94.33584584571264, "gr": 96.40638801373957, "ag": 93.83578592070818, "tg": 89.71872751186748, "ti": 98.25278065575588, "vd": 95.69719410282543, "vs": 98.68754004969868, "ne": 93.93258280562114, "ge": 94.15559523043432, "ju": 100.0, "gl": 100.0, "ow": 100.0, "ai": 100.0, "annahme": 1, "zh-annahme": 1, "be-annahme": 1, "lu-annahme": 1, "ur-annahme": 1, "sz-annahme": 1, "nw-annahme": 1, "zg-annahme": 1, "fr-annahme": 1, "so-annahme": 1, "bs-annahme": 1, "bl-annahme": 1, "sh-annahme": 1, "ar-annahme": 1, "sg-annahme": 1, "gr-annahme": 1, "ag-annahme": 1, "tg-annahme": 1, "ti-annahme": 1, "vd-annahme": 1, "vs-annahme": 1, "ne-annahme": 1, "ge-annahme": 1, "ju-annahme": 1, "gl-annahme": 1, "ow-annahme": 1, "ai-annahme": 1, "forme": 1.0}