{"ch": 23.564424268928352, "zh": 31.520788481184884, "be": 35.42116874647955, "lu": 16.49672149651253, "ur": 0.0, "sz": 25.63944371621773, "nw": 0.0, "zg": 18.538937604592828, "fr": 11.292420774347253, "so": 10.748598499188168, "bs": 23.957227221442235, "bl": 23.787980177372354, "sh": 22.62813016321581, "ar": 24.490196078260055, "sg": 12.106127149749993, "gr": 27.944489842157246, "ag": 27.996530294370938, "tg": 35.29088811136685, "ti": 20.27433518663793, "vd": 25.67370269042885, "vs": 2.2231369009022233, "ne": 28.598884632695896, "ge": 21.061463895492487, "ju": 0.0, "gl": 0.0, "ow": 0.0, "ai": 0.0}