{"ch": {"per": 23.564424268928352}, "zh": {"per": 31.520788481184884}, "be": {"per": 35.42116874647955}, "lu": {"per": 16.49672149651253}, "ur": {"per": 0.0}, "sz": {"per": 25.63944371621773}, "nw": {"per": 0.0}, "zg": {"per": 18.538937604592828}, "fr": {"per": 11.292420774347253}, "so": {"per": 10.748598499188168}, "bs": {"per": 23.957227221442235}, "bl": {"per": 23.787980177372354}, "sh": {"per": 22.62813016321581}, "ar": {"per": 24.490196078260055}, "sg": {"per": 12.106127149749993}, "gr": {"per": 27.944489842157246}, "ag": {"per": 27.996530294370938}, "tg": {"per": 35.29088811136685}, "ti": {"per": 20.27433518663793}, "vd": {"per": 25.67370269042885}, "vs": {"per": 2.2231369009022233}, "ne": {"per": 28.598884632695896}, "ge": {"per": 21.061463895492487}, "ju": {"per": 0.0}, "gl": {"per": 0.0}, "ow": {"per": 0.0}, "ai": {"per": 0.0}, "annahme": 0, "zh-annahme": 0, "be-annahme": 0, "lu-annahme": 0, "ur-annahme": 0, "sz-annahme": 0, "nw-annahme": 0, "zg-annahme": 0, "fr-annahme": 0, "so-annahme": 0, "bs-annahme": 0, "bl-annahme": 0, "sh-annahme": 0, "ar-annahme": 0, "sg-annahme": 0, "gr-annahme": 0, "ag-annahme": 0, "tg-annahme": 0, "ti-annahme": 0, "vd-annahme": 0, "vs-annahme": 0, "ne-annahme": 0, "ge-annahme": 0, "ju-annahme": 0, "gl-annahme": 0, "ow-annahme": 0, "ai-annahme": 0, "forme": 3.0}