{"ch": 61.807087394277396, "zh": 54.752997073087066, "be": 53.49711232220742, "lu": 77.80474195947285, "ur": 100.0, "sz": 75.99547569459368, "nw": 100.0, "zg": 79.23276563692602, "fr": 73.759898773144, "so": 60.87140769902528, "bs": 40.426113253282736, "bl": 46.68379994087162, "sh": 58.0108035865624, "ar": 75.61111111129063, "sg": 66.53599883096784, "gr": 72.88447822264203, "ag": 58.966561013559144, "tg": 61.37280081353718, "ti": 79.67452025630199, "vd": 57.45599979659844, "vs": 81.22985822998123, "ne": 54.87712714726718, "ge": 46.55391494544114, "ju": 67.647357466, "gl": 0.0, "ow": 100.0, "ai": 100.0}