{"ch": {"per": 94.93858459831499}, "zh": {"per": 96.4468873125943}, "be": {"per": 93.92135958725393}, "lu": {"per": 97.76500084068434}, "ur": {"per": 100.0}, "sz": {"per": 96.7661499704095}, "nw": {"per": 100.0}, "zg": {"per": 100.00000000000001}, "fr": {"per": 97.79987773144856}, "so": {"per": 96.84997037823612}, "bs": {"per": 90.22957456982245}, "bl": {"per": 88.03420133567738}, "sh": {"per": 100.0}, "ar": {"per": 100.0}, "sg": {"per": 97.66456669905644}, "gr": {"per": 100.0}, "ag": {"per": 94.8596343860694}, "tg": {"per": 94.70613414724052}, "ti": {"per": 98.64427378682169}, "vd": {"per": 85.82887066366642}, "vs": {"per": 99.14950474829914}, "ne": {"per": 90.02749328961826}, "ge": {"per": 83.66614660362544}, "ju": {"per": 100.0}, "gl": {"per": 100.0}, "ow": {"per": 100.0}, "ai": {"per": 100.0}, "annahme": 1, "zh-annahme": 1, "be-annahme": 1, "lu-annahme": 1, "ur-annahme": 1, "sz-annahme": 1, "nw-annahme": 1, "zg-annahme": 1, "fr-annahme": 1, "so-annahme": 1, "bs-annahme": 1, "bl-annahme": 1, "sh-annahme": 1, "ar-annahme": 1, "sg-annahme": 1, "gr-annahme": 1, "ag-annahme": 1, "tg-annahme": 1, "ti-annahme": 1, "vd-annahme": 1, "vs-annahme": 1, "ne-annahme": 1, "ge-annahme": 1, "ju-annahme": 1, "gl-annahme": 1, "ow-annahme": 1, "ai-annahme": 1, "forme": 1.0}