{"ch": {"per": 69.14447659221675}, "zh": {"per": 68.07354940452655}, "be": {"per": 65.92655328880194}, "lu": {"per": 80.0397411187885}, "ur": {"per": 100.00000000000001}, "sz": {"per": 79.22932572418416}, "nw": {"per": 100.0}, "zg": {"per": 79.23276563692602}, "fr": {"per": 74.83863400500441}, "so": {"per": 65.87801725845893}, "bs": {"per": 52.56928531936113}, "bl": {"per": 61.95168149857519}, "sh": {"per": 58.010803586562396}, "ar": {"per": 75.61111111129063}, "sg": {"per": 75.58826310022255}, "gr": {"per": 73.98551785724325}, "ag": {"per": 71.4236491931113}, "tg": {"per": 69.63820442159964}, "ti": {"per": 79.67452025630199}, "vd": {"per": 59.38158955013604}, "vs": {"per": 81.22985822998123}, "ne": {"per": 57.49420165280794}, "ge": {"per": 49.08922022757515}, "ju": {"per": 67.64735746599999}, "gl": {"per": 0.0}, "ow": {"per": 100.0}, "ai": {"per": 100.0}, "annahme": 1, "zh-annahme": 1, "be-annahme": 1, "lu-annahme": 1, "ur-annahme": 1, "sz-annahme": 1, "nw-annahme": 1, "zg-annahme": 1, "fr-annahme": 1, "so-annahme": 1, "bs-annahme": 1, "bl-annahme": 1, "sh-annahme": 1, "ar-annahme": 1, "sg-annahme": 1, "gr-annahme": 1, "ag-annahme": 1, "tg-annahme": 1, "ti-annahme": 1, "vd-annahme": 1, "vs-annahme": 1, "ne-annahme": 1, "ge-annahme": 0, "ju-annahme": 1, "gl-annahme": 0, "ow-annahme": 1, "ai-annahme": 1, "forme": 2.0}