{"ch": {"per": 76.04410207278542}, "zh": {"per": 66.46866908867263}, "be": {"per": 59.93214260232167}, "lu": {"per": 83.50327850348748}, "ur": {"per": 100.00000000000001}, "sz": {"per": 74.36055628378226}, "nw": {"per": 100.0}, "zg": {"per": 81.46106239540717}, "fr": {"per": 88.70757922565274}, "so": {"per": 89.25140150081184}, "bs": {"per": 76.04277277855776}, "bl": {"per": 75.5999795475427}, "sh": {"per": 77.37186983678419}, "ar": {"per": 75.50980392173994}, "sg": {"per": 86.69405505750102}, "gr": {"per": 72.05551015784275}, "ag": {"per": 70.46635279835941}, "tg": {"per": 64.70911188863315}, "ti": {"per": 98.50072630540734}, "vd": {"per": 71.43832635749301}, "vs": {"per": 97.77686309909778}, "ne": {"per": 69.03095926795383}, "ge": {"per": 78.93853610450752}, "ju": {"per": 100.0}, "gl": {"per": 100.0}, "ow": {"per": 100.0}, "ai": {"per": 100.0}, "annahme": 1, "zh-annahme": 1, "be-annahme": 1, "lu-annahme": 1, "ur-annahme": 1, "sz-annahme": 1, "nw-annahme": 1, "zg-annahme": 1, "fr-annahme": 1, "so-annahme": 1, "bs-annahme": 1, "bl-annahme": 1, "sh-annahme": 1, "ar-annahme": 1, "sg-annahme": 1, "gr-annahme": 1, "ag-annahme": 1, "tg-annahme": 1, "ti-annahme": 1, "vd-annahme": 1, "vs-annahme": 1, "ne-annahme": 1, "ge-annahme": 1, "ju-annahme": 1, "gl-annahme": 1, "ow-annahme": 1, "ai-annahme": 1, "forme": 2.0}