{"ch": 26.522421873510037, "zh": 36.95254655703831, "be": 34.02239996944458, "lu": 24.06261905918068, "ur": 0.0, "sz": 36.36391122954198, "nw": 8.140877598167497, "zg": 22.15346660842153, "fr": 14.614588379398091, "so": 19.05566457560666, "bs": 18.397249725775115, "bl": 28.93600386035829, "sh": 26.019902259, "ar": 37.537493812, "sg": 30.395295259756427, "gr": 28.64829463706737, "ag": 35.798103183302786, "tg": 38.37771764362711, "ti": 24.017868103132194, "vd": 12.078611677700628, "vs": 8.974103617153848, "ne": 2.2947136900758824, "ge": 7.630548046459099, "ju": 7.175608113371298, "gl": 0.0, "ai": 25.92738752988925}