{"ch": 30.313984191807815, "zh": 32.32198739925449, "be": 36.96447998235259, "lu": 18.346082884239767, "ur": 0.0, "sz": 16.609219729750752, "nw": 0.0, "zg": 24.062879104750152, "fr": 25.181973207012565, "so": 32.93625317567175, "bs": 44.39737113664291, "bl": 33.537145288832015, "sh": 33.568241377, "ar": 29.651416756000003, "sg": 22.081124505361313, "gr": 28.256198205519198, "ag": 24.02897726980067, "tg": 23.894650655116166, "ti": 21.693377889846776, "vd": 41.0846381866878, "vs": 18.937302994613628, "ne": 52.716665784611884, "ge": 46.008118736931486, "ju": 34.15796699686337, "gl": 100.0, "ai": 0.0}