{"ch": {"per": 3.4547608184206005}, "zh": {"per": 3.7587421527130873}, "be": {"per": 8.774803035853504}, "lu": {"per": 0.9295016092562175}, "ur": {"per": 0.0}, "sz": {"per": 0.0}, "nw": {"per": 8.140877598167497}, "zg": {"per": 0.0}, "fr": {"per": 0.40608059245808575}, "so": {"per": 0.0}, "bs": {"per": 4.468094091706391}, "bl": {"per": 11.47891047833065}, "sh": {"per": 0.0}, "ar": {"per": 0.0}, "sg": {"per": 2.6206193671522717}, "gr": {"per": 0.0}, "ag": {"per": 4.505011598319207}, "tg": {"per": 5.030220497592554}, "ti": {"per": 0.0}, "vd": {"per": 4.086808403264849}, "vs": {"per": 0.0}, "ne": {"per": 2.694360624507322}, "ge": {"per": 0.0}, "ju": {"per": 0.0}, "gl": {"per": 0.0}, "ai": {"per": 0.0}, "annahme": 0, "zh-annahme": 0, "be-annahme": 0, "lu-annahme": 0, "ur-annahme": 0, "sz-annahme": 0, "nw-annahme": 0, "zg-annahme": 0, "fr-annahme": 0, "so-annahme": 0, "bs-annahme": 0, "bl-annahme": 0, "sh-annahme": 0, "ar-annahme": 0, "sg-annahme": 0, "gr-annahme": 0, "ag-annahme": 0, "tg-annahme": 0, "ti-annahme": 0, "vd-annahme": 0, "vs-annahme": 0, "ne-annahme": 0, "ge-annahme": 0, "ju-annahme": 0, "gl-annahme": 0, "ai-annahme": 0, "forme": 3.0}