{"ch": 3.4547608184206005, "zh": 3.7587421527130873, "be": 8.774803035853504, "lu": 0.9295016092562175, "ur": 0.0, "sz": 0.0, "nw": 8.140877598167497, "zg": 0.0, "fr": 0.40608059245808575, "so": 0.0, "bs": 4.468094091706391, "bl": 11.47891047833065, "sh": 0.0, "ar": 0.0, "sg": 2.6206193671522717, "gr": 0.0, "ag": 4.505011598319207, "tg": 5.030220497592554, "ti": 0.0, "vd": 4.086808403264849, "vs": 0.0, "ne": 2.694360624507322, "ge": 0.0, "ju": 0.0, "gl": 0.0, "ai": 0.0, "annahme": 0, "zh-annahme": 0, "be-annahme": 0, "lu-annahme": 0, "ur-annahme": 0, "sz-annahme": 0, "nw-annahme": 0, "zg-annahme": 0, "fr-annahme": 0, "so-annahme": 0, "bs-annahme": 0, "bl-annahme": 0, "sh-annahme": 0, "ar-annahme": 0, "sg-annahme": 0, "gr-annahme": 0, "ag-annahme": 0, "tg-annahme": 0, "ti-annahme": 0, "vd-annahme": 0, "vs-annahme": 0, "ne-annahme": 0, "ge-annahme": 0, "ju-annahme": 0, "gl-annahme": 0, "ai-annahme": 0, "forme": 3.0}