{"ch": 95.8357679249457, "zh": 96.4100749116, "be": 91.91530793620485, "lu": 99.14624384107819, "ur": 100.0, "sz": 100.00000000000001, "nw": 91.8591224018325, "zg": 100.0, "fr": 99.5939194075419, "so": 100.0, "bs": 95.94360149152479, "bl": 89.613123779162, "sh": 100.0, "ar": 100.0, "sg": 97.4889759657353, "gr": 100.0, "ag": 95.70157650598007, "tg": 95.30248304386399, "ti": 81.32169406013406, "vd": 96.21568361269405, "vs": 100.0, "ne": 97.70528630992413, "ge": 100.0, "ju": 100.0, "gl": 100.0, "ai": 100.0}