{"ch": 34.163611904611386, "zh": 37.73139490645974, "be": 45.076351673831184, "lu": 19.19983904316158, "ur": 0.0, "sz": 16.60921972975075, "nw": 8.140877598167496, "zg": 24.06287910475015, "fr": 25.588053799470647, "so": 32.93625317567175, "bs": 52.438919188036316, "bl": 46.42005623709218, "sh": 33.568241377, "ar": 29.651416756000003, "sg": 24.911616879848257, "gr": 28.256198205519194, "ag": 30.837383375447477, "tg": 29.55118229117963, "ti": 21.911341471658968, "vd": 42.000687662811465, "vs": 18.937302994613628, "ne": 55.01137947468777, "ge": 46.008118736931486, "ju": 34.15796699686338, "gl": 99.99999999999999, "ai": 0.0}