{"ch": 27.834914183647584, "zh": 38.86433909226643, "be": 38.18691814097741, "lu": 24.062619059180676, "ur": 0.0, "sz": 36.363911229541976, "nw": 8.140877598167496, "zg": 22.153466608421528, "fr": 14.614588379398091, "so": 19.05566457560666, "bs": 18.397249725775115, "bl": 28.93600386035829, "sh": 26.019902259000002, "ar": 37.537493812, "sg": 31.455028493565813, "gr": 28.64829463706737, "ag": 37.25120537929083, "tg": 40.40869181434606, "ti": 24.017868103132194, "vd": 14.946878588882912, "vs": 8.974103617153844, "ne": 2.294713690075882, "ge": 7.630548046459099, "ju": 7.175608113371298, "gl": 0.0, "ai": 25.927387529889245}