{"ch": {"per": 27.834914183647584}, "zh": {"per": 38.86433909226643}, "be": {"per": 38.18691814097741}, "lu": {"per": 24.062619059180676}, "ur": {"per": 0.0}, "sz": {"per": 36.363911229541976}, "nw": {"per": 8.140877598167496}, "zg": {"per": 22.153466608421528}, "fr": {"per": 14.614588379398091}, "so": {"per": 19.05566457560666}, "bs": {"per": 18.397249725775115}, "bl": {"per": 28.93600386035829}, "sh": {"per": 26.019902259000002}, "ar": {"per": 37.537493812}, "sg": {"per": 31.455028493565813}, "gr": {"per": 28.64829463706737}, "ag": {"per": 37.25120537929083}, "tg": {"per": 40.40869181434606}, "ti": {"per": 24.017868103132194}, "vd": {"per": 14.946878588882912}, "vs": {"per": 8.974103617153844}, "ne": {"per": 2.294713690075882}, "ge": {"per": 7.630548046459099}, "ju": {"per": 7.175608113371298}, "gl": {"per": 0.0}, "ai": {"per": 25.927387529889245}, "annahme": 0, "zh-annahme": 0, "be-annahme": 0, "lu-annahme": 0, "ur-annahme": 0, "sz-annahme": 0, "nw-annahme": 0, "zg-annahme": 0, "fr-annahme": 0, "so-annahme": 0, "bs-annahme": 0, "bl-annahme": 0, "sh-annahme": 0, "ar-annahme": 0, "sg-annahme": 0, "gr-annahme": 0, "ag-annahme": 0, "tg-annahme": 0, "ti-annahme": 0, "vd-annahme": 0, "vs-annahme": 0, "ne-annahme": 0, "ge-annahme": 0, "ju-annahme": 0, "gl-annahme": 0, "ai-annahme": 0, "forme": 3.0}