{"ch": 33.154798846644674, "zh": 36.05326235328786, "be": 41.156177781568886, "lu": 18.346082884239763, "ur": 0.0, "sz": 16.60921972975075, "nw": 0.0, "zg": 24.06287910475015, "fr": 25.18197320701256, "so": 32.93625317567175, "bs": 48.382520679561104, "bl": 36.03318001625418, "sh": 33.568241377, "ar": 29.651416756000003, "sg": 23.460326079392942, "gr": 28.256198205519194, "ag": 27.99206207741558, "tg": 26.884639505762586, "ti": 40.58964741152491, "vd": 41.084638186687805, "vs": 18.937302994613628, "ne": 52.71666578461188, "ge": 46.008118736931486, "ju": 34.15796699686338, "gl": 99.99999999999999, "ai": 0.0}