{"ch": {"per": 32.233335493169655}, "zh": {"per": 36.05326235328787}, "be": {"per": 41.15617778156889}, "lu": {"per": 18.346082884239763}, "ur": {"per": 0.0}, "sz": {"per": 16.60921972975075}, "nw": {"per": 0.0}, "zg": {"per": 24.06287910475015}, "fr": {"per": 25.181973207012565}, "so": {"per": 32.93625317567175}, "bs": {"per": 48.3825206795611}, "bl": {"per": 36.03318001625417}, "sh": {"per": 33.568241377}, "ar": {"per": 29.651416755999996}, "sg": {"per": 23.46032607939294}, "gr": {"per": 28.2561982055192}, "ag": {"per": 27.99206207741558}, "tg": {"per": 26.884639505762586}, "ti": {"per": 21.91134147165897}, "vd": {"per": 41.084638186687805}, "vs": {"per": 18.93730299461363}, "ne": {"per": 52.716665784611884}, "ge": {"per": 46.008118736931486}, "ju": {"per": 34.157966996863365}, "gl": {"per": 100.0}, "ai": {"per": 0.0}, "annahme": 0, "zh-annahme": 0, "be-annahme": 0, "lu-annahme": 0, "ur-annahme": 0, "sz-annahme": 0, "nw-annahme": 0, "zg-annahme": 0, "fr-annahme": 0, "so-annahme": 0, "bs-annahme": 0, "bl-annahme": 0, "sh-annahme": 0, "ar-annahme": 0, "sg-annahme": 0, "gr-annahme": 0, "ag-annahme": 0, "tg-annahme": 0, "ti-annahme": 0, "vd-annahme": 0, "vs-annahme": 0, "ne-annahme": 1, "ge-annahme": 0, "ju-annahme": 0, "gl-annahme": 1, "ai-annahme": 0, "forme": 3.0}