{"ch": 49.33324306365883, "zh": 38.05238982555248, "be": 39.510835511102734, "lu": 52.83956113551942, "ur": 0.0, "sz": 44.251274918972946, "nw": 0.0, "zg": 51.31762714995435, "fr": 67.06301548010687, "so": 54.91163905608583, "bs": 64.77553380813335, "bl": 45.86135493219841, "sh": 33.568241377, "ar": 29.651416756000003, "sg": 49.4948352856429, "gr": 55.308711732303195, "ag": 40.96420709881311, "tg": 40.82591981810984, "ti": 47.83604992144221, "vd": 58.971109251062195, "vs": 72.19561237973316, "ne": 76.9575930793725, "ge": 79.38859802906006, "ju": 73.3492215627066, "gl": 100.00000000000001, "ai": 74.07261247011076, "annahme": 0, "zh-annahme": 0, "be-annahme": 0, "lu-annahme": 1, "ur-annahme": 0, "sz-annahme": 0, "nw-annahme": 0, "zg-annahme": 1, "fr-annahme": 1, "so-annahme": 1, "bs-annahme": 1, "bl-annahme": 0, "sh-annahme": 0, "ar-annahme": 0, "sg-annahme": 0, "gr-annahme": 1, "ag-annahme": 0, "tg-annahme": 0, "ti-annahme": 0, "vd-annahme": 1, "vs-annahme": 1, "ne-annahme": 1, "ge-annahme": 1, "ju-annahme": 1, "gl-annahme": 1, "ai-annahme": 1, "forme": 3.0}