{"ch": 97.12988541756104, "zh": 98.05557747744976, "be": 95.66556441633958, "lu": 100.0, "ur": 100.0, "sz": 100.0, "nw": 100.0, "zg": 100.0, "fr": 100.0, "so": 100.0, "bs": 100.0, "bl": 100.0, "sh": 100.0, "ar": 100.0, "sg": 98.92466046240789, "gr": 99.99999999999999, "ag": 98.50434151458049, "tg": 97.91338535706028, "ti": 98.6462524722455, "vd": 86.70445223183654, "vs": 100.0, "ne": 90.15534997376291, "ge": 82.8542061929544, "ju": 100.00000000000001, "gl": 100.0, "ai": 100.0}