{"ch": 68.76455245471718, "zh": 67.6780126007455, "be": 63.0355200176474, "lu": 81.65391711576024, "ur": 100.0, "sz": 83.39078027024924, "nw": 100.0, "zg": 75.93712089524985, "fr": 74.81802679298744, "so": 67.06374682432823, "bs": 55.60262886335708, "bl": 66.46285471116799, "sh": 66.431758623, "ar": 70.34858324400001, "sg": 77.91887549463868, "gr": 71.74380179448082, "ag": 75.97102273019934, "tg": 76.10534934488385, "ti": 59.6283161702873, "vd": 58.915361813312195, "vs": 81.06269700538638, "ne": 47.28333421538811, "ge": 53.991881263068514, "ju": 65.84203300313662, "gl": 0.0, "ai": 100.0}