{"ch": 30.731114365634426, "zh": 36.05326235328786, "be": 41.156177781568886, "lu": 18.346082884239763, "ur": 0.0, "sz": 16.609219729750752, "nw": 0.0, "zg": 24.062879104750152, "fr": 25.181973207012565, "so": 32.936253175671744, "bs": 48.38252067956109, "bl": 36.03318001625417, "sh": 33.568241377, "ar": 29.651416756, "sg": 23.460326079392942, "gr": 28.256198205519194, "ag": 27.99206207741558, "tg": 26.884639505762586, "ti": 20.55759394390446, "vd": 30.779151125384654, "vs": 18.937302994613628, "ne": 43.09792229026691, "ge": 28.862324929885872, "ju": 34.157966996863365, "gl": 100.00000000000001, "ai": 0.0, "annahme": 0, "zh-annahme": 0, "be-annahme": 0, "lu-annahme": 0, "ur-annahme": 0, "sz-annahme": 0, "nw-annahme": 0, "zg-annahme": 0, "fr-annahme": 0, "so-annahme": 0, "bs-annahme": 0, "bl-annahme": 0, "sh-annahme": 0, "ar-annahme": 0, "sg-annahme": 0, "gr-annahme": 0, "ag-annahme": 0, "tg-annahme": 0, "ti-annahme": 0, "vd-annahme": 0, "vs-annahme": 0, "ne-annahme": 0, "ge-annahme": 0, "ju-annahme": 0, "gl-annahme": 1, "ai-annahme": 0, "forme": 3.0}