{"ch": 30.31398419180782, "zh": 32.32198739925449, "be": 36.96447998235259, "lu": 18.346082884239763, "ur": 0.0, "sz": 16.609219729750752, "nw": 0.0, "zg": 24.062879104750152, "fr": 25.181973207012565, "so": 32.936253175671744, "bs": 44.39737113664291, "bl": 33.537145288832, "sh": 33.568241377, "ar": 29.651416756, "sg": 22.081124505361306, "gr": 28.256198205519194, "ag": 24.02897726980067, "tg": 23.894650655116173, "ti": 21.693377889846772, "vd": 41.0846381866878, "vs": 18.937302994613628, "ne": 52.716665784611884, "ge": 46.00811873693149, "ju": 34.157966996863365, "gl": 100.00000000000001, "ai": 0.0, "annahme": 0, "zh-annahme": 0, "be-annahme": 0, "lu-annahme": 0, "ur-annahme": 0, "sz-annahme": 0, "nw-annahme": 0, "zg-annahme": 0, "fr-annahme": 0, "so-annahme": 0, "bs-annahme": 0, "bl-annahme": 0, "sh-annahme": 0, "ar-annahme": 0, "sg-annahme": 0, "gr-annahme": 0, "ag-annahme": 0, "tg-annahme": 0, "ti-annahme": 0, "vd-annahme": 0, "vs-annahme": 0, "ne-annahme": 1, "ge-annahme": 0, "ju-annahme": 0, "gl-annahme": 1, "ai-annahme": 0, "forme": 3.0}