{"ch": 29.07972204622091, "zh": 32.321987399254496, "be": 36.96447998235259, "lu": 18.346082884239763, "ur": 0.0, "sz": 16.60921972975075, "nw": 0.0, "zg": 24.062879104750152, "fr": 25.181973207012565, "so": 32.93625317567175, "bs": 44.397371136642924, "bl": 33.53714528883201, "sh": 33.568241377, "ar": 29.651416756, "sg": 22.08112450536131, "gr": 28.256198205519198, "ag": 24.02897726980067, "tg": 23.89465065511617, "ti": 25.01132151409923, "vd": 30.779151125384654, "vs": 18.93730299461362, "ne": 43.0979222902669, "ge": 28.862324929885872, "ju": 34.157966996863365, "gl": 100.0, "ai": 0.0, "annahme": 0, "zh-annahme": 0, "be-annahme": 0, "lu-annahme": 0, "ur-annahme": 0, "sz-annahme": 0, "nw-annahme": 0, "zg-annahme": 0, "fr-annahme": 0, "so-annahme": 0, "bs-annahme": 0, "bl-annahme": 0, "sh-annahme": 0, "ar-annahme": 0, "sg-annahme": 0, "gr-annahme": 0, "ag-annahme": 0, "tg-annahme": 0, "ti-annahme": 0, "vd-annahme": 0, "vs-annahme": 0, "ne-annahme": 0, "ge-annahme": 0, "ju-annahme": 0, "gl-annahme": 1, "ai-annahme": 0, "forme": 3.0}