{"ch": 1.3782498663835696, "zh": 2.0211233325066114, "be": 4.53216127936587, "lu": 0.0, "ur": 0.0, "sz": 0.0, "nw": 0.0, "zg": 0.0, "fr": 0.0, "so": 0.0, "bs": 0.0, "bl": 0.0, "sh": 0.0, "ar": 0.0, "sg": 1.090602658905654, "gr": 0.0, "ag": 1.559263164481712, "tg": 2.1527448650544936, "ti": 0.0, "vd": 2.894784570071331, "vs": 0.0, "ne": 0.0, "ge": 0.0, "ju": 0.0, "gl": 0.0, "ai": 0.0}