{"ch": {"per": 27.16715780539347}, "zh": {"per": 37.014408556886266}, "be": {"per": 34.02239996944457}, "lu": {"per": 24.062619059180676}, "ur": {"per": 0.0}, "sz": {"per": 36.36391122954197}, "nw": {"per": 8.140877598167496}, "zg": {"per": 22.153466608421535}, "fr": {"per": 14.614588379398091}, "so": {"per": 19.05566457560666}, "bs": {"per": 20.739596164564198}, "bl": {"per": 28.936003860358287}, "sh": {"per": 26.019902259}, "ar": {"per": 37.537493812}, "sg": {"per": 30.395295259756438}, "gr": {"per": 28.64829463706737}, "ag": {"per": 35.798103183302786}, "tg": {"per": 38.37771764362709}, "ti": {"per": 24.017868103132194}, "vd": {"per": 13.913108122022383}, "vs": {"per": 9.1429142012422}, "ne": {"per": 3.0289622194876515}, "ge": {"per": 9.413618852298026}, "ju": {"per": 7.175608113371298}, "gl": {"per": 0.0}, "ai": {"per": 25.927387529889252}, "annahme": 8, "zh-annahme": 8, "be-annahme": 8, "lu-annahme": 8, "ur-annahme": 8, "sz-annahme": 8, "nw-annahme": 8, "zg-annahme": 8, "fr-annahme": 8, "so-annahme": 8, "bs-annahme": 8, "bl-annahme": 8, "sh-annahme": 8, "ar-annahme": 8, "sg-annahme": 8, "gr-annahme": 8, "ag-annahme": 8, "tg-annahme": 8, "ti-annahme": 8, "vd-annahme": 8, "vs-annahme": 8, "ne-annahme": 8, "ge-annahme": 8, "ju-annahme": 8, "gl-annahme": 8, "ai-annahme": 8, "forme": 5.0}