{"ch": 71.10435993229434, "zh": 62.88032393242828, "be": 65.97760003055542, "lu": 75.93738094081931, "ur": 100.0, "sz": 63.636088770458024, "nw": 91.8591224018325, "zg": 77.84653339157848, "fr": 85.3854116206019, "so": 80.94433542439333, "bs": 70.30867096716861, "bl": 71.0639961396417, "sh": 73.98009774100001, "ar": 62.462506188, "sg": 69.60470474024356, "gr": 71.35170536293263, "ag": 64.20189681669721, "tg": 61.62228235637289, "ti": 75.9821318968678, "vd": 74.73600639158599, "vs": 89.17954214203507, "ne": 73.4643590151635, "ge": 73.42805615437224, "ju": 92.8243918866287, "gl": 100.0, "ai": 74.07261247011076, "annahme": 1, "zh-annahme": 1, "be-annahme": 1, "lu-annahme": 1, "ur-annahme": 1, "sz-annahme": 1, "nw-annahme": 1, "zg-annahme": 1, "fr-annahme": 1, "so-annahme": 1, "bs-annahme": 1, "bl-annahme": 1, "sh-annahme": 1, "ar-annahme": 1, "sg-annahme": 1, "gr-annahme": 1, "ag-annahme": 1, "tg-annahme": 1, "ti-annahme": 1, "vd-annahme": 1, "vs-annahme": 1, "ne-annahme": 1, "ge-annahme": 1, "ju-annahme": 1, "gl-annahme": 1, "ai-annahme": 1, "forme": 4.0}