{"ch": 27.834914183647584, "zh": 38.86433909226643, "be": 38.1869181409774, "lu": 24.062619059180676, "ur": 0.0, "sz": 36.36391122954197, "nw": 8.140877598167496, "zg": 22.15346660842153, "fr": 14.614588379398091, "so": 19.055664575606663, "bs": 18.397249725775115, "bl": 28.93600386035829, "sh": 26.019902258999995, "ar": 37.537493811999994, "sg": 31.455028493565813, "gr": 28.648294637067373, "ag": 37.25120537929083, "tg": 40.40869181434606, "ti": 24.017868103132198, "vd": 14.946878588882912, "vs": 8.974103617153846, "ne": 2.2947136900758824, "ge": 7.630548046459099, "ju": 7.175608113371298, "gl": 0.0, "ai": 25.927387529889252, "annahme": 0, "zh-annahme": 0, "be-annahme": 0, "lu-annahme": 0, "ur-annahme": 0, "sz-annahme": 0, "nw-annahme": 0, "zg-annahme": 0, "fr-annahme": 0, "so-annahme": 0, "bs-annahme": 0, "bl-annahme": 0, "sh-annahme": 0, "ar-annahme": 0, "sg-annahme": 0, "gr-annahme": 0, "ag-annahme": 0, "tg-annahme": 0, "ti-annahme": 0, "vd-annahme": 0, "vs-annahme": 0, "ne-annahme": 0, "ge-annahme": 0, "ju-annahme": 0, "gl-annahme": 0, "ai-annahme": 0, "forme": 3.0}