{"ch": 66.19262537565382, "zh": 63.33138976150422, "be": 57.16460005306524, "lu": 81.49593754288186, "ur": 100.0, "sz": 83.39078027024924, "nw": 100.0, "zg": 75.93712089524986, "fr": 74.71535073946933, "so": 67.06374682432825, "bs": 49.57191524248233, "bl": 59.790286850113034, "sh": 66.43175862300001, "ar": 70.34858324400001, "sg": 76.19418227803503, "gr": 71.74380179448079, "ag": 71.18814816599405, "tg": 72.37883018324084, "ti": 59.4103525884751, "vd": 58.53552672308155, "vs": 81.06269700538638, "ne": 46.04522664475592, "ge": 53.99188126306851, "ju": 65.84203300313663, "gl": 0.0, "ai": 100.0, "annahme": 1, "zh-annahme": 1, "be-annahme": 1, "lu-annahme": 1, "ur-annahme": 1, "sz-annahme": 1, "nw-annahme": 1, "zg-annahme": 1, "fr-annahme": 1, "so-annahme": 1, "bs-annahme": 0, "bl-annahme": 1, "sh-annahme": 1, "ar-annahme": 1, "sg-annahme": 1, "gr-annahme": 1, "ag-annahme": 1, "tg-annahme": 1, "ti-annahme": 1, "vd-annahme": 1, "vs-annahme": 1, "ne-annahme": 0, "ge-annahme": 1, "ju-annahme": 1, "gl-annahme": 0, "ai-annahme": 1, "forme": 2.0}