{"ch": 98.0402843256587, "zh": 98.32186744682812, "be": 96.0798261077377, "lu": 99.14624384107817, "ur": 100.0, "sz": 99.99999999999999, "nw": 91.8591224018325, "zg": 100.0, "fr": 99.59391940754192, "so": 100.0, "bs": 95.94360149152479, "bl": 89.613123779162, "sh": 100.0, "ar": 100.0, "sg": 98.54870919954469, "gr": 100.0, "ag": 97.1546787019681, "tg": 97.33345721458298, "ti": 99.99999999999999, "vd": 98.9787006516778, "vs": 100.0, "ne": 97.46107348050388, "ge": 100.00000000000001, "ju": 99.99999999999999, "gl": 100.0, "ai": 100.0}