{"ch": {"per": 35.476104214748936}, "zh": {"per": 39.64318744168787}, "be": {"per": 49.240869845364024}, "lu": {"per": 19.199839043161578}, "ur": {"per": 0.0}, "sz": {"per": 16.60921972975075}, "nw": {"per": 8.140877598167497}, "zg": {"per": 24.06287910475015}, "fr": {"per": 25.588053799470654}, "so": {"per": 32.93625317567175}, "bs": {"per": 52.43891918803631}, "bl": {"per": 46.42005623709218}, "sh": {"per": 33.568241377}, "ar": {"per": 29.651416756}, "sg": {"per": 25.971350113657635}, "gr": {"per": 28.256198205519194}, "ag": {"per": 32.29048557143552}, "tg": {"per": 31.582156461898585}, "ti": {"per": 21.91134147165897}, "vd": {"per": 44.86895457399375}, "vs": {"per": 18.937302994613628}, "ne": {"per": 55.01137947468776}, "ge": {"per": 46.008118736931486}, "ju": {"per": 34.15796699686337}, "gl": {"per": 100.0}, "ai": {"per": 0.0}, "annahme": 0, "zh-annahme": 0, "be-annahme": 0, "lu-annahme": 0, "ur-annahme": 0, "sz-annahme": 0, "nw-annahme": 0, "zg-annahme": 0, "fr-annahme": 0, "so-annahme": 0, "bs-annahme": 1, "bl-annahme": 0, "sh-annahme": 0, "ar-annahme": 0, "sg-annahme": 0, "gr-annahme": 0, "ag-annahme": 0, "tg-annahme": 0, "ti-annahme": 0, "vd-annahme": 0, "vs-annahme": 0, "ne-annahme": 1, "ge-annahme": 0, "ju-annahme": 0, "gl-annahme": 1, "ai-annahme": 0, "forme": 3.0}