{"ch": 32.53311623703739, "zh": 36.05326235328787, "be": 41.15617778156889, "lu": 18.346082884239763, "ur": 0.0, "sz": 16.60921972975075, "nw": 0.0, "zg": 24.06287910475015, "fr": 25.181973207012565, "so": 32.93625317567175, "bs": 48.3825206795611, "bl": 36.03318001625418, "sh": 33.568241377, "ar": 29.651416756, "sg": 23.460326079392935, "gr": 28.256198205519194, "ag": 27.992062077415582, "tg": 26.884639505762586, "ti": 26.944029787987972, "vd": 41.0846381866878, "vs": 18.937302994613628, "ne": 52.71666578461188, "ge": 46.008118736931486, "ju": 34.15796699686337, "gl": 100.0, "ai": 0.0}