{"ch": 30.31398419180782, "zh": 32.321987399254496, "be": 36.96447998235259, "lu": 18.346082884239763, "ur": 0.0, "sz": 16.60921972975075, "nw": 0.0, "zg": 24.06287910475015, "fr": 25.181973207012565, "so": 32.93625317567175, "bs": 44.39737113664292, "bl": 33.537145288832015, "sh": 33.568241377, "ar": 29.651416756, "sg": 22.08112450536131, "gr": 28.256198205519194, "ag": 24.028977269800663, "tg": 23.89465065511617, "ti": 21.693377889846776, "vd": 41.0846381866878, "vs": 18.937302994613628, "ne": 52.71666578461188, "ge": 46.008118736931486, "ju": 34.15796699686337, "gl": 100.0, "ai": 0.0}