{"ch": 47.79723748707308, "zh": 51.57692894771062, "be": 46.314396447761304, "lu": 47.174246437702365, "ur": 68.93058161302397, "sz": 59.000831736, "nw": 89.63636363619058, "zg": 57.94733785938216, "fr": 39.493127266148065, "so": 46.4229421821857, "bs": 37.586342186810754, "bl": 46.84435662310058, "sh": 57.656416789999994, "ar": 79.96418048425802, "sg": 48.34568799025117, "gr": 49.68172566195032, "ag": 50.63991395158463, "tg": 53.46350534638905, "ti": 45.93867626253393, "vd": 50.157752138485215, "vs": 30.429878039121718, "ne": 51.73120004951731, "ge": 43.123467099931446, "ju": 24.554134390498223, "gl": 0.0, "ow": 33.58921161843489, "ai": 0.0, "annahme": 0, "zh-annahme": 1, "be-annahme": 0, "lu-annahme": 0, "ur-annahme": 1, "sz-annahme": 1, "nw-annahme": 1, "zg-annahme": 1, "fr-annahme": 0, "so-annahme": 0, "bs-annahme": 0, "bl-annahme": 0, "sh-annahme": 1, "ar-annahme": 1, "sg-annahme": 0, "gr-annahme": 0, "ag-annahme": 1, "tg-annahme": 1, "ti-annahme": 0, "vd-annahme": 1, "vs-annahme": 0, "ne-annahme": 1, "ge-annahme": 0, "ju-annahme": 0, "gl-annahme": 0, "ow-annahme": 0, "ai-annahme": 0, "forme": 4.0}