{"ch": 62.54601064181026, "zh": 57.21937592252054, "be": 48.75918422003001, "lu": 77.35696223693067, "ur": 68.93058161302397, "sz": 82.440723731, "nw": 89.63636363619058, "zg": 84.44590852231052, "fr": 68.83940398134449, "so": 67.43749547426975, "bs": 44.285668006891264, "bl": 56.977531582260895, "sh": 60.307840639000005, "ar": 79.96418048425802, "sg": 70.80334195504204, "gr": 73.20853134092678, "ag": 66.47601276570691, "tg": 70.08067383171172, "ti": 70.8371190052298, "vd": 54.62449942999442, "vs": 78.32106200231328, "ne": 51.73120004951731, "ge": 55.149281218198865, "ju": 63.999729778656004, "gl": 0.0, "ow": 100.0, "ai": 100.0}