{"ch": {"per": 30.017643414147862}, "zh": {"per": 37.74396325842103}, "be": {"per": 37.93831115253572}, "lu": {"per": 23.867485874687212}, "ur": {"per": 31.744840525028973}, "sz": {"per": 43.649272532}, "nw": {"per": 10.363636363809428}, "zg": {"per": 32.065168840501094}, "fr": {"per": 25.57120005833521}, "so": {"per": 22.457815131089834}, "bs": {"per": 20.798433512437345}, "bl": {"per": 29.47888220324678}, "sh": {"per": 28.520023415}, "ar": {"per": 38.592639667265075}, "sg": {"per": 35.40029364653231}, "gr": {"per": 35.73407896906427}, "ag": {"per": 36.53827810093627}, "tg": {"per": 46.38471846215128}, "ti": {"per": 15.752076020920239}, "vd": {"per": 22.570094233130845}, "vs": {"per": 13.351425743053406}, "ne": {"per": 22.46695516722467}, "ge": {"per": 18.611394613301414}, "ju": {"per": 10.0499909926402}, "gl": {"per": 0.0}, "ow": {"per": 33.58921161843489}, "ai": {"per": 0.0}, "annahme": 0, "zh-annahme": 0, "be-annahme": 0, "lu-annahme": 0, "ur-annahme": 0, "sz-annahme": 0, "nw-annahme": 0, "zg-annahme": 0, "fr-annahme": 0, "so-annahme": 0, "bs-annahme": 0, "bl-annahme": 0, "sh-annahme": 0, "ar-annahme": 0, "sg-annahme": 0, "gr-annahme": 0, "ag-annahme": 0, "tg-annahme": 0, "ti-annahme": 0, "vd-annahme": 0, "vs-annahme": 0, "ne-annahme": 0, "ge-annahme": 0, "ju-annahme": 0, "gl-annahme": 0, "ow-annahme": 0, "ai-annahme": 0, "forme": 3.0}