{"ch": 63.48369493100787, "zh": 59.361580408718844, "be": 53.03382817552466, "lu": 77.35696223693067, "ur": 68.93058161302397, "sz": 82.440723731, "nw": 89.63636363619058, "zg": 84.44590852231052, "fr": 69.67013626325527, "so": 67.43749547426974, "bs": 45.03651658091767, "bl": 56.9775315822609, "sh": 60.307840639000005, "ar": 79.96418048425804, "sg": 71.93667859399203, "gr": 75.08348693302491, "ag": 66.4760127657069, "tg": 72.03462138005298, "ti": 62.769427054421676, "vd": 56.400518076133636, "vs": 78.32106200231328, "ne": 51.73120004951731, "ge": 55.149281218198865, "ju": 65.78769591086315, "gl": 0.0, "ow": 99.99999999999999, "ai": 100.0, "annahme": 1, "zh-annahme": 1, "be-annahme": 1, "lu-annahme": 1, "ur-annahme": 1, "sz-annahme": 1, "nw-annahme": 1, "zg-annahme": 1, "fr-annahme": 1, "so-annahme": 1, "bs-annahme": 0, "bl-annahme": 1, "sh-annahme": 1, "ar-annahme": 1, "sg-annahme": 1, "gr-annahme": 1, "ag-annahme": 1, "tg-annahme": 1, "ti-annahme": 1, "vd-annahme": 1, "vs-annahme": 1, "ne-annahme": 1, "ge-annahme": 1, "ju-annahme": 1, "gl-annahme": 0, "ow-annahme": 1, "ai-annahme": 1, "forme": 2.0}