{"ch": {"per": 48.68303084528021}, "zh": {"per": 45.37706670314741}, "be": {"per": 46.62915453716709}, "lu": {"per": 52.464651349482445}, "ur": {"per": 31.06941838697602}, "sz": {"per": 40.999168264000005}, "nw": {"per": 0.0}, "zg": {"per": 42.052662140617834}, "fr": {"per": 59.67614045194113}, "so": {"per": 53.5770578178143}, "bs": {"per": 60.53905600417922}, "bl": {"per": 50.4346040275698}, "sh": {"per": 42.343583210000006}, "ar": {"per": 20.035819515741974}, "sg": {"per": 49.752149324915464}, "gr": {"per": 48.44331874595156}, "ag": {"per": 47.898613065361054}, "tg": {"per": 41.60746027834068}, "ti": {"per": 54.06132373746607}, "vd": {"per": 38.31098120742423}, "vs": {"per": 69.57012196087828}, "ne": {"per": 43.0604870514306}, "ge": {"per": 48.62002618455482}, "ju": {"per": 73.65789947729462}, "gl": {"per": 100.0}, "ow": {"per": 66.41078838156511}, "ai": {"per": 100.0}, "annahme": 0, "zh-annahme": 0, "be-annahme": 0, "lu-annahme": 1, "ur-annahme": 0, "sz-annahme": 0, "nw-annahme": 0, "zg-annahme": 0, "fr-annahme": 1, "so-annahme": 1, "bs-annahme": 1, "bl-annahme": 1, "sh-annahme": 0, "ar-annahme": 0, "sg-annahme": 0, "gr-annahme": 0, "ag-annahme": 0, "tg-annahme": 0, "ti-annahme": 1, "vd-annahme": 0, "vs-annahme": 1, "ne-annahme": 0, "ge-annahme": 0, "ju-annahme": 1, "gl-annahme": 1, "ow-annahme": 1, "ai-annahme": 1, "forme": 1.0}