{"ch": 69.98235658585214, "zh": 62.25603674157897, "be": 62.06168884746428, "lu": 76.1325141253128, "ur": 68.25515947497104, "sz": 56.350727468, "nw": 89.63636363619058, "zg": 67.93483115949891, "fr": 74.42879994166478, "so": 77.54218486891017, "bs": 79.20156648756266, "bl": 70.52111779675322, "sh": 71.479976585, "ar": 61.40736033273492, "sg": 64.5997063534677, "gr": 64.26592103093574, "ag": 63.46172189906373, "tg": 53.61528153784871, "ti": 84.24792397907976, "vd": 77.42990576686915, "vs": 86.64857425694659, "ne": 77.53304483277532, "ge": 81.38860538669859, "ju": 89.95000900735981, "gl": 100.0, "ow": 66.4107883815651, "ai": 100.0}