{"ch": 98.76333162301096, "zh": 100.0, "be": 100.0, "lu": 100.0, "ur": 100.0, "sz": 100.0, "nw": 100.0, "zg": 100.0, "fr": 100.0, "so": 100.0, "bs": 100.0, "bl": 100.0, "sh": 100.0, "ar": 100.0, "sg": 100.0, "gr": 100.0, "ag": 100.0, "tg": 100.0, "ti": 100.0, "vd": 90.59360957813541, "vs": 100.00000000000001, "ne": 94.79168710094793, "ge": 91.74349328448626, "ju": 99.99999999999999, "gl": 100.0, "ow": 100.00000000000001, "ai": 100.0}