{"ch": 68.7456882088631, "zh": 62.25603674157897, "be": 62.06168884746429, "lu": 76.1325141253128, "ur": 68.25515947497104, "sz": 56.35072746800001, "nw": 89.63636363619057, "zg": 67.93483115949891, "fr": 74.42879994166479, "so": 77.54218486891017, "bs": 79.20156648756264, "bl": 70.52111779675322, "sh": 71.479976585, "ar": 61.40736033273493, "sg": 64.59970635346768, "gr": 64.26592103093573, "ag": 63.46172189906374, "tg": 53.61528153784872, "ti": 84.24792397907976, "vd": 68.02351534500457, "vs": 86.6485742569466, "ne": 72.32473193372324, "ge": 73.13209867118485, "ju": 89.9500090073598, "gl": 100.0, "ow": 66.41078838156511, "ai": 100.0, "annahme": 1, "zh-annahme": 1, "be-annahme": 1, "lu-annahme": 1, "ur-annahme": 1, "sz-annahme": 1, "nw-annahme": 1, "zg-annahme": 1, "fr-annahme": 1, "so-annahme": 1, "bs-annahme": 1, "bl-annahme": 1, "sh-annahme": 1, "ar-annahme": 1, "sg-annahme": 1, "gr-annahme": 1, "ag-annahme": 1, "tg-annahme": 1, "ti-annahme": 1, "vd-annahme": 1, "vs-annahme": 1, "ne-annahme": 1, "ge-annahme": 1, "ju-annahme": 1, "gl-annahme": 1, "ow-annahme": 1, "ai-annahme": 1, "forme": 2.0}