{"ch": 67.89253780100199, "zh": 57.985936080241935, "be": 56.693724619643326, "lu": 75.30286062453416, "ur": 68.25515947497104, "sz": 56.35072746800001, "nw": 89.63636363619057, "zg": 67.93483115949891, "fr": 73.60242184278603, "so": 76.34565508380538, "bs": 76.29319808947014, "bl": 67.82838598943238, "sh": 71.479976585, "ar": 61.40736033273493, "sg": 63.07651623500615, "gr": 64.26592103093573, "ag": 58.15345216491372, "tg": 50.87510596967196, "ti": 91.64125840721816, "vd": 76.76770736196134, "vs": 86.6485742569466, "ne": 77.53304483277533, "ge": 81.38860538669859, "ju": 89.9500090073598, "gl": 100.0, "ow": 66.41078838156511, "ai": 100.0, "annahme": 1, "zh-annahme": 1, "be-annahme": 1, "lu-annahme": 1, "ur-annahme": 1, "sz-annahme": 1, "nw-annahme": 1, "zg-annahme": 1, "fr-annahme": 1, "so-annahme": 1, "bs-annahme": 1, "bl-annahme": 1, "sh-annahme": 1, "ar-annahme": 1, "sg-annahme": 1, "gr-annahme": 1, "ag-annahme": 1, "tg-annahme": 1, "ti-annahme": 1, "vd-annahme": 1, "vs-annahme": 1, "ne-annahme": 1, "ge-annahme": 1, "ju-annahme": 1, "gl-annahme": 1, "ow-annahme": 1, "ai-annahme": 1, "forme": 2.0}