{"ch": {"per": 69.98235658585216}, "zh": {"per": 62.25603674157898}, "be": {"per": 62.061688847464275}, "lu": {"per": 76.1325141253128}, "ur": {"per": 68.25515947497104}, "sz": {"per": 56.350727468}, "nw": {"per": 89.63636363619057}, "zg": {"per": 67.93483115949891}, "fr": {"per": 74.42879994166478}, "so": {"per": 77.54218486891017}, "bs": {"per": 79.20156648756266}, "bl": {"per": 70.52111779675322}, "sh": {"per": 71.479976585}, "ar": {"per": 61.407360332734925}, "sg": {"per": 64.5997063534677}, "gr": {"per": 64.26592103093574}, "ag": {"per": 63.46172189906373}, "tg": {"per": 53.615281537848716}, "ti": {"per": 84.24792397907976}, "vd": {"per": 77.42990576686915}, "vs": {"per": 86.6485742569466}, "ne": {"per": 77.53304483277533}, "ge": {"per": 81.38860538669859}, "ju": {"per": 89.9500090073598}, "gl": {"per": 100.0}, "ow": {"per": 66.4107883815651}, "ai": {"per": 100.0}, "annahme": 1, "zh-annahme": 1, "be-annahme": 1, "lu-annahme": 1, "ur-annahme": 1, "sz-annahme": 1, "nw-annahme": 1, "zg-annahme": 1, "fr-annahme": 1, "so-annahme": 1, "bs-annahme": 1, "bl-annahme": 1, "sh-annahme": 1, "ar-annahme": 1, "sg-annahme": 1, "gr-annahme": 1, "ag-annahme": 1, "tg-annahme": 1, "ti-annahme": 1, "vd-annahme": 1, "vs-annahme": 1, "ne-annahme": 1, "ge-annahme": 1, "ju-annahme": 1, "gl-annahme": 1, "ow-annahme": 1, "ai-annahme": 1, "forme": 2.0}