{"ch": 37.45398935818974, "zh": 42.780624077479466, "be": 51.24081577996999, "lu": 22.643037763069323, "ur": 31.069418386976025, "sz": 17.559276269000005, "nw": 10.363636363809428, "zg": 15.554091477689482, "fr": 31.160596018655525, "so": 32.562504525730255, "bs": 55.71433199310873, "bl": 43.022468417739105, "sh": 39.692159361, "ar": 20.03581951574197, "sg": 29.196658044957957, "gr": 26.79146865907321, "ag": 33.523987234293095, "tg": 29.919326168288283, "ti": 29.162880994770205, "vd": 45.37550057000556, "vs": 21.67893799768672, "ne": 48.26879995048269, "ge": 44.850718781801135, "ju": 36.00027022134399, "gl": 100.0, "ow": 0.0, "ai": 0.0}