{"ch": {"per": 37.45398935818974}, "zh": {"per": 42.780624077479466}, "be": {"per": 51.24081577996999}, "lu": {"per": 22.643037763069323}, "ur": {"per": 31.069418386976025}, "sz": {"per": 17.559276269000005}, "nw": {"per": 10.363636363809428}, "zg": {"per": 15.554091477689482}, "fr": {"per": 31.160596018655525}, "so": {"per": 32.562504525730255}, "bs": {"per": 55.71433199310873}, "bl": {"per": 43.022468417739105}, "sh": {"per": 39.692159361}, "ar": {"per": 20.03581951574197}, "sg": {"per": 29.196658044957957}, "gr": {"per": 26.79146865907321}, "ag": {"per": 33.523987234293095}, "tg": {"per": 29.919326168288283}, "ti": {"per": 29.162880994770205}, "vd": {"per": 45.37550057000556}, "vs": {"per": 21.67893799768672}, "ne": {"per": 48.26879995048269}, "ge": {"per": 44.850718781801135}, "ju": {"per": 36.00027022134399}, "gl": {"per": 100.0}, "ow": {"per": 0.0}, "ai": {"per": 0.0}, "annahme": 0, "zh-annahme": 0, "be-annahme": 1, "lu-annahme": 0, "ur-annahme": 0, "sz-annahme": 0, "nw-annahme": 0, "zg-annahme": 0, "fr-annahme": 0, "so-annahme": 0, "bs-annahme": 1, "bl-annahme": 0, "sh-annahme": 0, "ar-annahme": 0, "sg-annahme": 0, "gr-annahme": 0, "ag-annahme": 0, "tg-annahme": 0, "ti-annahme": 0, "vd-annahme": 0, "vs-annahme": 0, "ne-annahme": 0, "ge-annahme": 0, "ju-annahme": 0, "gl-annahme": 1, "ow-annahme": 0, "ai-annahme": 0, "forme": 3.0}