{"ch": {"per": 62.54601064181026}, "zh": {"per": 57.21937592252054}, "be": {"per": 48.75918422003001}, "lu": {"per": 77.35696223693068}, "ur": {"per": 68.93058161302397}, "sz": {"per": 82.44072373099999}, "nw": {"per": 89.63636363619057}, "zg": {"per": 84.44590852231052}, "fr": {"per": 68.83940398134447}, "so": {"per": 67.43749547426974}, "bs": {"per": 44.28566800689127}, "bl": {"per": 56.9775315822609}, "sh": {"per": 60.307840639}, "ar": {"per": 79.96418048425802}, "sg": {"per": 70.80334195504203}, "gr": {"per": 73.2085313409268}, "ag": {"per": 66.47601276570691}, "tg": {"per": 70.0806738317117}, "ti": {"per": 70.8371190052298}, "vd": {"per": 54.624499429994444}, "vs": {"per": 78.32106200231328}, "ne": {"per": 51.73120004951731}, "ge": {"per": 55.149281218198865}, "ju": {"per": 63.999729778656004}, "gl": {"per": 0.0}, "ow": {"per": 100.00000000000001}, "ai": {"per": 100.0}, "annahme": 1, "zh-annahme": 1, "be-annahme": 0, "lu-annahme": 1, "ur-annahme": 1, "sz-annahme": 1, "nw-annahme": 1, "zg-annahme": 1, "fr-annahme": 1, "so-annahme": 1, "bs-annahme": 0, "bl-annahme": 1, "sh-annahme": 1, "ar-annahme": 1, "sg-annahme": 1, "gr-annahme": 1, "ag-annahme": 1, "tg-annahme": 1, "ti-annahme": 1, "vd-annahme": 1, "vs-annahme": 1, "ne-annahme": 1, "ge-annahme": 1, "ju-annahme": 1, "gl-annahme": 0, "ow-annahme": 1, "ai-annahme": 1, "forme": 2.0}