{"ch": 98.38653253549964, "zh": 100.00000000000001, "be": 100.0, "lu": 99.99999999999999, "ur": 100.0, "sz": 100.0, "nw": 100.0, "zg": 100.0, "fr": 100.0, "so": 100.00000000000001, "bs": 100.0, "bl": 100.0, "sh": 100.0, "ar": 100.0, "sg": 100.0, "gr": 100.0, "ag": 100.00000000000001, "tg": 100.0, "ti": 91.9323080491919, "vd": 90.5606797935201, "vs": 100.00000000000001, "ne": 94.79168710094791, "ge": 91.74349328448626, "ju": 100.0, "gl": 100.0, "ow": 99.99999999999999, "ai": 100.0}