{"ch": 64.82907393246792, "zh": 60.265380271662515, "be": 55.815633235101615, "lu": 77.71806444974585, "ur": 68.93058161302397, "sz": 82.44072373099999, "nw": 100.0, "zg": 84.44590852231052, "fr": 69.67013626325526, "so": 67.43749547426975, "bs": 46.160269815901295, "bl": 59.698570931590524, "sh": 60.30784063899999, "ar": 79.96418048425802, "sg": 72.70550463987541, "gr": 75.0834869330249, "ag": 67.93748574876123, "tg": 75.00970820698198, "ti": 70.8371190052298, "vd": 56.749375662220395, "vs": 78.32106200231328, "ne": 51.73120004951732, "ge": 55.14928121819887, "ju": 65.78769591086315, "gl": 0.0, "ow": 100.00000000000001, "ai": 100.0, "annahme": 1, "zh-annahme": 1, "be-annahme": 1, "lu-annahme": 1, "ur-annahme": 1, "sz-annahme": 1, "nw-annahme": 1, "zg-annahme": 1, "fr-annahme": 1, "so-annahme": 1, "bs-annahme": 0, "bl-annahme": 1, "sh-annahme": 1, "ar-annahme": 1, "sg-annahme": 1, "gr-annahme": 1, "ag-annahme": 1, "tg-annahme": 1, "ti-annahme": 1, "vd-annahme": 1, "vs-annahme": 1, "ne-annahme": 1, "ge-annahme": 1, "ju-annahme": 1, "gl-annahme": 0, "ow-annahme": 1, "ai-annahme": 1, "forme": 2.0}