{"ch": 52.563677595405736, "zh": 48.42307105228938, "be": 53.6856035522387, "lu": 52.82575356229763, "ur": 31.06941838697602, "sz": 40.999168264, "nw": 10.363636363809428, "zg": 42.052662140617834, "fr": 60.50687273385193, "so": 53.5770578178143, "bs": 62.41365781318923, "bl": 53.155643376899434, "sh": 42.343583210000006, "ar": 20.035819515741974, "sg": 51.65431200974884, "gr": 50.31827433804968, "ag": 49.360086048415376, "tg": 46.53649465361096, "ti": 62.12901568827419, "vd": 49.84224786151478, "vs": 69.57012196087828, "ne": 48.26879995048269, "ge": 56.876532900068554, "ju": 75.44586560950178, "gl": 100.0, "ow": 66.4107883815651, "ai": 100.0, "annahme": 1, "zh-annahme": 0, "be-annahme": 1, "lu-annahme": 1, "ur-annahme": 0, "sz-annahme": 0, "nw-annahme": 0, "zg-annahme": 0, "fr-annahme": 1, "so-annahme": 1, "bs-annahme": 1, "bl-annahme": 1, "sh-annahme": 0, "ar-annahme": 0, "sg-annahme": 1, "gr-annahme": 1, "ag-annahme": 0, "tg-annahme": 0, "ti-annahme": 1, "vd-annahme": 0, "vs-annahme": 1, "ne-annahme": 0, "ge-annahme": 1, "ju-annahme": 1, "gl-annahme": 1, "ow-annahme": 1, "ai-annahme": 1, "forme": 2.0}