{"ch": 66.17946320713828, "zh": 63.63168107005588, "be": 58.40179240334561, "lu": 78.1866157377093, "ur": 68.93058161302397, "sz": 82.44072373099999, "nw": 89.63636363619057, "zg": 84.44590852231052, "fr": 70.49651436213402, "so": 68.63402525937454, "bs": 47.9448849790102, "bl": 59.67026338958173, "sh": 60.307840639000005, "ar": 79.96418048425802, "sg": 73.45986871245356, "gr": 75.08348693302491, "ag": 71.78428249985691, "tg": 74.77479694822973, "ti": 70.8371190052298, "vd": 57.06271648104144, "vs": 78.32106200231328, "ne": 51.73120004951731, "ge": 55.149281218198865, "ju": 65.78769591086315, "gl": 0.0, "ow": 99.99999999999999, "ai": 100.0}