{"ch": 65.92600831585645, "zh": 64.80603703082504, "be": 58.135778556311216, "lu": 78.0825960334625, "ur": 100.0, "sz": 81.781244835, "zg": 73.91902698492608, "fr": 67.34627136569475, "so": 68.41087427141046, "bs": 47.6165237621639, "bl": 57.44042031137023, "sh": 65.780289998, "ar": 100.0, "sg": 75.91840700173833, "gr": 76.17182018536543, "ag": 67.61138216234455, "tg": 73.05886051502148, "ti": 75.62845567392962, "vd": 53.88774657760681, "vs": 80.82073690723333, "ne": 53.43365915785159, "ge": 55.09104563957188, "ju": 58.48526243889092, "ow": 84.97257423828648, "gl": 38.72073101082889, "ai": 100.0, "annahme": 1, "zh-annahme": 1, "be-annahme": 1, "lu-annahme": 1, "ur-annahme": 1, "sz-annahme": 1, "zg-annahme": 1, "fr-annahme": 1, "so-annahme": 1, "bs-annahme": 0, "bl-annahme": 1, "sh-annahme": 1, "ar-annahme": 1, "sg-annahme": 1, "gr-annahme": 1, "ag-annahme": 1, "tg-annahme": 1, "ti-annahme": 1, "vd-annahme": 1, "vs-annahme": 1, "ne-annahme": 1, "ge-annahme": 1, "ju-annahme": 1, "ow-annahme": 1, "gl-annahme": 0, "ai-annahme": 1, "forme": 2.0}