{"ch": {"per": 47.11892933020606}, "zh": {"per": 50.000498380986194}, "be": {"per": 53.29182710778832}, "lu": {"per": 47.557950851103094}, "ur": {"per": 100.00000000000001}, "sz": {"per": 61.680787873}, "zg": {"per": 50.60348514994939}, "fr": {"per": 40.225167433503216}, "so": {"per": 48.04874083328829}, "bs": {"per": 30.81311217097754}, "bl": {"per": 46.03671305941585}, "sh": {"per": 65.780289998}, "ar": {"per": 100.0}, "sg": {"per": 51.04616892500881}, "gr": {"per": 55.72550640798156}, "ag": {"per": 53.44266281660426}, "tg": {"per": 57.69708841194084}, "ti": {"per": 37.1510371602543}, "vd": {"per": 39.683710644543396}, "vs": {"per": 33.52176266356314}, "ne": {"per": 36.5568083258318}, "ge": {"per": 29.77962978081204}, "ju": {"per": 30.389323806141373}, "ow": {"per": 42.774730470920716}, "gl": {"per": 38.72073101082889}, "ai": {"per": 0.0}, "annahme": 0, "zh-annahme": 1, "be-annahme": 1, "lu-annahme": 0, "ur-annahme": 1, "sz-annahme": 1, "zg-annahme": 1, "fr-annahme": 0, "so-annahme": 0, "bs-annahme": 0, "bl-annahme": 0, "sh-annahme": 1, "ar-annahme": 1, "sg-annahme": 1, "gr-annahme": 1, "ag-annahme": 1, "tg-annahme": 1, "ti-annahme": 0, "vd-annahme": 0, "vs-annahme": 0, "ne-annahme": 0, "ge-annahme": 0, "ju-annahme": 0, "ow-annahme": 0, "gl-annahme": 0, "ai-annahme": 0, "forme": 4.0}