{"ch": 32.09375314948889, "zh": 37.17810863319603, "be": 39.440269330974054, "lu": 25.525590624230055, "ur": 0.0, "sz": 44.95289080399999, "zg": 29.0937494189709, "fr": 25.089256169011403, "so": 27.477131342164856, "bs": 19.97824169200778, "bl": 29.813835036780745, "sh": 39.093962481, "ar": 0.0, "sg": 37.91548374239588, "gr": 36.47462178267175, "ag": 39.87126702957056, "tg": 47.392629135224176, "ti": 22.97413108211797, "vd": 24.822924350775292, "vs": 17.06926824124187, "ne": 23.614855097538985, "ge": 21.770613989788014, "ju": 15.381180055643602, "ow": 42.77473047092073, "gl": 38.72073101082889, "ai": 0.0, "annahme": 0, "zh-annahme": 0, "be-annahme": 0, "lu-annahme": 0, "ur-annahme": 0, "sz-annahme": 0, "zg-annahme": 0, "fr-annahme": 0, "so-annahme": 0, "bs-annahme": 0, "bl-annahme": 0, "sh-annahme": 0, "ar-annahme": 0, "sg-annahme": 0, "gr-annahme": 0, "ag-annahme": 0, "tg-annahme": 0, "ti-annahme": 0, "vd-annahme": 0, "vs-annahme": 0, "ne-annahme": 0, "ge-annahme": 0, "ju-annahme": 0, "ow-annahme": 0, "gl-annahme": 0, "ai-annahme": 0, "forme": 3.0}