{"ch": {"per": 32.09375314948889}, "zh": {"per": 37.17810863319603}, "be": {"per": 39.440269330974054}, "lu": {"per": 25.525590624230055}, "ur": {"per": 0.0}, "sz": {"per": 44.95289080399999}, "zg": {"per": 29.0937494189709}, "fr": {"per": 25.089256169011403}, "so": {"per": 27.477131342164856}, "bs": {"per": 19.97824169200778}, "bl": {"per": 29.813835036780745}, "sh": {"per": 39.093962481}, "ar": {"per": 0.0}, "sg": {"per": 37.91548374239588}, "gr": {"per": 36.47462178267175}, "ag": {"per": 39.87126702957056}, "tg": {"per": 47.392629135224176}, "ti": {"per": 22.97413108211797}, "vd": {"per": 24.822924350775292}, "vs": {"per": 17.06926824124187}, "ne": {"per": 23.614855097538985}, "ge": {"per": 21.770613989788014}, "ju": {"per": 15.381180055643602}, "ow": {"per": 42.77473047092073}, "gl": {"per": 38.72073101082889}, "ai": {"per": 0.0}, "annahme": 0, "zh-annahme": 0, "be-annahme": 0, "lu-annahme": 0, "ur-annahme": 0, "sz-annahme": 0, "zg-annahme": 0, "fr-annahme": 0, "so-annahme": 0, "bs-annahme": 0, "bl-annahme": 0, "sh-annahme": 0, "ar-annahme": 0, "sg-annahme": 0, "gr-annahme": 0, "ag-annahme": 0, "tg-annahme": 0, "ti-annahme": 0, "vd-annahme": 0, "vs-annahme": 0, "ne-annahme": 0, "ge-annahme": 0, "ju-annahme": 0, "ow-annahme": 0, "gl-annahme": 0, "ai-annahme": 0, "forme": 3.0}