{"ch": 34.66662289712621, "zh": 35.19396296917497, "be": 41.864221443688784, "lu": 21.917403966537513, "ur": 0.0, "sz": 18.218755165, "zg": 26.080973015073916, "fr": 32.65372863430526, "so": 31.589125728589533, "bs": 52.3834762378361, "bl": 42.55957968862977, "sh": 34.219710002, "ar": 0.0, "sg": 24.08159299826167, "gr": 23.82817981463457, "ag": 32.38861783765544, "tg": 26.94113948497854, "ti": 38.530251030013034, "vd": 46.11225342239319, "vs": 19.179263092766682, "ne": 46.56634084214841, "ge": 44.90895436042811, "ju": 41.51473756110908, "ow": 15.027425761713507, "gl": 61.279268989171115, "ai": 0.0}