{"ch": 34.66662289712621, "zh": 35.19396296917497, "be": 41.864221443688784, "lu": 21.917403966537513, "ur": 0.0, "sz": 18.218755165, "zg": 26.080973015073916, "fr": 32.65372863430526, "so": 31.589125728589533, "bs": 52.3834762378361, "bl": 42.55957968862977, "sh": 34.219710002, "ar": 0.0, "sg": 24.08159299826167, "gr": 23.82817981463457, "ag": 32.38861783765544, "tg": 26.94113948497854, "ti": 38.530251030013034, "vd": 46.11225342239319, "vs": 19.179263092766682, "ne": 46.56634084214841, "ge": 44.90895436042811, "ju": 41.51473756110908, "ow": 15.027425761713507, "gl": 61.279268989171115, "ai": 0.0, "annahme": 0, "zh-annahme": 0, "be-annahme": 0, "lu-annahme": 0, "ur-annahme": 0, "sz-annahme": 0, "zg-annahme": 0, "fr-annahme": 0, "so-annahme": 0, "bs-annahme": 1, "bl-annahme": 0, "sh-annahme": 0, "ar-annahme": 0, "sg-annahme": 0, "gr-annahme": 0, "ag-annahme": 0, "tg-annahme": 0, "ti-annahme": 0, "vd-annahme": 0, "vs-annahme": 0, "ne-annahme": 0, "ge-annahme": 0, "ju-annahme": 0, "ow-annahme": 0, "gl-annahme": 1, "ai-annahme": 0, "forme": 3.0}