{"ch": {"per": 34.66662289712621}, "zh": {"per": 35.19396296917497}, "be": {"per": 41.864221443688784}, "lu": {"per": 21.917403966537513}, "ur": {"per": 0.0}, "sz": {"per": 18.218755165}, "zg": {"per": 26.080973015073916}, "fr": {"per": 32.65372863430526}, "so": {"per": 31.589125728589533}, "bs": {"per": 52.3834762378361}, "bl": {"per": 42.55957968862977}, "sh": {"per": 34.219710002}, "ar": {"per": 0.0}, "sg": {"per": 24.08159299826167}, "gr": {"per": 23.82817981463457}, "ag": {"per": 32.38861783765544}, "tg": {"per": 26.94113948497854}, "ti": {"per": 38.530251030013034}, "vd": {"per": 46.11225342239319}, "vs": {"per": 19.179263092766682}, "ne": {"per": 46.56634084214841}, "ge": {"per": 44.90895436042811}, "ju": {"per": 41.51473756110908}, "ow": {"per": 15.027425761713507}, "gl": {"per": 61.279268989171115}, "ai": {"per": 0.0}, "annahme": 0, "zh-annahme": 0, "be-annahme": 0, "lu-annahme": 0, "ur-annahme": 0, "sz-annahme": 0, "zg-annahme": 0, "fr-annahme": 0, "so-annahme": 0, "bs-annahme": 1, "bl-annahme": 0, "sh-annahme": 0, "ar-annahme": 0, "sg-annahme": 0, "gr-annahme": 0, "ag-annahme": 0, "tg-annahme": 0, "ti-annahme": 0, "vd-annahme": 0, "vs-annahme": 0, "ne-annahme": 0, "ge-annahme": 0, "ju-annahme": 0, "ow-annahme": 0, "gl-annahme": 1, "ai-annahme": 0, "forme": 3.0}