{"ch": 49.61152294339883, "zh": 50.0004983809862, "be": 53.29182710778832, "lu": 47.557950851103094, "ur": 100.0, "sz": 61.680787873, "zg": 50.603485149949385, "fr": 40.22516743350323, "so": 48.0487408332883, "bs": 40.12176284206749, "bl": 46.03671305941586, "sh": 65.780289998, "ar": 100.0, "sg": 51.04616892500882, "gr": 55.72550640798156, "ag": 53.44266281660426, "tg": 57.69708841194084, "ti": 51.309743864196946, "vd": 48.066983025504, "vs": 34.55847601948642, "ne": 50.022659259472206, "ge": 45.06031240965972, "ju": 30.389323806141373, "ow": 42.77473047092073, "gl": 38.72073101082889, "ai": 0.0}