{"ch": {"per": 49.61152294339883}, "zh": {"per": 50.0004983809862}, "be": {"per": 53.29182710778832}, "lu": {"per": 47.557950851103094}, "ur": {"per": 100.0}, "sz": {"per": 61.680787873}, "zg": {"per": 50.603485149949385}, "fr": {"per": 40.22516743350323}, "so": {"per": 48.0487408332883}, "bs": {"per": 40.12176284206749}, "bl": {"per": 46.03671305941586}, "sh": {"per": 65.780289998}, "ar": {"per": 100.0}, "sg": {"per": 51.04616892500882}, "gr": {"per": 55.72550640798156}, "ag": {"per": 53.44266281660426}, "tg": {"per": 57.69708841194084}, "ti": {"per": 51.309743864196946}, "vd": {"per": 48.066983025504}, "vs": {"per": 34.55847601948642}, "ne": {"per": 50.022659259472206}, "ge": {"per": 45.06031240965972}, "ju": {"per": 30.389323806141373}, "ow": {"per": 42.77473047092073}, "gl": {"per": 38.72073101082889}, "ai": {"per": 0.0}, "annahme": 0, "zh-annahme": 1, "be-annahme": 1, "lu-annahme": 0, "ur-annahme": 1, "sz-annahme": 1, "zg-annahme": 1, "fr-annahme": 0, "so-annahme": 0, "bs-annahme": 0, "bl-annahme": 0, "sh-annahme": 1, "ar-annahme": 1, "sg-annahme": 1, "gr-annahme": 1, "ag-annahme": 1, "tg-annahme": 1, "ti-annahme": 1, "vd-annahme": 0, "vs-annahme": 0, "ne-annahme": 1, "ge-annahme": 0, "ju-annahme": 0, "ow-annahme": 0, "gl-annahme": 0, "ai-annahme": 0, "forme": 3.0}