{"ch": 66.39979033317043, "zh": 62.82189136680396, "be": 60.559730669025946, "lu": 74.47440937576994, "ur": 100.0, "sz": 55.04710919600001, "zg": 70.9062505810291, "fr": 74.91074383098861, "so": 72.52286865783513, "bs": 70.71310763690227, "bl": 70.18616496321926, "sh": 60.90603751900001, "ar": 100.0, "sg": 62.08451625760413, "gr": 63.52537821732826, "ag": 60.12873297042944, "tg": 52.607370864775824, "ti": 89.73055502813563, "vd": 66.79380326826411, "vs": 81.89401840283486, "ne": 62.91929396882061, "ge": 62.9487033813643, "ju": 84.6188199443564, "ow": 57.22526952907928, "gl": 61.279268989171115, "ai": 100.0, "annahme": 1, "zh-annahme": 1, "be-annahme": 1, "lu-annahme": 1, "ur-annahme": 1, "sz-annahme": 1, "zg-annahme": 1, "fr-annahme": 1, "so-annahme": 1, "bs-annahme": 1, "bl-annahme": 1, "sh-annahme": 1, "ar-annahme": 1, "sg-annahme": 1, "gr-annahme": 1, "ag-annahme": 1, "tg-annahme": 1, "ti-annahme": 1, "vd-annahme": 1, "vs-annahme": 1, "ne-annahme": 1, "ge-annahme": 1, "ju-annahme": 1, "ow-annahme": 1, "gl-annahme": 1, "ai-annahme": 1, "forme": 2.0}