{"ch": 34.68840742749102, "zh": 26.6954393250404, "be": 25.808195427593844, "lu": 53.31327994029568, "ur": 99.99999999999999, "sz": 37.7732040121, "zg": 44.82527756595517, "fr": 43.09858718889594, "so": 43.08070133355848, "bs": 24.9808720795905, "bl": 31.213321843375148, "sh": 26.686327517000002, "ar": 100.0, "sg": 38.796517387745375, "gr": 39.69719840269368, "ag": 32.893178288148384, "tg": 30.455117044284883, "ti": 52.65432459181165, "vd": 24.089076301564628, "vs": 63.37173858788962, "ne": 20.346459110415214, "ge": 22.751001743640607, "ju": 43.10408238324732, "ow": 42.19784376736577, "gl": 0.0, "ai": 100.0}