{"ch": 98.23329857081956, "zh": 99.76776901019738, "be": 100.0, "lu": 100.0, "ur": 100.0, "sz": 100.0, "zg": 100.0, "fr": 100.0, "so": 100.00000000000001, "bs": 99.99999999999999, "bl": 100.0, "sh": 100.0, "ar": 100.0, "sg": 100.0, "gr": 100.0, "ag": 100.0, "tg": 100.0, "ti": 84.56312670662096, "vd": 92.28042443469705, "vs": 100.00000000000001, "ne": 89.20035395352605, "ge": 91.75238071287345, "ju": 100.0, "ow": 100.0, "gl": 100.0, "ai": 100.0}