{"ch": {"per": 82.61046742570142}, "zh": {"per": 81.70560598890938}, "be": {"per": 75.66637775046685}, "lu": {"per": 88.33282018617923}, "ur": {"per": 100.0}, "sz": {"per": 95.00904405572014}, "zg": {"per": 81.2996655724778}, "fr": {"per": 89.6512107161963}, "so": {"per": 85.34307173981011}, "bs": {"per": 70.61946788965648}, "bl": {"per": 77.61784362137645}, "sh": {"per": 100.0}, "ar": {"per": 100.00000000000001}, "sg": {"per": 89.93888180654459}, "gr": {"per": 100.0}, "ag": {"per": 83.90853128406003}, "tg": {"per": 84.6895411095943}, "ti": {"per": 92.51268044609607}, "vd": {"per": 66.41059995024597}, "vs": {"per": 95.17027649259886}, "ne": {"per": 66.47131059651949}, "ge": {"per": 61.28012243689848}, "ju": {"per": 100.0}, "ow": {"per": 100.0}, "gl": {"per": 100.0}, "ai": {"per": 100.0}, "annahme": 1, "zh-annahme": 1, "be-annahme": 1, "lu-annahme": 1, "ur-annahme": 1, "sz-annahme": 1, "zg-annahme": 1, "fr-annahme": 1, "so-annahme": 1, "bs-annahme": 1, "bl-annahme": 1, "sh-annahme": 1, "ar-annahme": 1, "sg-annahme": 1, "gr-annahme": 1, "ag-annahme": 1, "tg-annahme": 1, "ti-annahme": 1, "vd-annahme": 1, "vs-annahme": 1, "ne-annahme": 1, "ge-annahme": 1, "ju-annahme": 1, "ow-annahme": 1, "gl-annahme": 1, "ai-annahme": 1, "forme": 1.0}