{"ch": {"per": 32.95485757377104}, "zh": {"per": 34.67087122086107}, "be": {"per": 36.792608537999435}, "lu": {"per": 21.322385204188738}, "ur": {"per": 0.0}, "sz": {"per": 17.438674496585076}, "zg": {"per": 26.080973015073926}, "fr": {"per": 32.08215103974247}, "so": {"per": 29.971149926459354}, "bs": {"per": 55.198750424800615}, "bl": {"per": 40.08993170938436}, "sh": {"per": 34.219710002}, "ar": {"per": 0.0}, "sg": {"per": 22.525692053902056}, "gr": {"per": 23.82817981463457}, "ag": {"per": 28.506087539829327}, "tg": {"per": 22.80516130921499}, "ti": {"per": 24.371544326070374}, "vd": {"per": 49.42590720255733}, "vs": {"per": 19.38018000730437}, "ne": {"per": 53.13368974178115}, "ge": {"per": 52.314108378690214}, "ju": {"per": 41.51473756110908}, "ow": {"per": 15.02742576171351}, "gl": {"per": 61.27926898917111}, "ai": {"per": 0.0}, "annahme": 0, "zh-annahme": 0, "be-annahme": 0, "lu-annahme": 0, "ur-annahme": 0, "sz-annahme": 0, "zg-annahme": 0, "fr-annahme": 0, "so-annahme": 0, "bs-annahme": 1, "bl-annahme": 0, "sh-annahme": 0, "ar-annahme": 0, "sg-annahme": 0, "gr-annahme": 0, "ag-annahme": 0, "tg-annahme": 0, "ti-annahme": 0, "vd-annahme": 0, "vs-annahme": 0, "ne-annahme": 1, "ge-annahme": 1, "ju-annahme": 0, "ow-annahme": 0, "gl-annahme": 1, "ai-annahme": 0, "forme": 3.0}