{"ch": {"per": 32.715332159625625}, "zh": {"per": 37.17810863319603}, "be": {"per": 39.440269330974054}, "lu": {"per": 25.52559062423006}, "ur": {"per": 0.0}, "sz": {"per": 44.952890804000006}, "zg": {"per": 29.09374941897091}, "fr": {"per": 25.0892561690114}, "so": {"per": 27.47713134216486}, "bs": {"per": 22.028828372100573}, "bl": {"per": 29.813835036780738}, "sh": {"per": 39.093962481}, "ar": {"per": 0.0}, "sg": {"per": 37.915483742395885}, "gr": {"per": 36.47462178267174}, "ag": {"per": 39.87126702957056}, "tg": {"per": 47.39262913522417}, "ti": {"per": 22.974131082117975}, "vd": {"per": 27.09431453827291}, "vs": {"per": 17.248081404806012}, "ne": {"per": 27.289636926376538}, "ge": {"per": 25.697343492997852}, "ju": {"per": 15.381180055643602}, "ow": {"per": 42.77473047092072}, "gl": {"per": 38.7207310108289}, "ai": {"per": 0.0}, "annahme": 0, "zh-annahme": 0, "be-annahme": 0, "lu-annahme": 0, "ur-annahme": 0, "sz-annahme": 0, "zg-annahme": 0, "fr-annahme": 0, "so-annahme": 0, "bs-annahme": 0, "bl-annahme": 0, "sh-annahme": 0, "ar-annahme": 0, "sg-annahme": 0, "gr-annahme": 0, "ag-annahme": 0, "tg-annahme": 0, "ti-annahme": 0, "vd-annahme": 0, "vs-annahme": 0, "ne-annahme": 0, "ge-annahme": 0, "ju-annahme": 0, "ow-annahme": 0, "gl-annahme": 0, "ai-annahme": 0, "forme": 3.0}