{"ch": 32.715332159625625, "zh": 37.17810863319603, "be": 39.440269330974054, "lu": 25.52559062423006, "ur": 0.0, "sz": 44.952890804000006, "zg": 29.09374941897091, "fr": 25.0892561690114, "so": 27.47713134216486, "bs": 22.028828372100573, "bl": 29.813835036780738, "sh": 39.093962481, "ar": 0.0, "sg": 37.915483742395885, "gr": 36.47462178267174, "ag": 39.87126702957056, "tg": 47.39262913522417, "ti": 22.974131082117975, "vd": 27.09431453827291, "vs": 17.248081404806012, "ne": 27.289636926376538, "ge": 25.697343492997852, "ju": 15.381180055643602, "ow": 42.77473047092072, "gl": 38.7207310108289, "ai": 0.0, "annahme": 0, "zh-annahme": 0, "be-annahme": 0, "lu-annahme": 0, "ur-annahme": 0, "sz-annahme": 0, "zg-annahme": 0, "fr-annahme": 0, "so-annahme": 0, "bs-annahme": 0, "bl-annahme": 0, "sh-annahme": 0, "ar-annahme": 0, "sg-annahme": 0, "gr-annahme": 0, "ag-annahme": 0, "tg-annahme": 0, "ti-annahme": 0, "vd-annahme": 0, "vs-annahme": 0, "ne-annahme": 0, "ge-annahme": 0, "ju-annahme": 0, "ow-annahme": 0, "gl-annahme": 0, "ai-annahme": 0, "forme": 3.0}