{"ch": 64.23078705989849, "zh": 58.95052973239185, "be": 56.39100974394725, "lu": 71.77714094787312, "ur": 100.0, "sz": 53.48839775318731, "zg": 64.94616668708184, "fr": 73.04187996218116, "so": 69.89963439426135, "bs": 75.40148583081445, "bl": 66.35045774926013, "sh": 60.90603751900001, "ar": 100.0, "sg": 60.197674304404615, "gr": 63.52537821732825, "ag": 57.1812746244156, "tg": 49.287105318486304, "ti": 88.94208081118151, "vd": 64.77268634719539, "vs": 82.01614260452095, "ne": 65.08110731166606, "ge": 64.19298837374573, "ju": 84.61881994435639, "ow": 57.22526952907927, "gl": 61.27926898917111, "ai": 100.0}