{"ch": 35.69409395457334, "zh": 42.18528875587065, "be": 41.864221443688784, "lu": 21.91740396653751, "ur": 0.0, "sz": 18.218755164999997, "zg": 26.08097301507392, "fr": 32.65372863430525, "so": 31.589125728589536, "bs": 57.7601685557209, "bl": 42.55957968862976, "sh": 34.21971000200001, "ar": 0.0, "sg": 27.25370434283333, "gr": 23.82817981463457, "ag": 32.38861783765544, "tg": 26.941139484978535, "ti": 27.309039573185355, "vd": 46.17677187977723, "vs": 19.380180007304375, "ne": 48.220693704447086, "ge": 48.78509774749274, "ju": 41.51473756110908, "ow": 15.027425761713506, "gl": 61.27926898917111, "ai": 0.0}