{"ch": 35.69409395457334, "zh": 42.18528875587065, "be": 41.864221443688784, "lu": 21.91740396653751, "ur": 0.0, "sz": 18.218755164999997, "zg": 26.08097301507392, "fr": 32.65372863430525, "so": 31.589125728589536, "bs": 57.7601685557209, "bl": 42.55957968862976, "sh": 34.21971000200001, "ar": 0.0, "sg": 27.25370434283333, "gr": 23.82817981463457, "ag": 32.38861783765544, "tg": 26.941139484978535, "ti": 27.309039573185355, "vd": 46.17677187977723, "vs": 19.380180007304375, "ne": 48.220693704447086, "ge": 48.78509774749274, "ju": 41.51473756110908, "ow": 15.027425761713506, "gl": 61.27926898917111, "ai": 0.0, "annahme": 0, "zh-annahme": 0, "be-annahme": 0, "lu-annahme": 0, "ur-annahme": 0, "sz-annahme": 0, "zg-annahme": 0, "fr-annahme": 0, "so-annahme": 0, "bs-annahme": 1, "bl-annahme": 0, "sh-annahme": 0, "ar-annahme": 0, "sg-annahme": 0, "gr-annahme": 0, "ag-annahme": 0, "tg-annahme": 0, "ti-annahme": 0, "vd-annahme": 0, "vs-annahme": 0, "ne-annahme": 0, "ge-annahme": 0, "ju-annahme": 0, "ow-annahme": 0, "gl-annahme": 1, "ai-annahme": 0, "forme": 3.0}