{"ch": 67.21518721837865, "zh": 68.54778691559831, "be": 63.68328762857309, "lu": 78.83887056452575, "ur": 100.0, "sz": 82.7260948161, "zg": 73.91902698492608, "fr": 68.18784335790734, "so": 70.17584693172105, "bs": 46.2407388189856, "bl": 60.22687701485909, "sh": 65.780289998, "ar": 100.0, "sg": 77.98092195161304, "gr": 76.17182018536542, "ag": 72.06844017064913, "tg": 75.92184174927495, "ti": 61.46974896998697, "vd": 50.901053700488134, "vs": 80.61981999269562, "ne": 47.63609603679176, "ge": 48.44834523663846, "ju": 58.48526243889093, "ow": 84.97257423828648, "gl": 38.72073101082889, "ai": 100.0, "annahme": 1, "zh-annahme": 1, "be-annahme": 1, "lu-annahme": 1, "ur-annahme": 1, "sz-annahme": 1, "zg-annahme": 1, "fr-annahme": 1, "so-annahme": 1, "bs-annahme": 0, "bl-annahme": 1, "sh-annahme": 1, "ar-annahme": 1, "sg-annahme": 1, "gr-annahme": 1, "ag-annahme": 1, "tg-annahme": 1, "ti-annahme": 1, "vd-annahme": 1, "vs-annahme": 1, "ne-annahme": 0, "ge-annahme": 0, "ju-annahme": 1, "ow-annahme": 1, "gl-annahme": 0, "ai-annahme": 1, "forme": 2.0}