{"ch": 35.662957682642904, "zh": 31.918821376298066, "be": 25.808195427593837, "lu": 53.31327994029568, "ur": 100.0, "sz": 37.7732040121, "zg": 44.825277565955176, "fr": 43.09858718889595, "so": 43.080701333558494, "bs": 24.9808720795905, "bl": 31.213321843375148, "sh": 26.686327517, "ar": 100.0, "sg": 40.73796000296164, "gr": 39.69719840269368, "ag": 32.89317828814838, "tg": 30.455117044284883, "ti": 52.65432459181166, "vd": 24.089076301564624, "vs": 63.37173858788961, "ne": 20.346459110415214, "ge": 22.751001743640607, "ju": 43.10408238324732, "ow": 42.197843767365775, "gl": 0.0, "ai": 100.0}