{"ch": 36.8354978061406, "zh": 41.66488576661676, "be": 45.411119049528665, "lu": 28.222859052126882, "ur": 0.0, "sz": 46.5116022468127, "zg": 35.05383331291815, "fr": 26.958120037818848, "so": 30.52471876187849, "bs": 25.488233462797826, "bl": 34.577696383542886, "sh": 39.093962481, "ar": 0.0, "sg": 40.521063681819726, "gr": 36.47462178267174, "ag": 43.579461917480714, "tg": 52.86101925329319, "ti": 24.47202201364868, "vd": 35.59826648540311, "vs": 17.983857395479053, "ne": 34.918892688333926, "ge": 35.807011626254265, "ju": 15.381180055643602, "ow": 42.77473047092072, "gl": 38.72073101082889, "ai": 0.0, "annahme": 8, "zh-annahme": 8, "be-annahme": 8, "lu-annahme": 8, "ur-annahme": 8, "sz-annahme": 8, "zg-annahme": 8, "fr-annahme": 8, "so-annahme": 8, "bs-annahme": 8, "bl-annahme": 8, "sh-annahme": 8, "ar-annahme": 8, "sg-annahme": 8, "gr-annahme": 8, "ag-annahme": 8, "tg-annahme": 9, "ti-annahme": 8, "vd-annahme": 8, "vs-annahme": 8, "ne-annahme": 8, "ge-annahme": 8, "ju-annahme": 8, "ow-annahme": 8, "gl-annahme": 8, "ai-annahme": 8, "forme": 5.0}