{"ch": {"per": 35.662957682642904}, "zh": {"per": 31.918821376298066}, "be": {"per": 25.808195427593837}, "lu": {"per": 53.31327994029568}, "ur": {"per": 100.0}, "sz": {"per": 37.7732040121}, "zg": {"per": 44.825277565955176}, "fr": {"per": 43.09858718889595}, "so": {"per": 43.080701333558494}, "bs": {"per": 24.9808720795905}, "bl": {"per": 31.213321843375148}, "sh": {"per": 26.686327517}, "ar": {"per": 100.0}, "sg": {"per": 40.73796000296164}, "gr": {"per": 39.69719840269368}, "ag": {"per": 32.89317828814838}, "tg": {"per": 30.455117044284883}, "ti": {"per": 52.65432459181166}, "vd": {"per": 24.089076301564624}, "vs": {"per": 63.37173858788961}, "ne": {"per": 20.346459110415214}, "ge": {"per": 22.751001743640607}, "ju": {"per": 43.10408238324732}, "ow": {"per": 42.197843767365775}, "gl": {"per": 0.0}, "ai": {"per": 100.0}, "annahme": 0, "zh-annahme": 0, "be-annahme": 0, "lu-annahme": 1, "ur-annahme": 1, "sz-annahme": 0, "zg-annahme": 0, "fr-annahme": 0, "so-annahme": 0, "bs-annahme": 0, "bl-annahme": 0, "sh-annahme": 0, "ar-annahme": 1, "sg-annahme": 0, "gr-annahme": 0, "ag-annahme": 0, "tg-annahme": 0, "ti-annahme": 1, "vd-annahme": 0, "vs-annahme": 1, "ne-annahme": 0, "ge-annahme": 0, "ju-annahme": 0, "ow-annahme": 0, "gl-annahme": 0, "ai-annahme": 1, "forme": 4.0}