{"ch": 32.71533215962562, "zh": 37.17810863319604, "be": 39.44026933097405, "lu": 25.525590624230055, "ur": 0.0, "sz": 44.952890804000006, "zg": 29.093749418970905, "fr": 25.089256169011403, "so": 27.47713134216486, "bs": 22.02882837210057, "bl": 29.81383503678074, "sh": 39.093962481, "ar": 0.0, "sg": 37.91548374239588, "gr": 36.47462178267174, "ag": 39.87126702957057, "tg": 47.39262913522418, "ti": 22.97413108211797, "vd": 27.094314538272915, "vs": 17.248081404806012, "ne": 27.289636926376545, "ge": 25.697343492997852, "ju": 15.381180055643602, "ow": 42.77473047092072, "gl": 38.72073101082889, "ai": 0.0}