{"ch": 36.8354978061406, "zh": 41.66488576661676, "be": 45.411119049528665, "lu": 28.222859052126882, "ur": 0.0, "sz": 46.5116022468127, "zg": 35.05383331291815, "fr": 26.958120037818848, "so": 30.52471876187849, "bs": 25.488233462797826, "bl": 34.577696383542886, "sh": 39.093962481, "ar": 0.0, "sg": 40.521063681819726, "gr": 36.47462178267174, "ag": 43.579461917480714, "tg": 52.86101925329319, "ti": 24.47202201364868, "vd": 35.59826648540311, "vs": 17.983857395479053, "ne": 34.918892688333926, "ge": 35.807011626254265, "ju": 15.381180055643602, "ow": 42.77473047092072, "gl": 38.72073101082889, "ai": 0.0}