{"ch": {"per": 34.73392316438472}, "zh": {"per": 35.193962969174954}, "be": {"per": 41.864221443688784}, "lu": {"per": 21.91740396653751}, "ur": {"per": 0.0}, "sz": {"per": 18.218755165}, "zg": {"per": 26.08097301507392}, "fr": {"per": 32.65372863430526}, "so": {"per": 31.589125728589536}, "bs": {"per": 57.76016855572091}, "bl": {"per": 42.55957968862977}, "sh": {"per": 34.219710002}, "ar": {"per": 0.0}, "sg": {"per": 24.081592998261673}, "gr": {"per": 23.82817981463457}, "ag": {"per": 32.38861783765544}, "tg": {"per": 26.94113948497853}, "ti": {"per": 24.371544326070378}, "vd": {"per": 50.33169664620321}, "vs": {"per": 19.380180007304375}, "ne": {"per": 53.8126755096864}, "ge": {"per": 53.009107903553556}, "ju": {"per": 41.51473756110908}, "ow": {"per": 15.02742576171351}, "gl": {"per": 61.279268989171115}, "ai": {"per": 0.0}, "annahme": 0, "zh-annahme": 0, "be-annahme": 0, "lu-annahme": 0, "ur-annahme": 0, "sz-annahme": 0, "zg-annahme": 0, "fr-annahme": 0, "so-annahme": 0, "bs-annahme": 1, "bl-annahme": 0, "sh-annahme": 0, "ar-annahme": 0, "sg-annahme": 0, "gr-annahme": 0, "ag-annahme": 0, "tg-annahme": 0, "ti-annahme": 0, "vd-annahme": 1, "vs-annahme": 0, "ne-annahme": 1, "ge-annahme": 1, "ju-annahme": 0, "ow-annahme": 0, "gl-annahme": 1, "ai-annahme": 0, "forme": 3.0}