{"ch": 35.66708469183545, "zh": 41.770409338148625, "be": 40.29904431369399, "lu": 21.917403966537513, "ur": 0.0, "sz": 18.218755164999997, "zg": 26.08097301507392, "fr": 32.65372863430525, "so": 31.207139984587243, "bs": 56.99120692301542, "bl": 41.759299823332974, "sh": 34.219710002, "ar": 0.0, "sg": 26.58118254908886, "gr": 23.828179814634574, "ag": 31.692612690585616, "tg": 25.015235054744416, "ti": 24.371544326070378, "vd": 50.04935950685379, "vs": 19.380180007304375, "ne": 53.8126755096864, "ge": 53.00910790355354, "ju": 41.51473756110908, "ow": 15.02742576171351, "gl": 61.27926898917111, "ai": 0.0, "annahme": 0, "zh-annahme": 0, "be-annahme": 0, "lu-annahme": 0, "ur-annahme": 0, "sz-annahme": 0, "zg-annahme": 0, "fr-annahme": 0, "so-annahme": 0, "bs-annahme": 1, "bl-annahme": 0, "sh-annahme": 0, "ar-annahme": 0, "sg-annahme": 0, "gr-annahme": 0, "ag-annahme": 0, "tg-annahme": 0, "ti-annahme": 0, "vd-annahme": 1, "vs-annahme": 0, "ne-annahme": 1, "ge-annahme": 1, "ju-annahme": 0, "ow-annahme": 0, "gl-annahme": 1, "ai-annahme": 0, "forme": 3.0}