{"ch": 63.00508465196631, "zh": 55.79954992322413, "be": 59.59855106709153, "lu": 73.05504072800792, "ur": 77.57580978641957, "sz": 78.9972564415611, "nw": 80.43209876499999, "zg": 72.36811506811468, "fr": 61.409625574912404, "so": 66.9943528560901, "bs": 42.81657572842141, "bl": 52.99175684078803, "sh": 63.89690942133634, "ar": 93.53678347647197, "sg": 69.1220498827544, "gr": 73.98536734056015, "ag": 64.94745325428204, "tg": 72.73726193321822, "ti": 68.9385983132597, "vd": 49.37980243266822, "vs": 80.1145726596817, "ne": 53.223239244999995, "ge": 50.349123241418944, "ju": 58.20905717112537, "gl": 71.53346512247086, "ai": 78.9179578361048, "ow": 99.99999999999999, "annahme": 1, "zh-annahme": 1, "be-annahme": 1, "lu-annahme": 1, "ur-annahme": 1, "sz-annahme": 1, "nw-annahme": 1, "zg-annahme": 1, "fr-annahme": 1, "so-annahme": 1, "bs-annahme": 0, "bl-annahme": 1, "sh-annahme": 1, "ar-annahme": 1, "sg-annahme": 1, "gr-annahme": 1, "ag-annahme": 1, "tg-annahme": 1, "ti-annahme": 1, "vd-annahme": 0, "vs-annahme": 1, "ne-annahme": 1, "ge-annahme": 1, "ju-annahme": 1, "gl-annahme": 1, "ai-annahme": 1, "ow-annahme": 1, "forme": 3.0}