{"ch": 97.92509691048328, "zh": 96.82530611230078, "be": 95.68875685348225, "lu": 99.25093837122813, "ur": 99.99999999999999, "sz": 98.8719134972432, "nw": 100.0, "zg": 100.0, "fr": 99.24954871022823, "so": 98.50280347536477, "bs": 97.19275471084528, "bl": 96.71312574471315, "sh": 99.99999999999999, "ar": 100.0, "sg": 98.17395547930913, "gr": 100.0, "ag": 96.73788416487479, "tg": 97.0697562152912, "ti": 100.0, "vd": 98.85145485190137, "vs": 100.0, "ne": 100.0, "ge": 98.84751902083224, "ju": 100.0, "gl": 99.99999999999999, "ai": 100.0, "ow": 99.99999999999999}