{"ch": {"per": 97.92509691048328}, "zh": {"per": 96.82530611230078}, "be": {"per": 95.68875685348225}, "lu": {"per": 99.25093837122813}, "ur": {"per": 99.99999999999999}, "sz": {"per": 98.8719134972432}, "nw": {"per": 100.0}, "zg": {"per": 100.0}, "fr": {"per": 99.24954871022823}, "so": {"per": 98.50280347536477}, "bs": {"per": 97.19275471084528}, "bl": {"per": 96.71312574471315}, "sh": {"per": 99.99999999999999}, "ar": {"per": 100.0}, "sg": {"per": 98.17395547930913}, "gr": {"per": 100.0}, "ag": {"per": 96.73788416487479}, "tg": {"per": 97.0697562152912}, "ti": {"per": 100.0}, "vd": {"per": 98.85145485190137}, "vs": {"per": 100.0}, "ne": {"per": 100.0}, "ge": {"per": 98.84751902083224}, "ju": {"per": 100.0}, "gl": {"per": 99.99999999999999}, "ai": {"per": 100.0}, "ow": {"per": 99.99999999999999}, "annahme": 1, "zh-annahme": 1, "be-annahme": 1, "lu-annahme": 1, "ur-annahme": 1, "sz-annahme": 1, "nw-annahme": 1, "zg-annahme": 1, "fr-annahme": 1, "so-annahme": 1, "bs-annahme": 1, "bl-annahme": 1, "sh-annahme": 1, "ar-annahme": 1, "sg-annahme": 1, "gr-annahme": 1, "ag-annahme": 1, "tg-annahme": 1, "ti-annahme": 1, "vd-annahme": 1, "vs-annahme": 1, "ne-annahme": 1, "ge-annahme": 1, "ju-annahme": 1, "gl-annahme": 1, "ai-annahme": 1, "ow-annahme": 1, "forme": 4.0}