{"ch": {"per": 47.256538627227}, "zh": {"per": 47.74583262156232}, "be": {"per": 49.7377564556594}, "lu": {"per": 44.631110163727556}, "ur": {"per": 77.57580978641957}, "sz": {"per": 56.50797013766979}, "nw": {"per": 80.432098765}, "zg": {"per": 47.89630076210526}, "fr": {"per": 38.37200662730675}, "so": {"per": 46.31627109542731}, "bs": {"per": 33.82211588462511}, "bl": {"per": 41.000733232491505}, "sh": {"per": 58.43581791595528}, "ar": {"per": 82.86145277283887}, "sg": {"per": 46.78438945716008}, "gr": {"per": 46.38119935423772}, "ag": {"per": 51.1837626207891}, "tg": {"per": 56.19199651712867}, "ti": {"per": 43.69600767637763}, "vd": {"per": 43.8830199196764}, "vs": {"per": 39.2676560554674}, "ne": {"per": 48.97312660086317}, "ge": {"per": 39.278028108883355}, "ju": {"per": 24.96300175322511}, "gl": {"per": 0.0}, "ai": {"per": 0.0}, "ow": {"per": 100.0}, "annahme": 0, "zh-annahme": 0, "be-annahme": 0, "lu-annahme": 0, "ur-annahme": 1, "sz-annahme": 1, "nw-annahme": 1, "zg-annahme": 0, "fr-annahme": 0, "so-annahme": 0, "bs-annahme": 0, "bl-annahme": 0, "sh-annahme": 1, "ar-annahme": 1, "sg-annahme": 0, "gr-annahme": 0, "ag-annahme": 1, "tg-annahme": 1, "ti-annahme": 0, "vd-annahme": 0, "vs-annahme": 0, "ne-annahme": 0, "ge-annahme": 0, "ju-annahme": 0, "gl-annahme": 0, "ai-annahme": 0, "ow-annahme": 1, "forme": 3.0}