{"ch": 39.606167652900616, "zh": 35.363920269601564, "be": 23.099824449851877, "lu": 57.359620990141885, "ur": 77.57580978641957, "sz": 39.41397437047653, "nw": 43.76613409635177, "zg": 59.969633049166696, "fr": 42.37366650614188, "so": 47.35063479195559, "bs": 35.94996105673474, "bl": 32.38684295046559, "sh": 18.304637650305043, "ar": 67.05123433870621, "sg": 43.14245838108611, "gr": 37.59896697003439, "ag": 33.86265082872435, "tg": 36.322903221126, "ti": 61.944021593167186, "vd": 33.36809685775028, "vs": 62.69121140771081, "ne": 34.35576010880154, "ge": 43.91462452958939, "ju": 48.006648766119504, "gl": 0.0, "ai": 78.9179578361048, "ow": 0.0, "annahme": 0, "zh-annahme": 0, "be-annahme": 0, "lu-annahme": 1, "ur-annahme": 1, "sz-annahme": 0, "nw-annahme": 0, "zg-annahme": 1, "fr-annahme": 0, "so-annahme": 0, "bs-annahme": 0, "bl-annahme": 0, "sh-annahme": 0, "ar-annahme": 1, "sg-annahme": 0, "gr-annahme": 0, "ag-annahme": 0, "tg-annahme": 0, "ti-annahme": 1, "vd-annahme": 0, "vs-annahme": 1, "ne-annahme": 0, "ge-annahme": 0, "ju-annahme": 0, "gl-annahme": 0, "ai-annahme": 1, "ow-annahme": 0, "forme": 2.0}