{"ch": 39.606167652900616, "zh": 35.363920269601564, "be": 23.099824449851877, "lu": 57.359620990141885, "ur": 77.57580978641957, "sz": 39.41397437047653, "nw": 43.76613409635177, "zg": 59.969633049166696, "fr": 42.37366650614188, "so": 47.35063479195559, "bs": 35.94996105673474, "bl": 32.38684295046559, "sh": 18.304637650305043, "ar": 67.05123433870621, "sg": 43.14245838108611, "gr": 37.59896697003439, "ag": 33.86265082872435, "tg": 36.322903221126, "ti": 61.944021593167186, "vd": 33.36809685775028, "vs": 62.69121140771081, "ne": 34.35576010880154, "ge": 43.91462452958939, "ju": 48.006648766119504, "gl": 0.0, "ai": 78.9179578361048, "ow": 0.0}