{"ch": {"per": 56.72265273557494}, "zh": {"per": 57.1021652038623}, "be": {"per": 61.11398633465795}, "lu": {"per": 56.32765897745416}, "ur": {"per": 22.424190213580435}, "sz": {"per": 45.47797084307649}, "nw": {"per": 19.567901235000004}, "zg": {"per": 52.10369923789474}, "fr": {"per": 63.1698378271263}, "so": {"per": 56.249874396394645}, "bs": {"per": 67.60106285888982}, "bl": {"per": 61.60356868115358}, "sh": {"per": 45.51741346746106}, "ar": {"per": 17.138547227161126}, "sg": {"per": 56.212032126218936}, "gr": {"per": 63.61345391736387}, "ag": {"per": 53.186575049399835}, "tg": {"per": 50.07643414585023}, "ti": {"per": 56.303992323622374}, "vd": {"per": 57.69462017898354}, "vs": {"per": 60.983694968298245}, "ne": {"per": 51.754178686}, "ge": {"per": 60.721971891116645}, "ju": {"per": 75.0369982467749}, "gl": {"per": 100.0}, "ai": {"per": 100.0}, "ow": {"per": 0.0}, "annahme": 1, "zh-annahme": 1, "be-annahme": 1, "lu-annahme": 1, "ur-annahme": 0, "sz-annahme": 0, "nw-annahme": 0, "zg-annahme": 1, "fr-annahme": 1, "so-annahme": 1, "bs-annahme": 1, "bl-annahme": 1, "sh-annahme": 0, "ar-annahme": 0, "sg-annahme": 1, "gr-annahme": 1, "ag-annahme": 1, "tg-annahme": 1, "ti-annahme": 1, "vd-annahme": 1, "vs-annahme": 1, "ne-annahme": 1, "ge-annahme": 1, "ju-annahme": 1, "gl-annahme": 1, "ai-annahme": 1, "ow-annahme": 0, "forme": 4.0}