{"ch": 32.105720943015626, "zh": 34.40378023189207, "be": 37.922106520215586, "lu": 20.795785505916836, "ur": 22.424190213580435, "sz": 21.002743558438898, "nw": 19.567901235000004, "zg": 20.790663623512668, "fr": 35.53397775594202, "so": 28.40905284727675, "bs": 51.211537291684884, "bl": 42.00666855033197, "sh": 40.056321962080006, "ar": 6.463216523528033, "sg": 26.12789426056936, "gr": 18.27219456031728, "ag": 30.49930652894621, "tg": 25.53038400997659, "ti": 29.979854464782534, "vd": 43.924508829791925, "vs": 19.88542734031831, "ne": 40.598316116521204, "ge": 41.78546782653888, "ju": 41.79094282887463, "gl": 28.466534877529135, "ai": 21.082042163895192, "ow": 0.0}