{"ch": {"per": 32.72599702003832}, "zh": {"per": 34.56577041058317}, "be": {"per": 38.14183031644582}, "lu": {"per": 20.795785505916843}, "ur": {"per": 22.424190213580435}, "sz": {"per": 21.002743558438898}, "nw": {"per": 19.567901235000004}, "zg": {"per": 20.79066362351267}, "fr": {"per": 35.53397775594202}, "so": {"per": 28.40905284727675}, "bs": {"per": 51.21153729168488}, "bl": {"per": 42.00666855033197}, "sh": {"per": 40.056321962080006}, "ar": {"per": 6.463216523528034}, "sg": {"per": 26.127894260569363}, "gr": {"per": 18.272194560317278}, "ag": {"per": 30.499306528946207}, "tg": {"per": 25.53038400997659}, "ti": {"per": 31.061401686740293}, "vd": {"per": 46.30025113485301}, "vs": {"per": 19.885427340318312}, "ne": {"per": 46.776760755000005}, "ge": {"per": 46.0610830510983}, "ju": {"per": 41.79094282887463}, "gl": {"per": 28.46653487752914}, "ai": {"per": 21.082042163895192}, "ow": {"per": 0.0}, "annahme": 0, "zh-annahme": 0, "be-annahme": 0, "lu-annahme": 0, "ur-annahme": 0, "sz-annahme": 0, "nw-annahme": 0, "zg-annahme": 0, "fr-annahme": 0, "so-annahme": 0, "bs-annahme": 1, "bl-annahme": 0, "sh-annahme": 0, "ar-annahme": 0, "sg-annahme": 0, "gr-annahme": 0, "ag-annahme": 0, "tg-annahme": 0, "ti-annahme": 0, "vd-annahme": 0, "vs-annahme": 0, "ne-annahme": 0, "ge-annahme": 0, "ju-annahme": 0, "gl-annahme": 0, "ai-annahme": 0, "ow-annahme": 0, "forme": 3.0}