{"ch": 54.990693320621816, "zh": 54.74816492009704, "be": 57.75811644689841, "lu": 56.32765897745416, "ur": 22.424190213580435, "sz": 45.4779708430765, "nw": 19.567901235000004, "zg": 52.10369923789474, "fr": 62.408650207004314, "so": 55.75281854791618, "bs": 67.02582097735042, "bl": 61.60356868115359, "sh": 41.56418208404472, "ar": 17.138547227161123, "sg": 54.98847587552505, "gr": 63.10571418906895, "ag": 52.00019023452564, "tg": 46.594255370439775, "ti": 55.618464957686044, "vd": 54.58667485006936, "vs": 60.98369496829825, "ne": 46.153539937683064, "ge": 57.60849196840874, "ju": 75.0369982467749, "gl": 100.0, "ai": 100.0, "ow": 0.0}