{"ch": 28.907472628962, "zh": 33.09956349429987, "be": 33.15110759711957, "lu": 25.213995359240727, "ur": 0.0, "sz": 38.73688740675365, "nw": 45.230078563, "zg": 28.522458119643346, "fr": 23.827738310227925, "so": 25.401764481410034, "bs": 19.14322224660981, "bl": 26.94610292389222, "sh": 45.59227177103129, "ar": 30.819215594774516, "sg": 32.74732769653626, "gr": 24.99373369905006, "ag": 36.37091594965845, "tg": 42.156477362526466, "ti": 12.274925328627676, "vd": 25.934444767865372, "vs": 19.955297487357313, "ne": 21.385865809, "ge": 18.153160927450646, "ju": 15.466405591953603, "gl": 0.0, "ai": 0.0, "ow": 100.0, "annahme": 0, "zh-annahme": 0, "be-annahme": 0, "lu-annahme": 0, "ur-annahme": 0, "sz-annahme": 0, "nw-annahme": 0, "zg-annahme": 0, "fr-annahme": 0, "so-annahme": 0, "bs-annahme": 0, "bl-annahme": 0, "sh-annahme": 0, "ar-annahme": 0, "sg-annahme": 0, "gr-annahme": 0, "ag-annahme": 0, "tg-annahme": 0, "ti-annahme": 0, "vd-annahme": 0, "vs-annahme": 0, "ne-annahme": 0, "ge-annahme": 0, "ju-annahme": 0, "gl-annahme": 0, "ai-annahme": 0, "ow-annahme": 1, "forme": 3.0}