{"ch": {"per": 70.87774731203646}, "zh": {"per": 71.14223250832684}, "be": {"per": 69.95523568876185}, "lu": {"per": 80.16703786220724}, "ur": {"per": 77.57580978641957}, "sz": {"per": 80.12534294431791}, "nw": {"per": 80.432098765}, "zg": {"per": 79.20933637648733}, "fr": {"per": 65.97766115395174}, "so": {"per": 73.58519952583693}, "bs": {"per": 52.17094987900923}, "bl": {"per": 61.95582653915217}, "sh": {"per": 63.896909421336346}, "ar": {"per": 93.53678347647197}, "sg": {"per": 76.9217065108154}, "gr": {"per": 82.23554516797763}, "ag": {"per": 74.33331293356136}, "tg": {"per": 80.88203855014264}, "ti": {"per": 68.93859831325972}, "vd": {"per": 56.12713967862266}, "vs": {"per": 80.11457265968168}, "ne": {"per": 53.223239244999995}, "ge": {"per": 55.09139792806947}, "ju": {"per": 58.20905717112537}, "gl": {"per": 71.53346512247086}, "ai": {"per": 78.9179578361048}, "ow": {"per": 100.0}, "annahme": 1, "zh-annahme": 1, "be-annahme": 1, "lu-annahme": 1, "ur-annahme": 1, "sz-annahme": 1, "nw-annahme": 1, "zg-annahme": 1, "fr-annahme": 1, "so-annahme": 1, "bs-annahme": 1, "bl-annahme": 1, "sh-annahme": 1, "ar-annahme": 1, "sg-annahme": 1, "gr-annahme": 1, "ag-annahme": 1, "tg-annahme": 1, "ti-annahme": 1, "vd-annahme": 1, "vs-annahme": 1, "ne-annahme": 1, "ge-annahme": 1, "ju-annahme": 1, "gl-annahme": 1, "ai-annahme": 1, "ow-annahme": 1, "forme": 2.0}