{"ch": 70.87774731203646, "zh": 71.14223250832684, "be": 69.95523568876185, "lu": 80.16703786220724, "ur": 77.57580978641957, "sz": 80.12534294431791, "nw": 80.432098765, "zg": 79.20933637648733, "fr": 65.97766115395174, "so": 73.58519952583693, "bs": 52.17094987900923, "bl": 61.95582653915217, "sh": 63.896909421336346, "ar": 93.53678347647197, "sg": 76.9217065108154, "gr": 82.23554516797763, "ag": 74.33331293356136, "tg": 80.88203855014264, "ti": 68.93859831325972, "vd": 56.12713967862266, "vs": 80.11457265968168, "ne": 53.223239244999995, "ge": 55.09139792806947, "ju": 58.20905717112537, "gl": 71.53346512247086, "ai": 78.9179578361048, "ow": 100.0}