{"ch": {"per": 27.974795788561316}, "zh": {"per": 28.610817013027056}, "be": {"per": 29.69081577350017}, "lu": {"per": 19.832962137792766}, "ur": {"per": 22.424190213580438}, "sz": {"per": 19.874657055682096}, "nw": {"per": 19.567901235}, "zg": {"per": 20.790663623512668}, "fr": {"per": 34.02233884604826}, "so": {"per": 26.414800474163073}, "bs": {"per": 47.82905012099078}, "bl": {"per": 38.04417346084782}, "sh": {"per": 36.10309057866366}, "ar": {"per": 6.463216523528033}, "sg": {"per": 23.078293489184606}, "gr": {"per": 17.764454832022356}, "ag": {"per": 25.666687066438637}, "tg": {"per": 19.117961449857354}, "ti": {"per": 24.158125915082497}, "vd": {"per": 39.63617464019464}, "vs": {"per": 19.885427340318312}, "ne": {"per": 36.375633658}, "ge": {"per": 37.564018056689434}, "ju": {"per": 41.79094282887463}, "gl": {"per": 28.46653487752914}, "ai": {"per": 21.082042163895192}, "ow": {"per": 0.0}, "annahme": 0, "zh-annahme": 0, "be-annahme": 0, "lu-annahme": 0, "ur-annahme": 0, "sz-annahme": 0, "nw-annahme": 0, "zg-annahme": 0, "fr-annahme": 0, "so-annahme": 0, "bs-annahme": 0, "bl-annahme": 0, "sh-annahme": 0, "ar-annahme": 0, "sg-annahme": 0, "gr-annahme": 0, "ag-annahme": 0, "tg-annahme": 0, "ti-annahme": 0, "vd-annahme": 0, "vs-annahme": 0, "ne-annahme": 0, "ge-annahme": 0, "ju-annahme": 0, "gl-annahme": 0, "ai-annahme": 0, "ow-annahme": 0, "forme": 3.0}