{"ch": 27.974795788561316, "zh": 28.610817013027056, "be": 29.69081577350017, "lu": 19.832962137792766, "ur": 22.424190213580438, "sz": 19.874657055682096, "nw": 19.567901235, "zg": 20.790663623512668, "fr": 34.02233884604826, "so": 26.414800474163073, "bs": 47.82905012099078, "bl": 38.04417346084782, "sh": 36.10309057866366, "ar": 6.463216523528033, "sg": 23.078293489184606, "gr": 17.764454832022356, "ag": 25.666687066438637, "tg": 19.117961449857354, "ti": 24.158125915082497, "vd": 39.63617464019464, "vs": 19.885427340318312, "ne": 36.375633658, "ge": 37.564018056689434, "ju": 41.79094282887463, "gl": 28.46653487752914, "ai": 21.082042163895192, "ow": 0.0}