{"ch": 70.82599627544862, "zh": 66.8184946193406, "be": 66.73113775142954, "lu": 74.78600464075927, "ur": 100.0, "sz": 61.26311259324635, "nw": 54.769921436999994, "zg": 71.47754188035665, "fr": 76.17226168977209, "so": 74.59823551858997, "bs": 80.8567777533902, "bl": 73.05389707610779, "sh": 54.40772822896871, "ar": 69.18078440522548, "sg": 67.25267230346374, "gr": 75.00626630094993, "ag": 63.62908405034155, "tg": 57.843522637473534, "ti": 87.53249878915625, "vd": 72.91818380311707, "vs": 80.04470251264269, "ne": 76.13154594907417, "ge": 80.40787930795466, "ju": 84.5335944080464, "gl": 100.0, "ai": 100.0, "ow": 0.0}