{"ch": 31.76092872110595, "zh": 36.56531575277059, "be": 38.04181824371688, "lu": 26.176818727364804, "ur": 0.0, "sz": 39.86497390951045, "nw": 45.230078563, "zg": 28.522458119643343, "fr": 24.57818959999969, "so": 26.89896100604525, "bs": 21.950467535764513, "bl": 30.908598013376366, "sh": 45.5922717710313, "ar": 30.819215594774512, "sg": 34.57337221722714, "gr": 24.993733699050065, "ag": 40.01715059729184, "tg": 45.08672114723526, "ti": 28.201060924605066, "vd": 27.1779100964029, "vs": 19.95529748735731, "ne": 21.385865808999995, "ge": 19.30564190661841, "ju": 15.466405591953599, "gl": 0.0, "ai": 0.0, "ow": 100.0}