{"ch": {"per": 31.76092872110595}, "zh": {"per": 36.56531575277059}, "be": {"per": 38.04181824371688}, "lu": {"per": 26.176818727364804}, "ur": {"per": 0.0}, "sz": {"per": 39.86497390951045}, "nw": {"per": 45.230078563}, "zg": {"per": 28.522458119643343}, "fr": {"per": 24.57818959999969}, "so": {"per": 26.89896100604525}, "bs": {"per": 21.950467535764513}, "bl": {"per": 30.908598013376366}, "sh": {"per": 45.5922717710313}, "ar": {"per": 30.819215594774512}, "sg": {"per": 34.57337221722714}, "gr": {"per": 24.993733699050065}, "ag": {"per": 40.01715059729184}, "tg": {"per": 45.08672114723526}, "ti": {"per": 28.201060924605066}, "vd": {"per": 27.1779100964029}, "vs": {"per": 19.95529748735731}, "ne": {"per": 21.385865808999995}, "ge": {"per": 19.30564190661841}, "ju": {"per": 15.466405591953599}, "gl": {"per": 0.0}, "ai": {"per": 0.0}, "ow": {"per": 100.0}, "annahme": 0, "zh-annahme": 0, "be-annahme": 0, "lu-annahme": 0, "ur-annahme": 0, "sz-annahme": 0, "nw-annahme": 0, "zg-annahme": 0, "fr-annahme": 0, "so-annahme": 0, "bs-annahme": 0, "bl-annahme": 0, "sh-annahme": 0, "ar-annahme": 0, "sg-annahme": 0, "gr-annahme": 0, "ag-annahme": 0, "tg-annahme": 0, "ti-annahme": 0, "vd-annahme": 0, "vs-annahme": 0, "ne-annahme": 0, "ge-annahme": 0, "ju-annahme": 0, "gl-annahme": 0, "ai-annahme": 0, "ow-annahme": 1, "forme": 3.0}