{"ch": 45.421304166550215, "zh": 32.41508209734081, "be": 38.60244170178572, "lu": 54.916199691069544, "ur": 100.0, "sz": 49.25291918414928, "nw": 35.20202020200001, "zg": 46.305190198144594, "fr": 53.75685517913497, "so": 53.026449748494116, "bs": 39.36272854476205, "bl": 38.822369226494025, "sh": 28.64714086498961, "ar": 62.717567881697455, "sg": 45.851908676047366, "gr": 58.05141377866544, "ag": 38.95548833444647, "tg": 38.1160807201345, "ti": 73.14935279509115, "vd": 35.84246859925146, "vs": 70.63074522412163, "ne": 49.07396590021978, "ge": 46.98442924322578, "ju": 61.78987558466386, "gl": 100.0, "ai": 100.0, "ow": 0.0}