{"ch": {"per": 45.421304166550215}, "zh": {"per": 32.41508209734081}, "be": {"per": 38.60244170178572}, "lu": {"per": 54.916199691069544}, "ur": {"per": 100.0}, "sz": {"per": 49.25291918414928}, "nw": {"per": 35.20202020200001}, "zg": {"per": 46.305190198144594}, "fr": {"per": 53.75685517913497}, "so": {"per": 53.026449748494116}, "bs": {"per": 39.36272854476205}, "bl": {"per": 38.822369226494025}, "sh": {"per": 28.64714086498961}, "ar": {"per": 62.717567881697455}, "sg": {"per": 45.851908676047366}, "gr": {"per": 58.05141377866544}, "ag": {"per": 38.95548833444647}, "tg": {"per": 38.1160807201345}, "ti": {"per": 73.14935279509115}, "vd": {"per": 35.84246859925146}, "vs": {"per": 70.63074522412163}, "ne": {"per": 49.07396590021978}, "ge": {"per": 46.98442924322578}, "ju": {"per": 61.78987558466386}, "gl": {"per": 100.0}, "ai": {"per": 100.0}, "ow": {"per": 0.0}, "annahme": 0, "zh-annahme": 0, "be-annahme": 0, "lu-annahme": 1, "ur-annahme": 1, "sz-annahme": 0, "nw-annahme": 0, "zg-annahme": 0, "fr-annahme": 1, "so-annahme": 1, "bs-annahme": 0, "bl-annahme": 0, "sh-annahme": 0, "ar-annahme": 1, "sg-annahme": 0, "gr-annahme": 1, "ag-annahme": 0, "tg-annahme": 0, "ti-annahme": 1, "vd-annahme": 0, "vs-annahme": 1, "ne-annahme": 0, "ge-annahme": 0, "ju-annahme": 1, "gl-annahme": 1, "ai-annahme": 1, "ow-annahme": 0, "forme": 2.0}