{"ch": {"per": 71.09252737103802}, "zh": {"per": 66.90043650570011}, "be": {"per": 66.84889240288044}, "lu": {"per": 74.78600464075926}, "ur": {"per": 100.0}, "sz": {"per": 61.26311259324636}, "nw": {"per": 54.769921437}, "zg": {"per": 71.47754188035665}, "fr": {"per": 76.17226168977209}, "so": {"per": 74.59823551858996}, "bs": {"per": 80.85677775339019}, "bl": {"per": 73.05389707610777}, "sh": {"per": 54.4077282289687}, "ar": {"per": 69.18078440522548}, "sg": {"per": 67.25267230346373}, "gr": {"per": 75.00626630094993}, "ag": {"per": 63.62908405034154}, "tg": {"per": 57.84352263747353}, "ti": {"per": 87.72507467137233}, "vd": {"per": 74.06555523213461}, "vs": {"per": 80.04470251264269}, "ne": {"per": 78.614134191}, "ge": {"per": 81.84683907254934}, "ju": {"per": 84.53359440804641}, "gl": {"per": 100.0}, "ai": {"per": 100.0}, "ow": {"per": 0.0}, "annahme": 1, "zh-annahme": 1, "be-annahme": 1, "lu-annahme": 1, "ur-annahme": 1, "sz-annahme": 1, "nw-annahme": 1, "zg-annahme": 1, "fr-annahme": 1, "so-annahme": 1, "bs-annahme": 1, "bl-annahme": 1, "sh-annahme": 1, "ar-annahme": 1, "sg-annahme": 1, "gr-annahme": 1, "ag-annahme": 1, "tg-annahme": 1, "ti-annahme": 1, "vd-annahme": 1, "vs-annahme": 1, "ne-annahme": 1, "ge-annahme": 1, "ju-annahme": 1, "gl-annahme": 1, "ai-annahme": 1, "ow-annahme": 0, "forme": 4.0}