{"ch": 71.09252737103802, "zh": 66.90043650570011, "be": 66.84889240288044, "lu": 74.78600464075926, "ur": 100.0, "sz": 61.26311259324636, "nw": 54.769921437, "zg": 71.47754188035665, "fr": 76.17226168977209, "so": 74.59823551858996, "bs": 80.85677775339019, "bl": 73.05389707610777, "sh": 54.4077282289687, "ar": 69.18078440522548, "sg": 67.25267230346373, "gr": 75.00626630094993, "ag": 63.62908405034154, "tg": 57.84352263747353, "ti": 87.72507467137233, "vd": 74.06555523213461, "vs": 80.04470251264269, "ne": 78.614134191, "ge": 81.84683907254934, "ju": 84.53359440804641, "gl": 100.0, "ai": 100.0, "ow": 0.0, "annahme": 1, "zh-annahme": 1, "be-annahme": 1, "lu-annahme": 1, "ur-annahme": 1, "sz-annahme": 1, "nw-annahme": 1, "zg-annahme": 1, "fr-annahme": 1, "so-annahme": 1, "bs-annahme": 1, "bl-annahme": 1, "sh-annahme": 1, "ar-annahme": 1, "sg-annahme": 1, "gr-annahme": 1, "ag-annahme": 1, "tg-annahme": 1, "ti-annahme": 1, "vd-annahme": 1, "vs-annahme": 1, "ne-annahme": 1, "ge-annahme": 1, "ju-annahme": 1, "gl-annahme": 1, "ai-annahme": 1, "ow-annahme": 0, "forme": 4.0}