{"ch": 31.046979153945028, "zh": 36.38014483885136, "be": 37.680698143180145, "lu": 26.018674960163835, "ur": 0.0, "sz": 39.864973909510454, "nw": 45.230078563000006, "zg": 28.522458119643336, "fr": 24.57818959999969, "so": 26.898961006045255, "bs": 21.950467535764513, "bl": 30.438626884051295, "sh": 45.5922717710313, "ar": 30.81921559477451, "sg": 34.57337221722713, "gr": 24.993733699050065, "ag": 39.785856745259764, "tg": 45.08672114723526, "ti": 12.274925328627676, "vd": 27.10872156338664, "vs": 19.95529748735731, "ne": 21.385865809, "ge": 19.30564190661841, "ju": 15.4664055919536, "gl": 0.0, "ai": 0.0, "ow": 100.0}