{"ch": 72.64199529807068, "zh": 69.14268716613941, "be": 70.05524776149079, "lu": 74.78600464075927, "ur": 100.0, "sz": 61.263112593246355, "nw": 54.769921437, "zg": 71.47754188035667, "fr": 76.93344930989407, "so": 75.09529136706843, "bs": 81.43201963492959, "bl": 73.05389707610779, "sh": 58.360959612385045, "ar": 69.1807844052255, "sg": 68.47622855415761, "gr": 75.51400602924485, "ag": 64.81546886521575, "tg": 61.32570141288398, "ti": 89.95353815170057, "vd": 75.24948071707276, "vs": 80.0447025126427, "ne": 78.614134191, "ge": 81.84683907254936, "ju": 84.5335944080464, "gl": 100.0, "ai": 99.99999999999999, "ow": 0.0}