{"ch": {"per": 72.64199529807068}, "zh": {"per": 69.14268716613941}, "be": {"per": 70.05524776149079}, "lu": {"per": 74.78600464075927}, "ur": {"per": 100.0}, "sz": {"per": 61.263112593246355}, "nw": {"per": 54.769921437}, "zg": {"per": 71.47754188035667}, "fr": {"per": 76.93344930989407}, "so": {"per": 75.09529136706843}, "bs": {"per": 81.43201963492959}, "bl": {"per": 73.05389707610779}, "sh": {"per": 58.360959612385045}, "ar": {"per": 69.1807844052255}, "sg": {"per": 68.47622855415761}, "gr": {"per": 75.51400602924485}, "ag": {"per": 64.81546886521575}, "tg": {"per": 61.32570141288398}, "ti": {"per": 89.95353815170057}, "vd": {"per": 75.24948071707276}, "vs": {"per": 80.0447025126427}, "ne": {"per": 78.614134191}, "ge": {"per": 81.84683907254936}, "ju": {"per": 84.5335944080464}, "gl": {"per": 100.0}, "ai": {"per": 99.99999999999999}, "ow": {"per": 0.0}, "annahme": 1, "zh-annahme": 1, "be-annahme": 1, "lu-annahme": 1, "ur-annahme": 1, "sz-annahme": 1, "nw-annahme": 1, "zg-annahme": 1, "fr-annahme": 1, "so-annahme": 1, "bs-annahme": 1, "bl-annahme": 1, "sh-annahme": 1, "ar-annahme": 1, "sg-annahme": 1, "gr-annahme": 1, "ag-annahme": 1, "tg-annahme": 1, "ti-annahme": 1, "vd-annahme": 1, "vs-annahme": 1, "ne-annahme": 1, "ge-annahme": 1, "ju-annahme": 1, "gl-annahme": 1, "ai-annahme": 1, "ow-annahme": 0, "forme": 4.0}