{"ch": 35.282123538097345, "zh": 38.84816029704032, "be": 49.10197094719646, "lu": 27.575965237858384, "ur": 0.0, "sz": 42.25133143280512, "nw": 45.230078563000006, "zg": 28.522458119643343, "fr": 25.862181913590423, "so": 29.869070666487982, "bs": 21.650270785110596, "bl": 33.97356605046411, "sh": 45.5922717710313, "ar": 30.819215594774512, "sg": 36.536765483917314, "gr": 45.44795583084552, "ag": 42.97566547058887, "tg": 47.11492707114135, "ti": 28.201060924605066, "vd": 26.926556195493905, "vs": 20.595394322805305, "ne": 22.8709768022, "ge": 18.153160927450646, "ju": 15.466405591953597, "gl": 71.53346512247086, "ai": 0.0, "ow": 100.0}