{"ch": {"per": 64.85262429293724}, "zh": {"per": 57.929698904272115}, "be": {"per": 62.88933051906519}, "lu": {"per": 73.82177304290356}, "ur": {"per": 77.57580978641957}, "sz": {"per": 79.89858155598834}, "nw": {"per": 80.432098765}, "zg": {"per": 72.36811506811468}, "fr": {"per": 61.87395950202824}, "so": {"per": 68.0126356737097}, "bs": {"per": 44.05325875967143}, "bl": {"per": 55.49130716408376}, "sh": {"per": 63.89690942133634}, "ar": {"per": 93.53678347647198}, "sg": {"per": 70.40772631120313}, "gr": {"per": 73.98536734056016}, "ag": {"per": 67.53462992372528}, "tg": {"per": 74.93298095020873}, "ti": {"per": 74.57767125696824}, "vd": {"per": 50.04956445732624}, "vs": {"per": 80.11457265968168}, "ne": {"per": 53.223239244999995}, "ge": {"per": 50.9361527129556}, "ju": {"per": 58.209057171125366}, "gl": {"per": 71.53346512247086}, "ai": {"per": 78.9179578361048}, "ow": {"per": 100.0}, "annahme": 1, "zh-annahme": 1, "be-annahme": 1, "lu-annahme": 1, "ur-annahme": 1, "sz-annahme": 1, "nw-annahme": 1, "zg-annahme": 1, "fr-annahme": 1, "so-annahme": 1, "bs-annahme": 0, "bl-annahme": 1, "sh-annahme": 1, "ar-annahme": 1, "sg-annahme": 1, "gr-annahme": 1, "ag-annahme": 1, "tg-annahme": 1, "ti-annahme": 1, "vd-annahme": 1, "vs-annahme": 1, "ne-annahme": 1, "ge-annahme": 1, "ju-annahme": 1, "gl-annahme": 1, "ai-annahme": 1, "ow-annahme": 1, "forme": 2.0}