{"ch": 31.14487135789026, "zh": 32.32351975014388, "be": 34.93547495783547, "lu": 20.79578550591684, "ur": 22.42419021358043, "sz": 21.002743558438898, "nw": 19.567901235, "zg": 20.790663623512668, "fr": 34.77279013582003, "so": 27.91199699879829, "bs": 50.63629541014548, "bl": 42.00666855033198, "sh": 36.10309057866366, "ar": 6.463216523528033, "sg": 24.904338009875477, "gr": 17.764454832022356, "ag": 29.31292171407203, "tg": 22.048205234566144, "ti": 25.42232874303176, "vd": 45.11632564991488, "vs": 19.885427340318312, "ne": 46.776760755000005, "ge": 46.0610830510983, "ju": 41.79094282887462, "gl": 28.466534877529142, "ai": 21.082042163895196, "ow": 0.0}