{"ch": 0.20808283841710906, "zh": 0.2910583707715085, "be": 0.5794675000795535, "lu": 0.2137617393522076, "ur": 0.0, "sz": 0.0, "nw": 0.0, "zg": 0.0, "fr": 0.0, "so": 0.0, "bs": 0.0, "bl": 0.6756208341972975, "sh": 0.0, "ar": 0.0, "sg": 0.0, "gr": 0.0, "ag": 0.3841188125081881, "tg": 0.0, "ti": 0.0, "vd": 0.09492018043891426, "vs": 0.0, "ne": 0.0, "ge": 0.0, "ju": 0.0, "gl": 0.0, "ai": 0.0, "ow": 0.0}