{"ch": 2.345223054268959, "zh": 2.533309031210802, "be": 3.7858228586899103, "lu": 0.2137617393522076, "ur": 0.0, "sz": 0.0, "nw": 0.0, "zg": 0.0, "fr": 0.7611876201219889, "so": 0.49705584847846, "bs": 0.5752418815393996, "bl": 0.6756208341972975, "sh": 3.9532313834163464, "ar": 0.0, "sg": 1.2235562506938817, "gr": 0.5077397282949226, "ag": 1.570503627382374, "tg": 3.4821787754104463, "ti": 18.154599076305633, "vd": 1.2788456653770477, "vs": 0.0, "ne": 0.0, "ge": 0.0, "ju": 0.0, "gl": 0.0, "ai": 0.0, "ow": 0.0, "annahme": 0, "zh-annahme": 0, "be-annahme": 0, "lu-annahme": 0, "ur-annahme": 0, "sz-annahme": 0, "nw-annahme": 0, "zg-annahme": 0, "fr-annahme": 0, "so-annahme": 0, "bs-annahme": 0, "bl-annahme": 0, "sh-annahme": 0, "ar-annahme": 0, "sg-annahme": 0, "gr-annahme": 0, "ag-annahme": 0, "tg-annahme": 0, "ti-annahme": 0, "vd-annahme": 0, "vs-annahme": 0, "ne-annahme": 0, "ge-annahme": 0, "ju-annahme": 0, "gl-annahme": 0, "ai-annahme": 0, "ow-annahme": 0, "forme": 3.0}