{"ch": 43.40099312939177, "zh": 41.476183416677266, "be": 39.59713693677913, "lu": 53.19754855420923, "ur": 0.0, "sz": 60.82575716809659, "nw": 45.230078563, "zg": 52.99427242565275, "fr": 46.36202177855392, "so": 45.17882622497359, "bs": 29.285815703035574, "bl": 38.47646040874609, "sh": 51.05336327641235, "ar": 41.49454629840759, "sg": 54.89446018812552, "gr": 41.6305930968837, "ag": 50.36004456516912, "tg": 59.459788742278384, "ti": 30.7063613585825, "vd": 32.076295795487994, "vs": 60.41346827988926, "ne": 24.878172746799997, "ge": 30.376737039154, "ju": 48.71246100985386, "gl": 0.0, "ai": 78.91795783610482, "ow": 100.00000000000001, "annahme": 0, "zh-annahme": 0, "be-annahme": 0, "lu-annahme": 1, "ur-annahme": 0, "sz-annahme": 1, "nw-annahme": 0, "zg-annahme": 1, "fr-annahme": 0, "so-annahme": 0, "bs-annahme": 0, "bl-annahme": 0, "sh-annahme": 1, "ar-annahme": 0, "sg-annahme": 1, "gr-annahme": 0, "ag-annahme": 1, "tg-annahme": 1, "ti-annahme": 0, "vd-annahme": 0, "vs-annahme": 1, "ne-annahme": 0, "ge-annahme": 0, "ju-annahme": 0, "gl-annahme": 0, "ai-annahme": 1, "ow-annahme": 1, "forme": 3.0}