{"ch": {"per": 31.002489673173027}, "zh": {"per": 32.12596669462836}, "be": {"per": 34.556249693978856}, "lu": {"per": 20.626114507697064}, "ur": {"per": 22.42419021358043}, "sz": {"per": 21.002743558438898}, "nw": {"per": 19.567901235}, "zg": {"per": 20.79066362351267}, "fr": {"per": 34.77279013582004}, "so": {"per": 27.911996998798294}, "bs": {"per": 50.63629541014548}, "bl": {"per": 41.61218833005796}, "sh": {"per": 36.10309057866366}, "ar": {"per": 6.463216523528034}, "sg": {"per": 24.904338009875477}, "gr": {"per": 17.764454832022356}, "ag": {"per": 29.040352358190315}, "tg": {"per": 22.048205234566144}, "ti": {"per": 25.422328743031752}, "vd": {"per": 45.064180470892246}, "vs": {"per": 19.885427340318312}, "ne": {"per": 46.776760755}, "ge": {"per": 46.061083051098294}, "ju": {"per": 41.790942828874634}, "gl": {"per": 28.466534877529142}, "ai": {"per": 21.082042163895192}, "ow": {"per": 0.0}, "annahme": 0, "zh-annahme": 0, "be-annahme": 0, "lu-annahme": 0, "ur-annahme": 0, "sz-annahme": 0, "nw-annahme": 0, "zg-annahme": 0, "fr-annahme": 0, "so-annahme": 0, "bs-annahme": 1, "bl-annahme": 0, "sh-annahme": 0, "ar-annahme": 0, "sg-annahme": 0, "gr-annahme": 0, "ag-annahme": 0, "tg-annahme": 0, "ti-annahme": 0, "vd-annahme": 0, "vs-annahme": 0, "ne-annahme": 0, "ge-annahme": 0, "ju-annahme": 0, "gl-annahme": 0, "ai-annahme": 0, "ow-annahme": 0, "forme": 3.0}