{"ch": {"per": 49.19288832166491}, "zh": {"per": 42.69192584601951}, "be": {"per": 51.86218950089505}, "lu": {"per": 49.96472347202672}, "ur": {"per": 22.42419021358043}, "sz": {"per": 45.4779708430765}, "nw": {"per": 19.567901235}, "zg": {"per": 45.262477929522085}, "fr": {"per": 58.59106591773675}, "so": {"per": 50.65916840280458}, "bs": {"per": 60.47869211591732}, "bl": {"per": 55.926373238076295}, "sh": {"per": 41.564182084044724}, "ar": {"per": 17.138547227161126}, "sg": {"per": 49.014863768154925}, "gr": {"per": 54.85553636165144}, "ag": {"per": 45.87644639037153}, "tg": {"per": 41.37972253822414}, "ti": {"per": 46.082228253314824}, "vd": {"per": 50.91190259618957}, "vs": {"per": 60.98369496829826}, "ne": {"per": 51.754178686}, "ge": {"per": 57.13217818363388}, "ju": {"per": 75.03699824677489}, "gl": {"per": 100.0}, "ai": {"per": 100.00000000000001}, "ow": {"per": 0.0}, "annahme": 0, "zh-annahme": 0, "be-annahme": 1, "lu-annahme": 0, "ur-annahme": 0, "sz-annahme": 0, "nw-annahme": 0, "zg-annahme": 0, "fr-annahme": 1, "so-annahme": 1, "bs-annahme": 1, "bl-annahme": 1, "sh-annahme": 0, "ar-annahme": 0, "sg-annahme": 0, "gr-annahme": 1, "ag-annahme": 0, "tg-annahme": 0, "ti-annahme": 0, "vd-annahme": 1, "vs-annahme": 1, "ne-annahme": 1, "ge-annahme": 1, "ju-annahme": 1, "gl-annahme": 1, "ai-annahme": 1, "ow-annahme": 0, "forme": 2.0}