{"ch": 29.624584673316598, "zh": 33.193926672623526, "be": 34.02114316603327, "lu": 21.496431547188596, "sz": 14.493542435685507, "zg": 21.114389802422863, "fr": 30.712904565485143, "so": 27.0527314460989, "bs": 53.75092875432437, "bl": 38.845519553098015, "sh": 33.73534734997055, "ar": 29.067294982915143, "sg": 22.390429381621686, "gr": 17.659879361473664, "ag": 25.38040399160207, "tg": 20.510311325213873, "ti": 20.466674006818018, "vd": 38.5352521154008, "vs": 18.474882306282026, "ne": 46.15310292280078, "ge": 41.466436551011874, "ju": 37.7757696010457, "gl": 46.650270536563305, "ai": 19.145077720393367, "ur": 27.03601500034053, "ow": 0.0, "nw": 0.0, "annahme": 0, "zh-annahme": 0, "be-annahme": 0, "lu-annahme": 0, "sz-annahme": 0, "zg-annahme": 0, "fr-annahme": 0, "so-annahme": 0, "bs-annahme": 1, "bl-annahme": 0, "sh-annahme": 0, "ar-annahme": 0, "sg-annahme": 0, "gr-annahme": 0, "ag-annahme": 0, "tg-annahme": 0, "ti-annahme": 0, "vd-annahme": 0, "vs-annahme": 0, "ne-annahme": 0, "ge-annahme": 0, "ju-annahme": 0, "gl-annahme": 0, "ai-annahme": 0, "ur-annahme": 0, "ow-annahme": 0, "nw-annahme": 0, "forme": 3.0}