{"ch": 65.61221567609708, "zh": 58.292505045937546, "be": 59.87979896337149, "lu": 72.6949410394123, "sz": 82.69142066391731, "zg": 75.27020361575153, "fr": 66.03353967134247, "so": 69.4627519529654, "bs": 40.73392223223284, "bl": 58.393672274031275, "sh": 66.26465265002945, "ar": 70.93270501708486, "sg": 72.62499124313602, "gr": 74.45096144226402, "ag": 69.33965069116704, "tg": 73.3121087590286, "ti": 78.6645335393926, "vd": 57.467725863277465, "vs": 81.52511769371797, "ne": 50.39017431414208, "ge": 56.0607219220794, "ju": 62.224230398954305, "gl": 53.34972946343668, "ai": 80.85492227960664, "ur": 72.96398499965946, "ow": 100.0, "nw": 100.0}