{"ch": 65.61221567609708, "zh": 58.292505045937546, "be": 59.87979896337149, "lu": 72.6949410394123, "sz": 82.69142066391731, "zg": 75.27020361575153, "fr": 66.03353967134247, "so": 69.4627519529654, "bs": 40.73392223223284, "bl": 58.393672274031275, "sh": 66.26465265002945, "ar": 70.93270501708486, "sg": 72.62499124313602, "gr": 74.45096144226402, "ag": 69.33965069116704, "tg": 73.3121087590286, "ti": 78.6645335393926, "vd": 57.467725863277465, "vs": 81.52511769371797, "ne": 50.39017431414208, "ge": 56.0607219220794, "ju": 62.224230398954305, "gl": 53.34972946343668, "ai": 80.85492227960664, "ur": 72.96398499965946, "ow": 100.0, "nw": 100.0, "annahme": 1, "zh-annahme": 1, "be-annahme": 1, "lu-annahme": 1, "sz-annahme": 1, "zg-annahme": 1, "fr-annahme": 1, "so-annahme": 1, "bs-annahme": 0, "bl-annahme": 1, "sh-annahme": 1, "ar-annahme": 1, "sg-annahme": 1, "gr-annahme": 1, "ag-annahme": 1, "tg-annahme": 1, "ti-annahme": 1, "vd-annahme": 1, "vs-annahme": 1, "ne-annahme": 1, "ge-annahme": 1, "ju-annahme": 1, "gl-annahme": 1, "ai-annahme": 1, "ur-annahme": 1, "ow-annahme": 1, "nw-annahme": 1, "forme": 2.0}