{"ch": {"per": 7.331226209545659}, "zh": {"per": 7.205898245616612}, "be": {"per": 8.69650450392154}, "lu": {"per": 7.121198748783327}, "sz": {"per": 1.4063653136985934}, "zg": {"per": 7.227351788200656}, "fr": {"per": 5.383444937509757}, "so": {"per": 5.6105373644949506}, "bs": {"per": 12.838272929920446}, "bl": {"per": 14.303116434912418}, "sh": {"per": 3.5826045772547657}, "ar": {"per": 0.0}, "sg": {"per": 5.860190651807631}, "gr": {"per": 0.0}, "ag": {"per": 5.579302102002611}, "tg": {"per": 5.44627556986688}, "ti": {"per": 3.63317226569413}, "vd": {"per": 11.906233669436643}, "vs": {"per": 4.97726504463735}, "ne": {"per": 10.863395785266112}, "ge": {"per": 13.380089006176096}, "ju": {"per": 8.243705570213011}, "gl": {"per": 0.0}, "ai": {"per": 0.0}, "ur": {"per": 27.036015000340534}, "ow": {"per": 0.0}, "nw": {"per": 0.0}, "annahme": 0, "zh-annahme": 0, "be-annahme": 0, "lu-annahme": 0, "sz-annahme": 0, "zg-annahme": 0, "fr-annahme": 0, "so-annahme": 0, "bs-annahme": 0, "bl-annahme": 0, "sh-annahme": 0, "ar-annahme": 0, "sg-annahme": 0, "gr-annahme": 0, "ag-annahme": 0, "tg-annahme": 0, "ti-annahme": 0, "vd-annahme": 0, "vs-annahme": 0, "ne-annahme": 0, "ge-annahme": 0, "ju-annahme": 0, "gl-annahme": 0, "ai-annahme": 0, "ur-annahme": 0, "ow-annahme": 0, "nw-annahme": 0, "forme": 3.0}