{"ch": 68.58574646782839, "zh": 67.80470337973748, "be": 65.86678243710672, "lu": 71.2015162370365, "sz": 57.36577490804263, "zg": 69.24308373941092, "fr": 73.58466998883803, "so": 70.88410878064052, "bs": 79.73416990026091, "bl": 69.98773528859822, "sh": 52.60237825406158, "ar": 63.25498534563112, "sg": 63.20766657291949, "gr": 70.20095311073831, "ag": 61.24541832563675, "tg": 60.069202937456815, "ti": 66.2100066732794, "vd": 76.69971604830249, "vs": 77.45508661096359, "ne": 79.18066235841856, "ge": 80.78633011439075, "ju": 86.04011551343825, "gl": 100.0, "ai": 100.0, "ur": 54.65223236392092, "ow": 0.0, "nw": 0.0}