{"ch": {"per": 34.74564051831745}, "zh": {"per": 41.70749495406246}, "be": {"per": 40.12020103662851}, "lu": {"per": 27.305058960587708}, "sz": {"per": 17.30857933608269}, "zg": {"per": 24.72979638424847}, "fr": {"per": 33.96646032865753}, "so": {"per": 30.5372480470346}, "bs": {"per": 59.26607776776716}, "bl": {"per": 41.60632772596872}, "sh": {"per": 33.73534734997055}, "ar": {"per": 29.06729498291514}, "sg": {"per": 27.375008756863974}, "gr": {"per": 25.549038557735976}, "ag": {"per": 30.660349308832963}, "tg": {"per": 26.687891240971393}, "ti": {"per": 27.427515038846735}, "vd": {"per": 42.53227413672253}, "vs": {"per": 18.474882306282023}, "ne": {"per": 49.60982568585792}, "ge": {"per": 43.9392780779206}, "ju": {"per": 37.7757696010457}, "gl": {"per": 46.65027053656331}, "ai": {"per": 19.14507772039337}, "ur": {"per": 27.036015000340534}, "ow": {"per": 0.0}, "nw": {"per": 0.0}, "annahme": 0, "zh-annahme": 0, "be-annahme": 0, "lu-annahme": 0, "sz-annahme": 0, "zg-annahme": 0, "fr-annahme": 0, "so-annahme": 0, "bs-annahme": 1, "bl-annahme": 0, "sh-annahme": 0, "ar-annahme": 0, "sg-annahme": 0, "gr-annahme": 0, "ag-annahme": 0, "tg-annahme": 0, "ti-annahme": 0, "vd-annahme": 0, "vs-annahme": 0, "ne-annahme": 0, "ge-annahme": 0, "ju-annahme": 0, "gl-annahme": 0, "ai-annahme": 0, "ur-annahme": 0, "ow-annahme": 0, "nw-annahme": 0, "forme": 3.0}