{"ch": 34.74564051831745, "zh": 41.70749495406246, "be": 40.12020103662851, "lu": 27.305058960587708, "sz": 17.30857933608269, "zg": 24.72979638424847, "fr": 33.96646032865753, "so": 30.5372480470346, "bs": 59.26607776776716, "bl": 41.60632772596872, "sh": 33.73534734997055, "ar": 29.06729498291514, "sg": 27.375008756863974, "gr": 25.549038557735976, "ag": 30.660349308832963, "tg": 26.687891240971393, "ti": 27.427515038846735, "vd": 42.53227413672253, "vs": 18.474882306282023, "ne": 49.60982568585792, "ge": 43.9392780779206, "ju": 37.7757696010457, "gl": 46.65027053656331, "ai": 19.14507772039337, "ur": 27.036015000340534, "ow": 0.0, "nw": 0.0, "annahme": 0, "zh-annahme": 0, "be-annahme": 0, "lu-annahme": 0, "sz-annahme": 0, "zg-annahme": 0, "fr-annahme": 0, "so-annahme": 0, "bs-annahme": 1, "bl-annahme": 0, "sh-annahme": 0, "ar-annahme": 0, "sg-annahme": 0, "gr-annahme": 0, "ag-annahme": 0, "tg-annahme": 0, "ti-annahme": 0, "vd-annahme": 0, "vs-annahme": 0, "ne-annahme": 0, "ge-annahme": 0, "ju-annahme": 0, "gl-annahme": 0, "ai-annahme": 0, "ur-annahme": 0, "ow-annahme": 0, "nw-annahme": 0, "forme": 3.0}