{"ch": {"per": 70.62441594822143}, "zh": {"per": 67.27243090188895}, "be": {"per": 68.43381037016947}, "lu": {"per": 77.85240281960417}, "sz": {"per": 85.0866410055315}, "zg": {"per": 78.0936049490649}, "fr": {"per": 68.96012286901178}, "so": {"per": 73.22896376187572}, "bs": {"per": 45.92899051537389}, "bl": {"per": 62.318657039243185}, "sh": {"per": 66.26465265002943}, "ar": {"per": 70.93270501708487}, "sg": {"per": 78.31428985647695}, "gr": {"per": 80.82757772334107}, "ag": {"per": 76.79769269409032}, "tg": {"per": 80.64409760412879}, "ti": {"per": 73.392175878912}, "vd": {"per": 60.9952565330793}, "vs": {"per": 81.52511769371797}, "ne": {"per": 52.194389662649634}, "ge": {"per": 58.13979570349084}, "ju": {"per": 62.22423039895429}, "gl": {"per": 53.34972946343669}, "ai": {"per": 80.85492227960664}, "ur": {"per": 72.96398499965946}, "ow": {"per": 100.0}, "nw": {"per": 100.0}, "annahme": 1, "zh-annahme": 1, "be-annahme": 1, "lu-annahme": 1, "sz-annahme": 1, "zg-annahme": 1, "fr-annahme": 1, "so-annahme": 1, "bs-annahme": 0, "bl-annahme": 1, "sh-annahme": 1, "ar-annahme": 1, "sg-annahme": 1, "gr-annahme": 1, "ag-annahme": 1, "tg-annahme": 1, "ti-annahme": 1, "vd-annahme": 1, "vs-annahme": 1, "ne-annahme": 1, "ge-annahme": 1, "ju-annahme": 1, "gl-annahme": 1, "ai-annahme": 1, "ur-annahme": 1, "ow-annahme": 1, "nw-annahme": 1, "forme": 2.0}