{"ch": 67.36313872121755, "zh": 65.65456221724892, "be": 62.977318403716424, "lu": 71.20151623703651, "sz": 57.36577490804264, "zg": 69.24308373941089, "fr": 72.81301097880078, "so": 70.3738482761779, "bs": 79.20705027676132, "bl": 69.53691977678471, "sh": 47.236928906111864, "ar": 63.25498534563112, "sg": 62.257880883967616, "gr": 70.20095311073831, "ag": 60.09683842431384, "tg": 56.63406917213271, "ti": 66.2100066732794, "vd": 75.9821995735996, "vs": 77.45508661096359, "ne": 79.18066235841857, "ge": 80.54182400025323, "ju": 86.04011551343824, "gl": 100.0, "ai": 100.0, "ur": 54.65223236392093, "ow": 0.0, "nw": 0.0}