{"ch": {"per": 67.36313872121755}, "zh": {"per": 65.65456221724892}, "be": {"per": 62.977318403716424}, "lu": {"per": 71.20151623703651}, "sz": {"per": 57.36577490804264}, "zg": {"per": 69.24308373941089}, "fr": {"per": 72.81301097880078}, "so": {"per": 70.3738482761779}, "bs": {"per": 79.20705027676132}, "bl": {"per": 69.53691977678471}, "sh": {"per": 47.236928906111864}, "ar": {"per": 63.25498534563112}, "sg": {"per": 62.257880883967616}, "gr": {"per": 70.20095311073831}, "ag": {"per": 60.09683842431384}, "tg": {"per": 56.63406917213271}, "ti": {"per": 66.2100066732794}, "vd": {"per": 75.9821995735996}, "vs": {"per": 77.45508661096359}, "ne": {"per": 79.18066235841857}, "ge": {"per": 80.54182400025323}, "ju": {"per": 86.04011551343824}, "gl": {"per": 100.0}, "ai": {"per": 100.0}, "ur": {"per": 54.65223236392093}, "ow": {"per": 0.0}, "nw": {"per": 0.0}, "annahme": 1, "zh-annahme": 1, "be-annahme": 1, "lu-annahme": 1, "sz-annahme": 1, "zg-annahme": 1, "fr-annahme": 1, "so-annahme": 1, "bs-annahme": 1, "bl-annahme": 1, "sh-annahme": 0, "ar-annahme": 1, "sg-annahme": 1, "gr-annahme": 1, "ag-annahme": 1, "tg-annahme": 1, "ti-annahme": 1, "vd-annahme": 1, "vs-annahme": 1, "ne-annahme": 1, "ge-annahme": 1, "ju-annahme": 1, "gl-annahme": 1, "ai-annahme": 1, "ur-annahme": 1, "ow-annahme": 0, "nw-annahme": 0, "forme": 1.0}