{"ch": 70.0736430196333, "zh": 67.9085736814232, "be": 67.46958650984435, "lu": 79.13887422083384, "sz": 85.50645756431449, "zg": 78.88561019757715, "fr": 69.19836357025142, "so": 73.65154445937306, "bs": 48.38396763802421, "bl": 62.908151123537685, "sh": 60.89920330207972, "ar": 70.93270501708486, "sg": 78.44544560271392, "gr": 82.34012063852634, "ag": 76.8741819308553, "tg": 78.40469017772566, "ti": 57.32187676195956, "vd": 61.8367682441093, "vs": 81.52511769371797, "ne": 53.84689707719923, "ge": 58.930426104446205, "ju": 62.22423039895429, "gl": 53.34972946343669, "ai": 80.85492227960663, "ur": 72.96398499965947, "ow": 100.0, "nw": 100.00000000000001}