{"ch": 67.48888483046163, "zh": 65.83832628536888, "be": 63.42860526069092, "lu": 71.28939995224863, "sz": 57.36577490804263, "zg": 69.2430837394109, "fr": 72.81301097880078, "so": 70.3738482761779, "bs": 79.20705027676132, "bl": 69.53691977678471, "sh": 47.23692890611186, "ar": 63.25498534563112, "sg": 62.54092102236121, "gr": 70.20095311073831, "ag": 60.09683842431384, "tg": 56.6340691721327, "ti": 66.2100066732794, "vd": 76.11426955734557, "vs": 77.45508661096358, "ne": 79.18066235841856, "ge": 80.54182400025321, "ju": 86.04011551343825, "gl": 100.0, "ai": 100.0, "ur": 54.65223236392092, "ow": 0.0, "nw": 0.0, "annahme": 1, "zh-annahme": 1, "be-annahme": 1, "lu-annahme": 1, "sz-annahme": 1, "zg-annahme": 1, "fr-annahme": 1, "so-annahme": 1, "bs-annahme": 1, "bl-annahme": 1, "sh-annahme": 0, "ar-annahme": 1, "sg-annahme": 1, "gr-annahme": 1, "ag-annahme": 1, "tg-annahme": 1, "ti-annahme": 1, "vd-annahme": 1, "vs-annahme": 1, "ne-annahme": 1, "ge-annahme": 1, "ju-annahme": 1, "gl-annahme": 1, "ai-annahme": 1, "ur-annahme": 1, "ow-annahme": 0, "nw-annahme": 0, "forme": 2.0}