{"ch": 97.89638856409033, "zh": 97.59945358996107, "be": 96.58090246719023, "lu": 100.0, "sz": 100.0, "zg": 100.0, "fr": 99.22834098996275, "so": 99.48973949553738, "bs": 99.47288037650041, "bl": 99.5491844881865, "sh": 94.63455065205027, "ar": 100.0, "sg": 99.05021431104811, "gr": 100.0, "ag": 98.8514200986771, "tg": 96.56486623467589, "ti": 99.46701779378769, "vd": 96.32762435184912, "vs": 100.0, "ne": 87.51783207429818, "ge": 93.15121531922816, "ju": 95.89415162175928, "gl": 100.0, "ai": 100.0, "ur": 100.0, "ow": 100.0, "nw": 99.99999999999999}