{"ch": 50.628358940337414, "zh": 49.41837814366111, "be": 52.959514876573294, "lu": 52.608987025865034, "sz": 36.76245387506324, "zg": 51.43084604624286, "fr": 58.368858522370914, "so": 48.93844473390722, "bs": 67.93279947177338, "bl": 53.62008683501366, "sh": 33.735347349970546, "ar": 29.067294982915136, "sg": 47.680312992450396, "gr": 56.907388275956215, "ag": 44.64938138859087, "tg": 43.605310678053215, "ti": 63.582170711951264, "vd": 45.46550535072147, "vs": 58.9877276588487, "ne": 41.75234587648092, "ge": 51.585466308533235, "ju": 63.69565644454333, "gl": 100.0, "ai": 100.0, "ur": 54.652232363920916, "ow": 0.0, "nw": 0.0, "annahme": 1, "zh-annahme": 0, "be-annahme": 1, "lu-annahme": 1, "sz-annahme": 0, "zg-annahme": 1, "fr-annahme": 1, "so-annahme": 0, "bs-annahme": 1, "bl-annahme": 1, "sh-annahme": 0, "ar-annahme": 0, "sg-annahme": 0, "gr-annahme": 1, "ag-annahme": 0, "tg-annahme": 0, "ti-annahme": 1, "vd-annahme": 0, "vs-annahme": 1, "ne-annahme": 0, "ge-annahme": 1, "ju-annahme": 1, "gl-annahme": 1, "ai-annahme": 1, "ur-annahme": 1, "ow-annahme": 0, "nw-annahme": 0, "forme": 2.0}