{"ch": 50.628358940337414, "zh": 49.41837814366111, "be": 52.959514876573294, "lu": 52.608987025865034, "sz": 36.76245387506324, "zg": 51.43084604624286, "fr": 58.368858522370914, "so": 48.93844473390722, "bs": 67.93279947177338, "bl": 53.62008683501366, "sh": 33.735347349970546, "ar": 29.067294982915136, "sg": 47.680312992450396, "gr": 56.907388275956215, "ag": 44.64938138859087, "tg": 43.605310678053215, "ti": 63.582170711951264, "vd": 45.46550535072147, "vs": 58.9877276588487, "ne": 41.75234587648092, "ge": 51.585466308533235, "ju": 63.69565644454333, "gl": 100.0, "ai": 100.0, "ur": 54.652232363920916, "ow": 0.0, "nw": 0.0}