{"ch": {"per": 50.628358940337414}, "zh": {"per": 49.41837814366111}, "be": {"per": 52.959514876573294}, "lu": {"per": 52.608987025865034}, "sz": {"per": 36.76245387506324}, "zg": {"per": 51.43084604624286}, "fr": {"per": 58.368858522370914}, "so": {"per": 48.93844473390722}, "bs": {"per": 67.93279947177338}, "bl": {"per": 53.62008683501366}, "sh": {"per": 33.735347349970546}, "ar": {"per": 29.067294982915136}, "sg": {"per": 47.680312992450396}, "gr": {"per": 56.907388275956215}, "ag": {"per": 44.64938138859087}, "tg": {"per": 43.605310678053215}, "ti": {"per": 63.582170711951264}, "vd": {"per": 45.46550535072147}, "vs": {"per": 58.9877276588487}, "ne": {"per": 41.75234587648092}, "ge": {"per": 51.585466308533235}, "ju": {"per": 63.69565644454333}, "gl": {"per": 100.0}, "ai": {"per": 100.0}, "ur": {"per": 54.652232363920916}, "ow": {"per": 0.0}, "nw": {"per": 0.0}, "annahme": 1, "zh-annahme": 0, "be-annahme": 1, "lu-annahme": 1, "sz-annahme": 0, "zg-annahme": 1, "fr-annahme": 1, "so-annahme": 0, "bs-annahme": 1, "bl-annahme": 1, "sh-annahme": 0, "ar-annahme": 0, "sg-annahme": 0, "gr-annahme": 1, "ag-annahme": 0, "tg-annahme": 0, "ti-annahme": 1, "vd-annahme": 0, "vs-annahme": 1, "ne-annahme": 0, "ge-annahme": 1, "ju-annahme": 1, "gl-annahme": 1, "ai-annahme": 1, "ur-annahme": 1, "ow-annahme": 0, "nw-annahme": 0, "forme": 2.0}