{"ch": {"per": 31.44631059568582}, "zh": {"per": 36.28289577927547}, "be": {"per": 36.23088586177205}, "lu": {"per": 22.822081212824955}, "sz": {"per": 14.913358994468497}, "zg": {"per": 21.90639505093509}, "fr": {"per": 31.745770924978277}, "so": {"per": 28.02942128388197}, "bs": {"per": 56.88840929851469}, "bl": {"per": 39.94841876324633}, "sh": {"per": 33.735347349970546}, "ar": {"per": 29.067294982915143}, "sg": {"per": 23.565047898959172}, "gr": {"per": 19.172422276658946}, "ag": {"per": 26.79517455580515}, "tg": {"per": 21.860778379834816}, "ti": {"per": 26.607824121087994}, "vd": {"per": 40.139642463965295}, "vs": {"per": 18.474882306282023}, "ne": {"per": 47.805610337350366}, "ge": {"per": 42.517835237097444}, "ju": {"per": 37.7757696010457}, "gl": {"per": 46.65027053656331}, "ai": {"per": 19.145077720393367}, "ur": {"per": 27.036015000340537}, "ow": {"per": 0.0}, "nw": {"per": 0.0}, "annahme": 0, "zh-annahme": 0, "be-annahme": 0, "lu-annahme": 0, "sz-annahme": 0, "zg-annahme": 0, "fr-annahme": 0, "so-annahme": 0, "bs-annahme": 1, "bl-annahme": 0, "sh-annahme": 0, "ar-annahme": 0, "sg-annahme": 0, "gr-annahme": 0, "ag-annahme": 0, "tg-annahme": 0, "ti-annahme": 0, "vd-annahme": 0, "vs-annahme": 0, "ne-annahme": 0, "ge-annahme": 0, "ju-annahme": 0, "gl-annahme": 0, "ai-annahme": 0, "ur-annahme": 0, "ow-annahme": 0, "nw-annahme": 0, "forme": 3.0}