{"ch": 27.9618053872168, "zh": 29.94128515608825, "be": 29.640949456765345, "lu": 20.861125779166166, "sz": 14.493542435685505, "zg": 21.11438980242286, "fr": 30.02997741971133, "so": 25.838195036164326, "bs": 51.08891273847619, "bl": 36.641033364648806, "sh": 33.735347349970546, "ar": 29.067294982915143, "sg": 20.604768708334188, "gr": 17.65987936147366, "ag": 21.97723816782179, "tg": 18.160176056950238, "ti": 26.310650866416243, "vd": 37.44571528118782, "vs": 18.474882306282023, "ne": 46.15310292280076, "ge": 40.825067781416244, "ju": 37.7757696010457, "gl": 46.65027053656331, "ai": 19.145077720393367, "ur": 27.036015000340537, "ow": 0.0, "nw": 0.0, "annahme": 0, "zh-annahme": 0, "be-annahme": 0, "lu-annahme": 0, "sz-annahme": 0, "zg-annahme": 0, "fr-annahme": 0, "so-annahme": 0, "bs-annahme": 1, "bl-annahme": 0, "sh-annahme": 0, "ar-annahme": 0, "sg-annahme": 0, "gr-annahme": 0, "ag-annahme": 0, "tg-annahme": 0, "ti-annahme": 0, "vd-annahme": 0, "vs-annahme": 0, "ne-annahme": 0, "ge-annahme": 0, "ju-annahme": 0, "gl-annahme": 0, "ai-annahme": 0, "ur-annahme": 0, "ow-annahme": 0, "nw-annahme": 0, "forme": 3.0}