{"ch": 34.74564051831746, "zh": 41.707494954062454, "be": 40.120201036628494, "lu": 27.305058960587704, "sz": 17.30857933608269, "zg": 24.729796384248473, "fr": 33.96646032865753, "so": 30.53724804703459, "bs": 59.26607776776715, "bl": 41.606327725968725, "sh": 33.735347349970546, "ar": 29.067294982915143, "sg": 27.37500875686398, "gr": 25.54903855773598, "ag": 30.66034930883296, "tg": 26.687891240971393, "ti": 27.427515038846728, "vd": 42.532274136722535, "vs": 18.474882306282023, "ne": 49.60982568585792, "ge": 43.93927807792059, "ju": 37.77576960104571, "gl": 46.650270536563305, "ai": 19.145077720393367, "ur": 27.036015000340537, "ow": 0.0, "nw": 0.0}