{"ch": {"per": 34.74564051831746}, "zh": {"per": 41.707494954062454}, "be": {"per": 40.120201036628494}, "lu": {"per": 27.305058960587704}, "sz": {"per": 17.30857933608269}, "zg": {"per": 24.729796384248473}, "fr": {"per": 33.96646032865753}, "so": {"per": 30.53724804703459}, "bs": {"per": 59.26607776776715}, "bl": {"per": 41.606327725968725}, "sh": {"per": 33.735347349970546}, "ar": {"per": 29.067294982915143}, "sg": {"per": 27.37500875686398}, "gr": {"per": 25.54903855773598}, "ag": {"per": 30.66034930883296}, "tg": {"per": 26.687891240971393}, "ti": {"per": 27.427515038846728}, "vd": {"per": 42.532274136722535}, "vs": {"per": 18.474882306282023}, "ne": {"per": 49.60982568585792}, "ge": {"per": 43.93927807792059}, "ju": {"per": 37.77576960104571}, "gl": {"per": 46.650270536563305}, "ai": {"per": 19.145077720393367}, "ur": {"per": 27.036015000340537}, "ow": {"per": 0.0}, "nw": {"per": 0.0}, "annahme": 0, "zh-annahme": 0, "be-annahme": 0, "lu-annahme": 0, "sz-annahme": 0, "zg-annahme": 0, "fr-annahme": 0, "so-annahme": 0, "bs-annahme": 1, "bl-annahme": 0, "sh-annahme": 0, "ar-annahme": 0, "sg-annahme": 0, "gr-annahme": 0, "ag-annahme": 0, "tg-annahme": 0, "ti-annahme": 0, "vd-annahme": 0, "vs-annahme": 0, "ne-annahme": 0, "ge-annahme": 0, "ju-annahme": 0, "gl-annahme": 0, "ai-annahme": 0, "ur-annahme": 0, "ow-annahme": 0, "nw-annahme": 0, "forme": 3.0}