{"ch": {"per": 66.56642857653063}, "zh": {"per": 60.252296248378116}, "be": {"per": 62.622798859586624}, "lu": {"per": 73.15972901773152}, "sz": {"per": 82.6914206639173}, "zg": {"per": 75.27020361575153}, "fr": {"per": 66.48760155090754}, "so": {"per": 70.31677478502118}, "bs": {"per": 41.847920580382045}, "bl": {"per": 59.70997032292733}, "sh": {"per": 66.26465265002945}, "ar": {"per": 70.93270501708486}, "sg": {"per": 73.94540526464995}, "gr": {"per": 74.45096144226403}, "ag": {"per": 71.78252919207691}, "tg": {"per": 75.07650825777544}, "ti": {"per": 72.57248496115326}, "vd": {"per": 58.10075498984769}, "vs": {"per": 81.52511769371797}, "ne": {"per": 50.39017431414207}, "ge": {"per": 56.42259885009816}, "ju": {"per": 62.2242303989543}, "gl": {"per": 53.349729463436695}, "ai": {"per": 80.85492227960664}, "ur": {"per": 72.96398499965946}, "ow": {"per": 100.0}, "nw": {"per": 100.0}, "annahme": 1, "zh-annahme": 1, "be-annahme": 1, "lu-annahme": 1, "sz-annahme": 1, "zg-annahme": 1, "fr-annahme": 1, "so-annahme": 1, "bs-annahme": 0, "bl-annahme": 1, "sh-annahme": 1, "ar-annahme": 1, "sg-annahme": 1, "gr-annahme": 1, "ag-annahme": 1, "tg-annahme": 1, "ti-annahme": 1, "vd-annahme": 1, "vs-annahme": 1, "ne-annahme": 1, "ge-annahme": 1, "ju-annahme": 1, "gl-annahme": 1, "ai-annahme": 1, "ur-annahme": 1, "ow-annahme": 1, "nw-annahme": 1, "forme": 2.0}