{"ch": 82.07946928392236, "zh": 76.54909790471784, "be": 76.8944352502854, "lu": 81.73962764995338, "sz": 92.64125304528234, "zg": 84.34102326980143, "fr": 88.26249991745253, "so": 87.16912137024056, "bs": 76.98173572720272, "bl": 75.61869299325215, "sh": 93.18927262195005, "ar": 100.0, "sg": 82.47332445669451, "gr": 88.76203406552389, "ag": 82.26929015082274, "tg": 80.6492263635877, "ti": 93.17478129656428, "vd": 78.77075576420646, "vs": 93.57399847780582, "ne": 80.56308263891843, "ge": 79.82089754822093, "ju": 90.35173951613277, "gl": 100.0, "ai": 99.99999999999999, "ur": 50.53081305021209, "annahme": 1, "zh-annahme": 1, "be-annahme": 1, "lu-annahme": 1, "sz-annahme": 1, "zg-annahme": 1, "fr-annahme": 1, "so-annahme": 1, "bs-annahme": 1, "bl-annahme": 1, "sh-annahme": 1, "ar-annahme": 1, "sg-annahme": 1, "gr-annahme": 1, "ag-annahme": 1, "tg-annahme": 1, "ti-annahme": 1, "vd-annahme": 1, "vs-annahme": 1, "ne-annahme": 1, "ge-annahme": 1, "ju-annahme": 1, "gl-annahme": 1, "ai-annahme": 1, "ur-annahme": 1, "forme": 2.0}