{"ch": {"per": 67.77731540303611}, "zh": {"per": 65.56834354266122}, "be": {"per": 62.78018982058591}, "lu": {"per": 71.20151623703651}, "sz": {"per": 57.36577490804264}, "zg": {"per": 69.2430837394109}, "fr": {"per": 72.81301097880079}, "so": {"per": 70.37384827617791}, "bs": {"per": 79.20705027676131}, "bl": {"per": 69.53691977678471}, "sh": {"per": 47.23692890611186}, "ar": {"per": 63.25498534563112}, "sg": {"per": 62.25788088396761}, "gr": {"per": 70.20095311073833}, "ag": {"per": 60.096838424313844}, "tg": {"per": 56.63406917213272}, "ti": {"per": 85.01267376458264}, "vd": {"per": 75.25089847689829}, "vs": {"per": 77.45508661096359}, "ne": {"per": 76.21131928415815}, "ge": {"per": 79.1658807265283}, "ju": {"per": 85.44240263825003}, "gl": {"per": 100.0}, "ai": {"per": 99.99999999999999}, "ur": {"per": 54.652232363920916}, "ow": {"per": 0.0}, "nw": {"per": 0.0}, "annahme": 1, "zh-annahme": 1, "be-annahme": 1, "lu-annahme": 1, "sz-annahme": 1, "zg-annahme": 1, "fr-annahme": 1, "so-annahme": 1, "bs-annahme": 1, "bl-annahme": 1, "sh-annahme": 0, "ar-annahme": 1, "sg-annahme": 1, "gr-annahme": 1, "ag-annahme": 1, "tg-annahme": 1, "ti-annahme": 1, "vd-annahme": 1, "vs-annahme": 1, "ne-annahme": 1, "ge-annahme": 1, "ju-annahme": 1, "gl-annahme": 1, "ai-annahme": 1, "ur-annahme": 1, "ow-annahme": 0, "nw-annahme": 0, "forme": 2.0}