{"ch": 67.77731540303611, "zh": 65.56834354266122, "be": 62.78018982058591, "lu": 71.20151623703651, "sz": 57.36577490804264, "zg": 69.2430837394109, "fr": 72.81301097880079, "so": 70.37384827617791, "bs": 79.20705027676131, "bl": 69.53691977678471, "sh": 47.23692890611186, "ar": 63.25498534563112, "sg": 62.25788088396761, "gr": 70.20095311073833, "ag": 60.096838424313844, "tg": 56.63406917213272, "ti": 85.01267376458264, "vd": 75.25089847689829, "vs": 77.45508661096359, "ne": 76.21131928415815, "ge": 79.1658807265283, "ju": 85.44240263825003, "gl": 100.0, "ai": 99.99999999999999, "ur": 54.652232363920916, "ow": 0.0, "nw": 0.0, "annahme": 1, "zh-annahme": 1, "be-annahme": 1, "lu-annahme": 1, "sz-annahme": 1, "zg-annahme": 1, "fr-annahme": 1, "so-annahme": 1, "bs-annahme": 1, "bl-annahme": 1, "sh-annahme": 0, "ar-annahme": 1, "sg-annahme": 1, "gr-annahme": 1, "ag-annahme": 1, "tg-annahme": 1, "ti-annahme": 1, "vd-annahme": 1, "vs-annahme": 1, "ne-annahme": 1, "ge-annahme": 1, "ju-annahme": 1, "gl-annahme": 1, "ai-annahme": 1, "ur-annahme": 1, "ow-annahme": 0, "nw-annahme": 0, "forme": 2.0}