{"ch": 27.654491735359688, "zh": 29.318194875673594, "be": 34.196130585115036, "lu": 25.02017851954065, "sz": 36.892794445, "ow": 42.13640610401864, "zg": 26.61089931234594, "fr": 22.109030113275658, "so": 26.756810296324968, "bs": 15.466767813415526, "bl": 25.17700637758416, "sh": 44.23195032100258, "ar": 50.52025391023002, "sg": 32.8205007854863, "gr": 29.938917100880246, "ag": 33.379973954133966, "tg": 39.52387911152095, "ti": 16.00581636408275, "vd": 18.195611989782485, "vs": 20.28452732850192, "ne": 12.682339449063429, "ge": 14.856454029180275, "ju": 16.013910126856167, "ur": 37.15019255464166, "gl": 0.0, "ai": 29.347631814216257, "nw": 64.204016492}