{"ch": {"per": 57.46400929398423}, "zh": {"per": 49.40366505175222}, "be": {"per": 52.838882909038205}, "lu": {"per": 66.12558026495702}, "sz": {"per": 78.38872924500001}, "ow": {"per": 96.69884771102127}, "zg": {"per": 65.0690993258459}, "fr": {"per": 57.91561005481885}, "so": {"per": 61.17732010165381}, "bs": {"per": 28.912733521116618}, "bl": {"per": 51.398112420645575}, "sh": {"per": 57.84256858193742}, "ar": {"per": 100.0}, "sg": {"per": 67.31903973302992}, "gr": {"per": 69.01745373842394}, "ag": {"per": 60.594071589133094}, "tg": {"per": 65.94364766176811}, "ti": {"per": 64.75421656358883}, "vd": {"per": 44.87023470334337}, "vs": {"per": 72.86843606737827}, "ne": {"per": 39.25344036664714}, "ge": {"per": 42.88329574194342}, "ju": {"per": 51.23809993593269}, "ur": {"per": 77.24433033832344}, "gl": {"per": 67.07214765116424}, "ai": {"per": 91.18856121536095}, "nw": {"per": 100.0}, "annahme": 1, "zh-annahme": 0, "be-annahme": 1, "lu-annahme": 1, "sz-annahme": 1, "ow-annahme": 1, "zg-annahme": 1, "fr-annahme": 1, "so-annahme": 1, "bs-annahme": 0, "bl-annahme": 1, "sh-annahme": 1, "ar-annahme": 1, "sg-annahme": 1, "gr-annahme": 1, "ag-annahme": 1, "tg-annahme": 1, "ti-annahme": 1, "vd-annahme": 0, "vs-annahme": 1, "ne-annahme": 0, "ge-annahme": 0, "ju-annahme": 1, "ur-annahme": 1, "gl-annahme": 1, "ai-annahme": 1, "nw-annahme": 1, "forme": 2.0}