{"ch": {"per": 56.84193322174847}, "zh": {"per": 56.81932370433276}, "be": {"per": 57.4818774978652}, "lu": {"per": 59.49288183100751}, "sz": {"per": 40.009120956000004}, "ow": {"per": 44.760199314784685}, "zg": {"per": 58.71230172246325}, "fr": {"per": 61.59078044126891}, "so": {"per": 55.15993464997869}, "bs": {"per": 77.13276423061016}, "bl": {"per": 58.28433777220429}, "sh": {"per": 44.37013784631017}, "ar": {"per": 0.0}, "sg": {"per": 52.29033561411602}, "gr": {"per": 56.430988768174274}, "ag": {"per": 52.70922889642507}, "tg": {"per": 49.02286892650195}, "ti": {"per": 58.15477656865938}, "vd": {"per": 57.99596286414658}, "vs": {"per": 62.810600572092845}, "ne": {"per": 64.92717889943522}, "ge": {"per": 65.79079242419816}, "ju": {"per": 73.94564198670953}, "ur": {"per": 62.84980744535834}, "gl": {"per": 100.0}, "ai": {"per": 70.65236818578376}, "nw": {"per": 35.795983508}, "annahme": 1, "zh-annahme": 1, "be-annahme": 1, "lu-annahme": 1, "sz-annahme": 0, "ow-annahme": 0, "zg-annahme": 1, "fr-annahme": 1, "so-annahme": 1, "bs-annahme": 1, "bl-annahme": 1, "sh-annahme": 0, "ar-annahme": 0, "sg-annahme": 1, "gr-annahme": 1, "ag-annahme": 1, "tg-annahme": 0, "ti-annahme": 1, "vd-annahme": 1, "vs-annahme": 1, "ne-annahme": 1, "ge-annahme": 1, "ju-annahme": 1, "ur-annahme": 1, "gl-annahme": 1, "ai-annahme": 1, "nw-annahme": 0, "forme": 2.0}