{"ch": {"per": 67.82564347144117}, "zh": {"per": 67.39013180410812}, "be": {"per": 67.70235059393549}, "lu": {"per": 74.12448939676209}, "sz": {"per": 83.5754146112}, "ow": {"per": 96.69884771102127}, "zg": {"per": 71.42504595262852}, "fr": {"per": 64.38812294881822}, "so": {"per": 69.86685070296757}, "bs": {"per": 38.36005191401674}, "bl": {"per": 60.16258228015042}, "sh": {"per": 65.92909785718194}, "ar": {"per": 100.0}, "sg": {"per": 76.54399997976631}, "gr": {"per": 77.36475858939055}, "ag": {"per": 73.06241216249876}, "tg": {"per": 76.75877794204648}, "ti": {"per": 65.99905664359858}, "vd": {"per": 54.84117009971382}, "vs": {"per": 73.6851247022741}, "ne": {"per": 48.337729357452524}, "ge": {"per": 49.51906145987891}, "ju": {"per": 52.82395304105637}, "ur": {"per": 77.24433033832344}, "gl": {"per": 67.07214765116424}, "ai": {"per": 91.18856121536095}, "nw": {"per": 100.0}, "annahme": 1, "zh-annahme": 1, "be-annahme": 1, "lu-annahme": 1, "sz-annahme": 1, "ow-annahme": 1, "zg-annahme": 1, "fr-annahme": 1, "so-annahme": 1, "bs-annahme": 0, "bl-annahme": 1, "sh-annahme": 1, "ar-annahme": 1, "sg-annahme": 1, "gr-annahme": 1, "ag-annahme": 1, "tg-annahme": 1, "ti-annahme": 1, "vd-annahme": 1, "vs-annahme": 1, "ne-annahme": 0, "ge-annahme": 0, "ju-annahme": 1, "ur-annahme": 1, "gl-annahme": 1, "ai-annahme": 1, "nw-annahme": 1, "forme": 2.0}