{"ch": {"per": 34.32270521915731}, "zh": {"per": 36.00649697414574}, "be": {"per": 36.64557369344672}, "lu": {"per": 26.591265771126107}, "sz": {"per": 17.0272549846}, "ow": {"per": 3.301152288978729}, "zg": {"per": 29.395295799682135}, "fr": {"per": 36.39734811472667}, "so": {"per": 31.343655545552238}, "bs": {"per": 64.11042664409673}, "bl": {"per": 43.33819017789953}, "sh": {"per": 36.01235157638097}, "ar": {"per": 0.0}, "sg": {"per": 25.0357889714925}, "gr": {"per": 22.63524141060946}, "ag": {"per": 30.676880171730932}, "tg": {"per": 25.908528933948183}, "ti": {"per": 34.000943356401436}, "vd": {"per": 46.489100246005805}, "vs": {"per": 26.314875297725916}, "ne": {"per": 51.66227064254748}, "ge": {"per": 51.239148884158475}, "ju": {"per": 48.76190006406731}, "ur": {"per": 22.755669661676563}, "gl": {"per": 32.927852348835756}, "ai": {"per": 8.811438784639057}, "nw": {"per": 0.0}, "annahme": 0, "zh-annahme": 0, "be-annahme": 0, "lu-annahme": 0, "sz-annahme": 0, "ow-annahme": 0, "zg-annahme": 0, "fr-annahme": 0, "so-annahme": 0, "bs-annahme": 1, "bl-annahme": 0, "sh-annahme": 0, "ar-annahme": 0, "sg-annahme": 0, "gr-annahme": 0, "ag-annahme": 0, "tg-annahme": 0, "ti-annahme": 0, "vd-annahme": 0, "vs-annahme": 0, "ne-annahme": 1, "ge-annahme": 1, "ju-annahme": 0, "ur-annahme": 0, "gl-annahme": 0, "ai-annahme": 0, "nw-annahme": 0, "forme": 3.0}