{"ch": 51.66683954478698, "zh": 47.90137517247216, "be": 49.41343291902829, "lu": 55.42084030322825, "sz": 74.25484351705468, "ow": 94.36095225434076, "zg": 55.24641046804925, "fr": 47.72842565019945, "so": 55.043103667984994, "bs": 26.600355066986033, "bl": 50.063841171946876, "sh": 55.31324691629918, "ar": 100.0, "sg": 60.14725734764884, "gr": 58.441450047078916, "ag": 57.680310685768085, "tg": 59.73561528339255, "ti": 52.5556263530944, "vd": 44.26314053977167, "vs": 57.818473923431235, "ne": 36.60305549037, "ge": 38.15651035799332, "ju": 36.94412394941615, "ur": 62.01428571463251, "gl": 0.0, "ai": 76.90866510542482, "nw": 100.0}