{"ch": {"per": 47.935486438855904}, "zh": {"per": 53.613554918752016}, "be": {"per": 51.87226178921614}, "lu": {"per": 45.54143499795151}, "sz": {"per": 26.48370270664712}, "ow": {"per": 5.639047745659245}, "zg": {"per": 45.82989080695924}, "fr": {"per": 52.28289575352652}, "so": {"per": 46.40378436434792}, "bs": {"per": 75.66137308783401}, "bl": {"per": 53.812229941059336}, "sh": {"per": 43.111359235163974}, "ar": {"per": 0.0}, "sg": {"per": 40.65270099354778}, "gr": {"per": 41.55854995292108}, "ag": {"per": 45.4526281064514}, "tg": {"per": 40.0505200678795}, "ti": {"per": 34.75667654859012}, "vd": {"per": 52.470749984081145}, "vs": {"per": 42.18152607656876}, "ne": {"per": 48.629337737888235}, "ge": {"per": 53.76807873293583}, "ju": {"per": 65.17553980533076}, "ur": {"per": 37.98571428536749}, "gl": {"per": 100.0}, "ai": {"per": 23.09133489457518}, "nw": {"per": 0.0}, "annahme": 0, "zh-annahme": 1, "be-annahme": 1, "lu-annahme": 0, "sz-annahme": 0, "ow-annahme": 0, "zg-annahme": 0, "fr-annahme": 1, "so-annahme": 0, "bs-annahme": 1, "bl-annahme": 1, "sh-annahme": 0, "ar-annahme": 0, "sg-annahme": 0, "gr-annahme": 0, "ag-annahme": 0, "tg-annahme": 0, "ti-annahme": 0, "vd-annahme": 1, "vs-annahme": 0, "ne-annahme": 0, "ge-annahme": 1, "ju-annahme": 1, "ur-annahme": 0, "gl-annahme": 1, "ai-annahme": 0, "nw-annahme": 0, "forme": 3.0}