{"ch": 47.935486438855904, "zh": 53.613554918752016, "be": 51.87226178921614, "lu": 45.54143499795151, "sz": 26.48370270664712, "ow": 5.639047745659245, "zg": 45.82989080695924, "fr": 52.28289575352652, "so": 46.40378436434792, "bs": 75.66137308783401, "bl": 53.812229941059336, "sh": 43.111359235163974, "ar": 0.0, "sg": 40.65270099354778, "gr": 41.55854995292108, "ag": 45.4526281064514, "tg": 40.0505200678795, "ti": 34.75667654859012, "vd": 52.470749984081145, "vs": 42.18152607656876, "ne": 48.629337737888235, "ge": 53.76807873293583, "ju": 65.17553980533076, "ur": 37.98571428536749, "gl": 100.0, "ai": 23.09133489457518, "nw": 0.0, "annahme": 0, "zh-annahme": 1, "be-annahme": 1, "lu-annahme": 0, "sz-annahme": 0, "ow-annahme": 0, "zg-annahme": 0, "fr-annahme": 1, "so-annahme": 0, "bs-annahme": 1, "bl-annahme": 1, "sh-annahme": 0, "ar-annahme": 0, "sg-annahme": 0, "gr-annahme": 0, "ag-annahme": 0, "tg-annahme": 0, "ti-annahme": 0, "vd-annahme": 1, "vs-annahme": 0, "ne-annahme": 0, "ge-annahme": 1, "ju-annahme": 1, "ur-annahme": 0, "gl-annahme": 1, "ai-annahme": 0, "nw-annahme": 0, "forme": 3.0}