{"ch": 43.9564573125635, "zh": 45.60204028536673, "be": 46.54817773536514, "lu": 39.764535190924256, "sz": 22.108111549777462, "ow": 5.639047745659245, "zg": 41.58750797620249, "fr": 48.65528421729857, "so": 41.608301411368174, "bs": 73.70907065692295, "bl": 50.95382390345153, "sh": 39.29668447605838, "ar": 0.0, "sg": 34.64388707047964, "gr": 34.19001122610794, "ag": 39.345651266844044, "tg": 33.69747873847866, "ti": 34.99668350410472, "vd": 52.57348847335238, "vs": 41.437958958539355, "ne": 59.56328586768348, "ge": 59.96504907401968, "ju": 65.17553980533076, "ur": 37.98571428536749, "gl": 100.0, "ai": 23.09133489457518, "nw": 0.0, "annahme": 0, "zh-annahme": 0, "be-annahme": 0, "lu-annahme": 0, "sz-annahme": 0, "ow-annahme": 0, "zg-annahme": 0, "fr-annahme": 0, "so-annahme": 0, "bs-annahme": 1, "bl-annahme": 1, "sh-annahme": 0, "ar-annahme": 0, "sg-annahme": 0, "gr-annahme": 0, "ag-annahme": 0, "tg-annahme": 0, "ti-annahme": 0, "vd-annahme": 1, "vs-annahme": 0, "ne-annahme": 1, "ge-annahme": 1, "ju-annahme": 1, "ur-annahme": 0, "gl-annahme": 1, "ai-annahme": 0, "nw-annahme": 0, "forme": 3.0}