{"ch": 66.02280116881316, "zh": 68.60073385683128, "be": 61.57690854191071, "lu": 66.56346678725319, "sz": 54.789433200138426, "ow": 28.022343396778727, "zg": 65.08608177222916, "fr": 72.53318586464793, "so": 68.74513078699033, "bs": 83.5380237845922, "bl": 72.12390456634047, "sh": 54.767180166872144, "ar": 49.47974608976998, "sg": 59.48979084620289, "gr": 59.84132577843193, "ag": 61.4979876499525, "tg": 53.51962835610609, "ti": 61.01634369043117, "vd": 77.05731270587019, "vs": 68.46358283720966, "ne": 71.99672070363484, "ge": 74.95894686445628, "ju": 78.59568155587485, "ur": 37.98571428536749, "gl": 100.0, "ai": 23.09133489457518, "nw": 0.0}