{"ch": 39.69273305214708, "zh": 38.39586749090612, "be": 40.86293980604588, "lu": 35.7498198080191, "sz": 20.866184318110527, "ow": 5.639047745659246, "zg": 38.567090190563036, "fr": 45.21768664499714, "so": 37.464292442834754, "bs": 68.23560884255018, "bl": 47.98424035022768, "sh": 36.827230063337986, "ar": 0.0, "sg": 31.14267251884536, "gr": 30.361862544069307, "ag": 35.384138431499125, "tg": 30.468620000547023, "ti": 34.553945170787735, "vd": 47.86088784932217, "vs": 40.911817738529486, "ne": 53.9163061239242, "ge": 56.1058169091961, "ju": 65.17553980533077, "ur": 37.9857142853675, "gl": 100.0, "ai": 23.09133489457518, "nw": 0.0}