{"ch": 65.22181198920391, "zh": 65.1142393855613, "be": 57.0200917766654, "lu": 65.40010543929266, "sz": 54.05088697643663, "ow": 28.022343396778723, "zg": 64.00978049722066, "fr": 71.55736794769055, "so": 66.57136164750641, "bs": 80.9085824071207, "bl": 68.24783345333425, "sh": 52.781800100965775, "ar": 49.47974608976999, "sg": 57.2085801232497, "gr": 59.84132577843192, "ag": 57.184914193670814, "tg": 50.38285591191534, "ti": 79.23776454036923, "vd": 79.89795329070023, "vs": 68.46358283720964, "ne": 86.76432747537659, "ge": 82.9022628302643, "ju": 76.47601780112792, "ur": 37.9857142853675, "gl": 100.0, "ai": 23.09133489457518, "nw": 0.0, "annahme": 1, "zh-annahme": 1, "be-annahme": 1, "lu-annahme": 1, "sz-annahme": 1, "ow-annahme": 0, "zg-annahme": 1, "fr-annahme": 1, "so-annahme": 1, "bs-annahme": 1, "bl-annahme": 1, "sh-annahme": 1, "ar-annahme": 0, "sg-annahme": 1, "gr-annahme": 1, "ag-annahme": 1, "tg-annahme": 1, "ti-annahme": 1, "vd-annahme": 1, "vs-annahme": 1, "ne-annahme": 1, "ge-annahme": 1, "ju-annahme": 1, "ur-annahme": 0, "gl-annahme": 1, "ai-annahme": 0, "nw-annahme": 0, "forme": 2.0}