{"ch": 65.22181198920391, "zh": 65.1142393855613, "be": 57.0200917766654, "lu": 65.40010543929266, "sz": 54.05088697643663, "ow": 28.022343396778723, "zg": 64.00978049722066, "fr": 71.55736794769055, "so": 66.57136164750641, "bs": 80.9085824071207, "bl": 68.24783345333425, "sh": 52.781800100965775, "ar": 49.47974608976999, "sg": 57.2085801232497, "gr": 59.84132577843192, "ag": 57.184914193670814, "tg": 50.38285591191534, "ti": 79.23776454036923, "vd": 79.89795329070023, "vs": 68.46358283720964, "ne": 86.76432747537659, "ge": 82.9022628302643, "ju": 76.47601780112792, "ur": 37.9857142853675, "gl": 100.0, "ai": 23.09133489457518, "nw": 0.0}