{"ch": 49.63703663328698, "zh": 53.95387875675219, "be": 52.58866746077116, "lu": 45.54143499795151, "sz": 26.483702706647115, "ow": 5.639047745659245, "zg": 45.82989080695925, "fr": 52.28289575352651, "so": 46.40378436434792, "bs": 75.66137308783401, "bl": 53.812229941059336, "sh": 43.111359235163974, "ar": 0.0, "sg": 40.65270099354778, "gr": 41.55854995292109, "ag": 45.45262810645139, "tg": 40.05052006787951, "ti": 45.719708262306995, "vd": 56.75651927140562, "vs": 42.181526076568765, "ne": 63.39694450963, "ge": 62.54161947155175, "ju": 65.17553980533077, "ur": 37.98571428536749, "gl": 100.0, "ai": 23.091334894575176, "nw": 0.0}