{"ch": 67.8370309062362, "zh": 68.87732119032427, "be": 62.13240873475456, "lu": 66.49609510939148, "sz": 54.789433200138426, "ow": 28.022343396778723, "zg": 65.08608177222916, "fr": 72.53318586464793, "so": 68.51628158601042, "bs": 83.53802378459221, "bl": 72.12390456634047, "sh": 54.767180166872144, "ar": 49.47974608976998, "sg": 59.361344271695955, "gr": 59.84132577843192, "ag": 61.49798764995249, "tg": 53.51962835610609, "ti": 79.23776454036923, "vd": 81.32896573818697, "vs": 68.46358283720966, "ne": 86.7643274753766, "ge": 83.7324876030722, "ju": 78.59568155587485, "ur": 37.98571428536749, "gl": 100.0, "ai": 23.091334894575176, "nw": 0.0}