{"ch": 50.840158902559125, "zh": 55.72065194611364, "be": 55.43487345278102, "lu": 45.54143499795152, "sz": 26.483702706647115, "ow": 5.639047745659246, "zg": 45.82989080695925, "fr": 53.247392266757934, "so": 46.40378436434793, "bs": 76.02908631048547, "bl": 53.81222994105935, "sh": 46.67213314960718, "ar": 0.0, "sg": 41.81788343596955, "gr": 41.5585499529211, "ag": 46.6327627705136, "tg": 43.40115716079822, "ti": 47.4443736469056, "vd": 57.1063830579933, "vs": 42.181526076568765, "ne": 63.396944509629996, "ge": 62.67371441481457, "ju": 65.17553980533076, "ur": 37.98571428536749, "gl": 100.0, "ai": 23.091334894575176, "nw": 0.0}