{"ch": 58.5847393056584, "zh": 59.63256812904808, "be": 55.865938136953254, "lu": 64.04909414520012, "sz": 79.13381568188947, "ow": 94.36095225434075, "zg": 61.432909809436964, "fr": 53.817816841771446, "so": 61.80882645001426, "bs": 31.396677934798348, "bl": 52.01575964977232, "sh": 59.61199602221881, "ar": 100.0, "sg": 67.37607509939808, "gr": 69.63813745593067, "ag": 63.43572690443866, "tg": 66.18074290653426, "ti": 54.170393276745074, "vd": 51.71364325936069, "vs": 59.088182261470514, "ne": 46.08369387607579, "ge": 43.76208814754108, "ju": 34.82446019466923, "ur": 62.0142857146325, "gl": 0.0, "ai": 76.90866510542483, "nw": 100.0, "annahme": 1, "zh-annahme": 1, "be-annahme": 1, "lu-annahme": 1, "sz-annahme": 1, "ow-annahme": 1, "zg-annahme": 1, "fr-annahme": 1, "so-annahme": 1, "bs-annahme": 0, "bl-annahme": 1, "sh-annahme": 1, "ar-annahme": 1, "sg-annahme": 1, "gr-annahme": 1, "ag-annahme": 1, "tg-annahme": 1, "ti-annahme": 1, "vd-annahme": 1, "vs-annahme": 1, "ne-annahme": 0, "ge-annahme": 0, "ju-annahme": 0, "ur-annahme": 1, "gl-annahme": 0, "ai-annahme": 1, "nw-annahme": 1, "forme": 2.0}