{"ch": 58.5847393056584, "zh": 59.63256812904808, "be": 55.865938136953254, "lu": 64.04909414520012, "sz": 79.13381568188947, "ow": 94.36095225434075, "zg": 61.432909809436964, "fr": 53.817816841771446, "so": 61.80882645001426, "bs": 31.396677934798348, "bl": 52.01575964977232, "sh": 59.61199602221881, "ar": 100.0, "sg": 67.37607509939808, "gr": 69.63813745593067, "ag": 63.43572690443866, "tg": 66.18074290653426, "ti": 54.170393276745074, "vd": 51.71364325936069, "vs": 59.088182261470514, "ne": 46.08369387607579, "ge": 43.76208814754108, "ju": 34.82446019466923, "ur": 62.0142857146325, "gl": 0.0, "ai": 76.90866510542483, "nw": 100.0}