{"ch": 49.11059015491093, "zh": 53.859386845684405, "be": 52.386349410286776, "lu": 45.43170577229332, "sz": 26.483702706647115, "ow": 5.639047745659246, "zg": 45.82989080695925, "fr": 52.28289575352651, "so": 46.01135107530827, "bs": 75.66137308783401, "bl": 53.81222994105935, "sh": 43.11135923516398, "ar": 0.0, "sg": 40.46452726097886, "gr": 41.5585499529211, "ag": 45.45262810645139, "tg": 40.0505200678795, "ti": 35.81903171324559, "vd": 56.72380025526569, "vs": 42.181526076568765, "ne": 63.396944509629996, "ge": 62.54161947155175, "ju": 65.17553980533076, "ur": 37.98571428536749, "gl": 100.0, "ai": 23.091334894575176, "nw": 0.0, "annahme": 0, "zh-annahme": 1, "be-annahme": 1, "lu-annahme": 0, "sz-annahme": 0, "ow-annahme": 0, "zg-annahme": 0, "fr-annahme": 1, "so-annahme": 0, "bs-annahme": 1, "bl-annahme": 1, "sh-annahme": 0, "ar-annahme": 0, "sg-annahme": 0, "gr-annahme": 0, "ag-annahme": 0, "tg-annahme": 0, "ti-annahme": 0, "vd-annahme": 1, "vs-annahme": 0, "ne-annahme": 1, "ge-annahme": 1, "ju-annahme": 1, "ur-annahme": 0, "gl-annahme": 1, "ai-annahme": 0, "nw-annahme": 0, "forme": 2.0}