{"ch": 49.477506553269556, "zh": 53.74908756606784, "be": 52.16375139578014, "lu": 45.34034895117074, "sz": 26.48370270664712, "ow": 5.639047745659246, "zg": 45.82989080695925, "fr": 52.28289575352651, "so": 45.67690325719694, "bs": 75.66137308783401, "bl": 53.812229941059336, "sh": 43.111359235163974, "ar": 0.0, "sg": 40.33663105421297, "gr": 41.55854995292109, "ag": 45.4526281064514, "tg": 40.05052006787951, "ti": 45.719708262306995, "vd": 56.68091416667617, "vs": 42.18152607656876, "ne": 63.39694450963, "ge": 62.541619471551755, "ju": 65.17553980533076, "ur": 37.9857142853675, "gl": 100.0, "ai": 23.091334894575176, "nw": 0.0}