{"ch": {"per": 49.477506553269556}, "zh": {"per": 53.74908756606784}, "be": {"per": 52.16375139578014}, "lu": {"per": 45.34034895117074}, "sz": {"per": 26.48370270664712}, "ow": {"per": 5.639047745659246}, "zg": {"per": 45.82989080695925}, "fr": {"per": 52.28289575352651}, "so": {"per": 45.67690325719694}, "bs": {"per": 75.66137308783401}, "bl": {"per": 53.812229941059336}, "sh": {"per": 43.111359235163974}, "ar": {"per": 0.0}, "sg": {"per": 40.33663105421297}, "gr": {"per": 41.55854995292109}, "ag": {"per": 45.4526281064514}, "tg": {"per": 40.05052006787951}, "ti": {"per": 45.719708262306995}, "vd": {"per": 56.68091416667617}, "vs": {"per": 42.18152607656876}, "ne": {"per": 63.39694450963}, "ge": {"per": 62.541619471551755}, "ju": {"per": 65.17553980533076}, "ur": {"per": 37.9857142853675}, "gl": {"per": 100.0}, "ai": {"per": 23.091334894575176}, "nw": {"per": 0.0}, "annahme": 0, "zh-annahme": 1, "be-annahme": 1, "lu-annahme": 0, "sz-annahme": 0, "ow-annahme": 0, "zg-annahme": 0, "fr-annahme": 1, "so-annahme": 0, "bs-annahme": 1, "bl-annahme": 1, "sh-annahme": 0, "ar-annahme": 0, "sg-annahme": 0, "gr-annahme": 0, "ag-annahme": 0, "tg-annahme": 0, "ti-annahme": 0, "vd-annahme": 1, "vs-annahme": 0, "ne-annahme": 1, "ge-annahme": 1, "ju-annahme": 1, "ur-annahme": 0, "gl-annahme": 1, "ai-annahme": 0, "nw-annahme": 0, "forme": 2.0}