{"ch": 65.22181198920391, "zh": 65.1142393855613, "be": 57.02009177666542, "lu": 65.40010543929263, "sz": 54.05088697643662, "ow": 28.022343396778723, "zg": 64.00978049722066, "fr": 71.55736794769054, "so": 66.57136164750642, "bs": 80.9085824071207, "bl": 68.24783345333425, "sh": 52.781800100965775, "ar": 49.47974608976998, "sg": 57.20858012324969, "gr": 59.84132577843193, "ag": 57.184914193670814, "tg": 50.38285591191533, "ti": 79.23776454036924, "vd": 79.89795329070024, "vs": 68.46358283720966, "ne": 86.76432747537659, "ge": 82.90226283026429, "ju": 76.47601780112792, "ur": 37.9857142853675, "gl": 100.0, "ai": 23.091334894575176, "nw": 0.0, "annahme": 1, "zh-annahme": 1, "be-annahme": 1, "lu-annahme": 1, "sz-annahme": 1, "ow-annahme": 0, "zg-annahme": 1, "fr-annahme": 1, "so-annahme": 1, "bs-annahme": 1, "bl-annahme": 1, "sh-annahme": 1, "ar-annahme": 0, "sg-annahme": 1, "gr-annahme": 1, "ag-annahme": 1, "tg-annahme": 1, "ti-annahme": 1, "vd-annahme": 1, "vs-annahme": 1, "ne-annahme": 1, "ge-annahme": 1, "ju-annahme": 1, "ur-annahme": 0, "gl-annahme": 1, "ai-annahme": 0, "nw-annahme": 0, "forme": 2.0}