{"ch": {"per": 65.22181198920391}, "zh": {"per": 65.1142393855613}, "be": {"per": 57.02009177666542}, "lu": {"per": 65.40010543929263}, "sz": {"per": 54.05088697643662}, "ow": {"per": 28.022343396778723}, "zg": {"per": 64.00978049722066}, "fr": {"per": 71.55736794769054}, "so": {"per": 66.57136164750642}, "bs": {"per": 80.9085824071207}, "bl": {"per": 68.24783345333425}, "sh": {"per": 52.781800100965775}, "ar": {"per": 49.47974608976998}, "sg": {"per": 57.20858012324969}, "gr": {"per": 59.84132577843193}, "ag": {"per": 57.184914193670814}, "tg": {"per": 50.38285591191533}, "ti": {"per": 79.23776454036924}, "vd": {"per": 79.89795329070024}, "vs": {"per": 68.46358283720966}, "ne": {"per": 86.76432747537659}, "ge": {"per": 82.90226283026429}, "ju": {"per": 76.47601780112792}, "ur": {"per": 37.9857142853675}, "gl": {"per": 100.0}, "ai": {"per": 23.091334894575176}, "nw": {"per": 0.0}, "annahme": 1, "zh-annahme": 1, "be-annahme": 1, "lu-annahme": 1, "sz-annahme": 1, "ow-annahme": 0, "zg-annahme": 1, "fr-annahme": 1, "so-annahme": 1, "bs-annahme": 1, "bl-annahme": 1, "sh-annahme": 1, "ar-annahme": 0, "sg-annahme": 1, "gr-annahme": 1, "ag-annahme": 1, "tg-annahme": 1, "ti-annahme": 1, "vd-annahme": 1, "vs-annahme": 1, "ne-annahme": 1, "ge-annahme": 1, "ju-annahme": 1, "ur-annahme": 0, "gl-annahme": 1, "ai-annahme": 0, "nw-annahme": 0, "forme": 2.0}