{"ch": 61.44133102173579, "zh": 63.25459524763388, "be": 60.71424450876255, "lu": 65.01136944637989, "sz": 79.87236190559126, "ow": 94.36095225434076, "zg": 62.50921108444547, "fr": 54.79363475872883, "so": 63.25571448234718, "bs": 34.02611931226984, "bl": 55.891830762778525, "sh": 61.59737608812518, "ar": 100.0, "sg": 69.34121588301646, "gr": 69.63813745593069, "ag": 67.74880036072035, "tg": 69.31751535072503, "ti": 64.09486851474043, "vd": 53.08316685712566, "vs": 59.08818226147052, "ne": 46.08369387607579, "ge": 44.59231292034896, "ju": 36.944123949416145, "ur": 62.014285714632514, "gl": 0.0, "ai": 76.90866510542483, "nw": 100.0, "annahme": 1, "zh-annahme": 1, "be-annahme": 1, "lu-annahme": 1, "sz-annahme": 1, "ow-annahme": 1, "zg-annahme": 1, "fr-annahme": 1, "so-annahme": 1, "bs-annahme": 0, "bl-annahme": 1, "sh-annahme": 1, "ar-annahme": 1, "sg-annahme": 1, "gr-annahme": 1, "ag-annahme": 1, "tg-annahme": 1, "ti-annahme": 1, "vd-annahme": 1, "vs-annahme": 1, "ne-annahme": 0, "ge-annahme": 0, "ju-annahme": 0, "ur-annahme": 1, "gl-annahme": 0, "ai-annahme": 1, "nw-annahme": 1, "forme": 2.0}