{"ch": {"per": 61.44133102173579}, "zh": {"per": 63.25459524763388}, "be": {"per": 60.71424450876255}, "lu": {"per": 65.01136944637989}, "sz": {"per": 79.87236190559126}, "ow": {"per": 94.36095225434076}, "zg": {"per": 62.50921108444547}, "fr": {"per": 54.79363475872883}, "so": {"per": 63.25571448234718}, "bs": {"per": 34.02611931226984}, "bl": {"per": 55.891830762778525}, "sh": {"per": 61.59737608812518}, "ar": {"per": 100.0}, "sg": {"per": 69.34121588301646}, "gr": {"per": 69.63813745593069}, "ag": {"per": 67.74880036072035}, "tg": {"per": 69.31751535072503}, "ti": {"per": 64.09486851474043}, "vd": {"per": 53.08316685712566}, "vs": {"per": 59.08818226147052}, "ne": {"per": 46.08369387607579}, "ge": {"per": 44.59231292034896}, "ju": {"per": 36.944123949416145}, "ur": {"per": 62.014285714632514}, "gl": {"per": 0.0}, "ai": {"per": 76.90866510542483}, "nw": {"per": 100.0}, "annahme": 1, "zh-annahme": 1, "be-annahme": 1, "lu-annahme": 1, "sz-annahme": 1, "ow-annahme": 1, "zg-annahme": 1, "fr-annahme": 1, "so-annahme": 1, "bs-annahme": 0, "bl-annahme": 1, "sh-annahme": 1, "ar-annahme": 1, "sg-annahme": 1, "gr-annahme": 1, "ag-annahme": 1, "tg-annahme": 1, "ti-annahme": 1, "vd-annahme": 1, "vs-annahme": 1, "ne-annahme": 0, "ge-annahme": 0, "ju-annahme": 0, "ur-annahme": 1, "gl-annahme": 0, "ai-annahme": 1, "nw-annahme": 1, "forme": 2.0}