{"ch": 47.66182522008217, "zh": 52.054093678998164, "be": 49.79489810948643, "lu": 45.01230196103525, "sz": 25.936711083202756, "ow": 5.639047745659246, "zg": 45.24051375835229, "fr": 51.81267520446928, "so": 45.616922118871585, "bs": 75.00412110551989, "bl": 51.94976881017795, "sh": 41.95902529327898, "ar": 0.0, "sg": 39.46306499460419, "gr": 41.55854995292109, "ag": 42.99391373112345, "tg": 38.10914477573063, "ti": 44.973550199130244, "vd": 54.164380757550695, "vs": 42.18152607656876, "ne": 57.05499505059714, "ge": 58.562012300211414, "ju": 64.4213929676216, "ur": 37.98571428536749, "gl": 100.0, "ai": 23.09133489457518, "nw": 0.0, "annahme": 0, "zh-annahme": 1, "be-annahme": 0, "lu-annahme": 0, "sz-annahme": 0, "ow-annahme": 0, "zg-annahme": 0, "fr-annahme": 1, "so-annahme": 0, "bs-annahme": 1, "bl-annahme": 1, "sh-annahme": 0, "ar-annahme": 0, "sg-annahme": 0, "gr-annahme": 0, "ag-annahme": 0, "tg-annahme": 0, "ti-annahme": 0, "vd-annahme": 1, "vs-annahme": 0, "ne-annahme": 1, "ge-annahme": 1, "ju-annahme": 1, "ur-annahme": 0, "gl-annahme": 1, "ai-annahme": 0, "nw-annahme": 0, "forme": 3.0}