{"ch": 47.66182522008217, "zh": 52.054093678998164, "be": 49.79489810948643, "lu": 45.01230196103525, "sz": 25.936711083202756, "ow": 5.639047745659246, "zg": 45.24051375835229, "fr": 51.81267520446928, "so": 45.616922118871585, "bs": 75.00412110551989, "bl": 51.94976881017795, "sh": 41.95902529327898, "ar": 0.0, "sg": 39.46306499460419, "gr": 41.55854995292109, "ag": 42.99391373112345, "tg": 38.10914477573063, "ti": 44.973550199130244, "vd": 54.164380757550695, "vs": 42.18152607656876, "ne": 57.05499505059714, "ge": 58.562012300211414, "ju": 64.4213929676216, "ur": 37.98571428536749, "gl": 100.0, "ai": 23.09133489457518, "nw": 0.0}