{"ch": {"per": 62.29486002227667}, "zh": {"per": 65.02136843699535}, "be": {"per": 63.56045050077239}, "lu": {"per": 65.01136944637989}, "sz": {"per": 79.87236190559128}, "ow": {"per": 94.36095225434076}, "zg": {"per": 62.50921108444547}, "fr": {"per": 55.758131271960245}, "so": {"per": 63.25571448234718}, "bs": {"per": 34.39383253492131}, "bl": {"per": 55.89183076277853}, "sh": {"per": 65.15815000256838}, "ar": {"per": 100.0}, "sg": {"per": 70.50639832543824}, "gr": {"per": 69.63813745593069}, "ag": {"per": 68.92893502478256}, "tg": {"per": 72.66815244364373}, "ti": {"per": 55.89505866134369}, "vd": {"per": 53.43303064371334}, "vs": {"per": 59.088182261470514}, "ne": {"per": 46.0836938760758}, "ge": {"per": 44.72440786361177}, "ju": {"per": 36.944123949416145}, "ur": {"per": 62.01428571463251}, "gl": {"per": 0.0}, "ai": {"per": 76.90866510542483}, "nw": {"per": 100.0}, "annahme": 1, "zh-annahme": 1, "be-annahme": 1, "lu-annahme": 1, "sz-annahme": 1, "ow-annahme": 1, "zg-annahme": 1, "fr-annahme": 1, "so-annahme": 1, "bs-annahme": 0, "bl-annahme": 1, "sh-annahme": 1, "ar-annahme": 1, "sg-annahme": 1, "gr-annahme": 1, "ag-annahme": 1, "tg-annahme": 1, "ti-annahme": 1, "vd-annahme": 1, "vs-annahme": 1, "ne-annahme": 0, "ge-annahme": 0, "ju-annahme": 0, "ur-annahme": 1, "gl-annahme": 0, "ai-annahme": 1, "nw-annahme": 1, "forme": 1.0}