{"ch": 62.29486002227667, "zh": 65.02136843699535, "be": 63.56045050077239, "lu": 65.01136944637989, "sz": 79.87236190559128, "ow": 94.36095225434076, "zg": 62.50921108444547, "fr": 55.758131271960245, "so": 63.25571448234718, "bs": 34.39383253492131, "bl": 55.89183076277853, "sh": 65.15815000256838, "ar": 100.0, "sg": 70.50639832543824, "gr": 69.63813745593069, "ag": 68.92893502478256, "tg": 72.66815244364373, "ti": 55.89505866134369, "vd": 53.43303064371334, "vs": 59.088182261470514, "ne": 46.0836938760758, "ge": 44.72440786361177, "ju": 36.944123949416145, "ur": 62.01428571463251, "gl": 0.0, "ai": 76.90866510542483, "nw": 100.0, "annahme": 1, "zh-annahme": 1, "be-annahme": 1, "lu-annahme": 1, "sz-annahme": 1, "ow-annahme": 1, "zg-annahme": 1, "fr-annahme": 1, "so-annahme": 1, "bs-annahme": 0, "bl-annahme": 1, "sh-annahme": 1, "ar-annahme": 1, "sg-annahme": 1, "gr-annahme": 1, "ag-annahme": 1, "tg-annahme": 1, "ti-annahme": 1, "vd-annahme": 1, "vs-annahme": 1, "ne-annahme": 0, "ge-annahme": 0, "ju-annahme": 0, "ur-annahme": 1, "gl-annahme": 0, "ai-annahme": 1, "nw-annahme": 1, "forme": 2.0}