{"ch": 59.78786157493055, "zh": 61.39934131840953, "be": 58.712144128963104, "lu": 64.04909414520012, "sz": 79.13381568188947, "ow": 94.36095225434076, "zg": 61.43290980943696, "fr": 54.78231335500287, "so": 61.808826450014266, "bs": 31.764391157449815, "bl": 52.01575964977231, "sh": 63.172769936662014, "ar": 100.0, "sg": 68.54125754181985, "gr": 69.63813745593069, "ag": 64.61586156850088, "tg": 69.53137999945297, "ti": 55.89505866134369, "vd": 52.06350704594837, "vs": 59.088182261470514, "ne": 46.0836938760758, "ge": 43.894183090803885, "ju": 34.824460194669236, "ur": 62.01428571463251, "gl": 0.0, "ai": 76.90866510542483, "nw": 100.0}