{"ch": 75.53178062709506, "zh": 76.81525117093825, "be": 75.48250049095607, "lu": 77.87904911042314, "sz": 82.51120519470504, "ow": 94.36095225434076, "zg": 83.60136779682057, "fr": 66.2817126197942, "so": 73.35935608491498, "bs": 44.43597512588093, "bl": 69.81943663858087, "sh": 69.03584068197083, "ar": 100.0, "sg": 81.00672767928297, "gr": 75.20280014427189, "ag": 77.65713314590825, "tg": 82.33984640811721, "ti": 78.35939407608147, "vd": 72.69126754746344, "vs": 71.09218364792231, "ne": 77.7716593243389, "ge": 75.39997866258408, "ju": 48.0471596997231, "ur": 62.01428571463251, "gl": 0.0, "ai": 76.90866510542482, "nw": 100.0, "annahme": 1, "zh-annahme": 1, "be-annahme": 1, "lu-annahme": 1, "sz-annahme": 1, "ow-annahme": 1, "zg-annahme": 1, "fr-annahme": 1, "so-annahme": 1, "bs-annahme": 0, "bl-annahme": 1, "sh-annahme": 1, "ar-annahme": 1, "sg-annahme": 1, "gr-annahme": 1, "ag-annahme": 1, "tg-annahme": 1, "ti-annahme": 1, "vd-annahme": 1, "vs-annahme": 1, "ne-annahme": 1, "ge-annahme": 1, "ju-annahme": 0, "ur-annahme": 1, "gl-annahme": 0, "ai-annahme": 1, "nw-annahme": 1, "forme": 1.0}