{"ch": {"per": 75.53178062709506}, "zh": {"per": 76.81525117093825}, "be": {"per": 75.48250049095607}, "lu": {"per": 77.87904911042314}, "sz": {"per": 82.51120519470504}, "ow": {"per": 94.36095225434076}, "zg": {"per": 83.60136779682057}, "fr": {"per": 66.2817126197942}, "so": {"per": 73.35935608491498}, "bs": {"per": 44.43597512588093}, "bl": {"per": 69.81943663858087}, "sh": {"per": 69.03584068197083}, "ar": {"per": 100.0}, "sg": {"per": 81.00672767928297}, "gr": {"per": 75.20280014427189}, "ag": {"per": 77.65713314590825}, "tg": {"per": 82.33984640811721}, "ti": {"per": 78.35939407608147}, "vd": {"per": 72.69126754746344}, "vs": {"per": 71.09218364792231}, "ne": {"per": 77.7716593243389}, "ge": {"per": 75.39997866258408}, "ju": {"per": 48.0471596997231}, "ur": {"per": 62.01428571463251}, "gl": {"per": 0.0}, "ai": {"per": 76.90866510542482}, "nw": {"per": 100.0}, "annahme": 1, "zh-annahme": 1, "be-annahme": 1, "lu-annahme": 1, "sz-annahme": 1, "ow-annahme": 1, "zg-annahme": 1, "fr-annahme": 1, "so-annahme": 1, "bs-annahme": 0, "bl-annahme": 1, "sh-annahme": 1, "ar-annahme": 1, "sg-annahme": 1, "gr-annahme": 1, "ag-annahme": 1, "tg-annahme": 1, "ti-annahme": 1, "vd-annahme": 1, "vs-annahme": 1, "ne-annahme": 1, "ge-annahme": 1, "ju-annahme": 0, "ur-annahme": 1, "gl-annahme": 0, "ai-annahme": 1, "nw-annahme": 1, "forme": 1.0}