{"ch": {"per": 30.511586480697744}, "zh": {"per": 32.74520800116}, "be": {"per": 32.77679709544407}, "lu": {"per": 22.295066140696044}, "sz": {"per": 15.09118223108597}, "ow": {"per": 0.0}, "nw": {"per": 0.0}, "zg": {"per": 22.22921914373418}, "fr": {"per": 33.43718901406744}, "so": {"per": 27.038184728281806}, "bs": {"per": 56.183369959674664}, "bl": {"per": 35.23872647135349}, "sh": {"per": 33.18483051621565}, "ar": {"per": 0.0}, "sg": {"per": 22.043656857584637}, "gr": {"per": 23.09188303880189}, "ag": {"per": 24.346748646715874}, "tg": {"per": 19.337147449608945}, "ti": {"per": 38.7523836130396}, "vd": {"per": 44.01137926789681}, "vs": {"per": 23.449284955070347}, "ne": {"per": 50.6729652552027}, "ge": {"per": 43.94900318988711}, "ju": {"per": 41.44547907088716}, "gl": {"per": 24.066997316854525}, "ur": {"per": 0.0}, "ai": {"per": 0.0}, "annahme": 0, "zh-annahme": 0, "be-annahme": 0, "lu-annahme": 0, "sz-annahme": 0, "ow-annahme": 0, "nw-annahme": 0, "zg-annahme": 0, "fr-annahme": 0, "so-annahme": 0, "bs-annahme": 1, "bl-annahme": 0, "sh-annahme": 0, "ar-annahme": 0, "sg-annahme": 0, "gr-annahme": 0, "ag-annahme": 0, "tg-annahme": 0, "ti-annahme": 0, "vd-annahme": 0, "vs-annahme": 0, "ne-annahme": 1, "ge-annahme": 0, "ju-annahme": 0, "gl-annahme": 0, "ur-annahme": 0, "ai-annahme": 0, "forme": 3.0}