{"ch": 30.511586480697744, "zh": 32.74520800116, "be": 32.77679709544407, "lu": 22.295066140696044, "sz": 15.09118223108597, "ow": 0.0, "nw": 0.0, "zg": 22.22921914373418, "fr": 33.43718901406744, "so": 27.038184728281806, "bs": 56.183369959674664, "bl": 35.23872647135349, "sh": 33.18483051621565, "ar": 0.0, "sg": 22.043656857584637, "gr": 23.09188303880189, "ag": 24.346748646715874, "tg": 19.337147449608945, "ti": 38.7523836130396, "vd": 44.01137926789681, "vs": 23.449284955070347, "ne": 50.6729652552027, "ge": 43.94900318988711, "ju": 41.44547907088716, "gl": 24.066997316854525, "ur": 0.0, "ai": 0.0, "annahme": 0, "zh-annahme": 0, "be-annahme": 0, "lu-annahme": 0, "sz-annahme": 0, "ow-annahme": 0, "nw-annahme": 0, "zg-annahme": 0, "fr-annahme": 0, "so-annahme": 0, "bs-annahme": 1, "bl-annahme": 0, "sh-annahme": 0, "ar-annahme": 0, "sg-annahme": 0, "gr-annahme": 0, "ag-annahme": 0, "tg-annahme": 0, "ti-annahme": 0, "vd-annahme": 0, "vs-annahme": 0, "ne-annahme": 1, "ge-annahme": 0, "ju-annahme": 0, "gl-annahme": 0, "ur-annahme": 0, "ai-annahme": 0, "forme": 3.0}