{"ch": {"per": 17.80514257961981}, "zh": {"per": 20.185805066324345}, "be": {"per": 19.852149702942036}, "lu": {"per": 33.227756373104334}, "ur": {"per": 50.68}, "sz": {"per": 13.768184143266168}, "zg": {"per": 20.473511045120006}, "fr": {"per": 8.073438956700201}, "so": {"per": 20.59304814100957}, "bs": {"per": 11.439595470543107}, "bl": {"per": 11.57052491863002}, "sh": {"per": 6.283061869713848}, "ar": {"per": 32.64}, "sg": {"per": 23.083632651761373}, "gr": {"per": 16.651157914992673}, "ag": {"per": 17.052316484478503}, "tg": {"per": 18.484170354622563}, "ti": {"per": 26.74466901847964}, "vd": {"per": 1.7225574241134929}, "vs": {"per": 23.586769615043387}, "ne": {"per": 3.4293578344818556}, "ge": {"per": -1.7071741260458566}, "ju": {"per": 12.803994317}, "gl": {"per": -14.849172672771232}, "ow": {"per": 34.85}, "nw": {"per": 40.21}, "ai": {"per": 27.36}}