{"ch": {"per": -26.450299149041967}, "zh": {"per": -24.78263997288324}, "be": {"per": -17.846497517342073}, "lu": {"per": -33.4592268351877}, "ur": {"per": -56.3}, "sz": {"per": -61.2}, "zg": {"per": -46.84}, "fr": {"per": -34.44087588894982}, "so": {"per": -34.55058807295318}, "bs": {"per": -21.978431608645046}, "bl": {"per": -10.579279982241566}, "sh": {"per": -47.9261035757498}, "ar": {"per": -52.54}, "sg": {"per": -35.2160727703409}, "gr": {"per": -48.42}, "ag": {"per": -29.649687900836774}, "tg": {"per": -33.23127093116131}, "ti": {"per": -14.331741796818939}, "vd": {"per": -9.717404304804049}, "vs": {"per": -45.15399754586718}, "ne": {"per": -4.587737015128425}, "ge": {"per": -3.9641172625494505}, "ju": {"per": -45.28}, "gl": {"per": -49.45}, "ow": {"per": -61.37}, "nw": {"per": -46.86999999999998}, "ai": {"per": -50.63}}