{"ch": {"per": -25.87029914904197}, "zh": {"per": -23.60263997288324}, "be": {"per": -17.256497517342076}, "lu": {"per": -33.109226835187705}, "ur": {"per": -55.84}, "sz": {"per": -61.1}, "zg": {"per": -45.05}, "fr": {"per": -34.37087588894982}, "so": {"per": -34.00058807295318}, "bs": {"per": -21.518431608645045}, "bl": {"per": -9.889279982241568}, "sh": {"per": -46.8161035757498}, "ar": {"per": -51.88}, "sg": {"per": -34.586072770340905}, "gr": {"per": -47.77}, "ag": {"per": -29.01968790083677}, "tg": {"per": -32.55127093116131}, "ti": {"per": -14.481741796818937}, "vd": {"per": -9.647404304804056}, "vs": {"per": -45.22399754586718}, "ne": {"per": -4.527737015128423}, "ge": {"per": -3.834117262549455}, "ju": {"per": -45.49}, "gl": {"per": -49.37}, "ow": {"per": -61.52}, "nw": {"per": -46.329999999999984}, "ai": {"per": -50.4}}