{"ch": {"per": -5.609985878867803}, "zh": {"per": -8.964249062525099}, "be": {"per": -11.201248993884974}, "lu": {"per": -4.9226350173656925}, "ur": {"per": 37.41}, "sz": {"per": -24.504578004937855}, "zg": {"per": 2.954545756506917}, "fr": {"per": -25.290646267147935}, "so": {"per": 6.304652892550138}, "bs": {"per": 15.728588850100849}, "bl": {"per": -1.4122547064439743}, "sh": {"per": 5.344274994137834}, "ar": {"per": 32.66059272584769}, "sg": {"per": -6.206897438467038}, "gr": {"per": -17.49276386710374}, "ag": {"per": -16.371063754112186}, "tg": {"per": -16.220139049264432}, "ti": {"per": 26.222867536206117}, "vd": {"per": 2.3316143898507917}, "vs": {"per": -47.334817121189474}, "ne": {"per": 13.094231978986855}, "ge": {"per": 12.283428331220456}, "ju": {"per": -0.902133144000004}, "gl": {"per": -53.36}, "ow": {"per": -59.0}, "nw": {"per": -46.23999999999999}, "ai": {"per": -34.41}}