{"ch": {"per": -17.769026414885644}, "zh": {"per": -14.191046259637758}, "be": {"per": -11.092557594699926}, "lu": {"per": -26.751912068354812}, "ur": {"per": -33.620000000000005}, "sz": {"per": -41.03}, "zg": {"per": -27.89}, "fr": {"per": -25.547076379942922}, "so": {"per": -27.33}, "bs": {"per": 2.2363659638004805}, "bl": {"per": -10.784706864977409}, "sh": {"per": -24.002004708276473}, "ar": {"per": -25.97}, "sg": {"per": -21.851347213538475}, "gr": {"per": -26.549999999999997}, "ag": {"per": -19.53795969176076}, "tg": {"per": -21.958294734918255}, "ti": {"per": -21.290000000000006}, "vd": {"per": -10.93278455160015}, "vs": {"per": -51.40448678811177}, "ne": {"per": 4.697592000405123}, "ge": {"per": -2.064400710349119}, "ju": {"per": -30.25}, "gl": {"per": -27.480000000000004}, "ow": {"per": -35.989999999999995}, "nw": {"per": -23.659999999999982}, "ai": {"per": -34.22}}