{"ch": {"per": -28.52390961654772}, "zh": {"per": -15.887330802679216}, "be": {"per": -12.318828754151085}, "lu": {"per": -52.26}, "ur": {"per": -55.36}, "sz": {"per": -50.184424552446806}, "zg": {"per": -48.63000000000002}, "fr": {"per": -27.35720378223528}, "so": {"per": -47.46}, "bs": {"per": -24.645543220893643}, "bl": {"per": -22.17138247750856}, "sh": {"per": -24.969208416147517}, "ar": {"per": -50.43}, "sg": {"per": -45.76}, "gr": {"per": -24.194481748315084}, "ag": {"per": -29.48689321373243}, "tg": {"per": -22.130175067334832}, "ti": {"per": -36.00989554337943}, "vd": {"per": -27.270896373432777}, "vs": {"per": -48.72}, "ne": {"per": -32.980000000000004}, "ge": {"per": -17.481759261744486}, "ju": {"per": -39.29}, "gl": {"per": -4.579172672771222}, "ow": {"per": -56.99}, "nw": {"per": -51.94}, "ai": {"per": -56.16}}