{"ch": {"per": -55.943909616547714}, "zh": {"per": -42.75733080267921}, "be": {"per": -41.428828754151084}, "lu": {"per": -71.78}, "ur": {"per": -77.88}, "sz": {"per": -67.2644245524468}, "zg": {"per": -71.15}, "fr": {"per": -60.84720378223528}, "so": {"per": -71.85}, "bs": {"per": -52.71554322089364}, "bl": {"per": -52.10138247750856}, "sh": {"per": -55.99920841614752}, "ar": {"per": -74.56}, "sg": {"per": -72.36}, "gr": {"per": -47.724481748315085}, "ag": {"per": -55.386893213732435}, "tg": {"per": -47.63017506733483}, "ti": {"per": -64.43989554337944}, "vd": {"per": -61.40089637343277}, "vs": {"per": -79.42}, "ne": {"per": -62.23}, "ge": {"per": -47.911759261744486}, "ju": {"per": -70.58}, "gl": {"per": -29.29917267277122}, "ow": {"per": -77.3}, "nw": {"per": -77.82}, "ai": {"per": -84.51}}