{"ch": {"per": 20.307048765710327}, "zh": {"per": 21.920006189459684}, "be": {"per": 17.92834726842163}, "lu": {"per": 17.31861608189275}, "ur": {"per": 22.66}, "sz": {"per": 23.6}, "zg": {"per": 26.71}, "fr": {"per": 17.9}, "so": {"per": 20.72218218004152}, "bs": {"per": 21.283110446740178}, "bl": {"per": 10.68255377493359}, "sh": {"per": 30.48}, "ar": {"per": 36.41}, "sg": {"per": 23.952951513447974}, "gr": {"per": 31.54}, "ag": {"per": 17.577057113979883}, "tg": {"per": 17.8303876436917}, "ti": {"per": 38.33619532815122}, "vd": {"per": 13.426766760214033}, "vs": {"per": 18.579045765603993}, "ne": {"per": 11.425976453395823}, "ge": {"per": 16.868658736383896}, "ju": {"per": 19.37}, "gl": {"per": 31.52}, "ow": {"per": 22.54}, "nw": {"per": 22.86}, "ai": {"per": 21.91}}