{"ch": {"per": 12.836197938958172}, "zh": {"per": 10.091833952266782}, "be": {"per": 4.42702961782512}, "lu": {"per": 13.667625226062832}, "ur": {"per": 28.21}, "sz": {"per": 11.928184143266169}, "zg": {"per": 20.17351104512}, "fr": {"per": 27.703438956700204}, "so": {"per": 9.077907272212173}, "bs": {"per": 16.083946887850317}, "bl": {"per": 15.816198944050512}, "sh": {"per": 1.7430618697138556}, "ar": {"per": 37.34}, "sg": {"per": 7.098349244711194}, "gr": {"per": 15.83115791499267}, "ag": {"per": 1.3149041272183837}, "tg": {"per": 4.0872356535398495}, "ti": {"per": 43.775530098064834}, "vd": {"per": 12.940000140172309}, "vs": {"per": 25.675815380647386}, "ne": {"per": 8.6258865076055}, "ge": {"per": 19.756015460890985}, "ju": {"per": 44.443994317000005}, "gl": {"per": -20.849172672771232}, "ow": {"per": 26.64}, "nw": {"per": 25.26}, "ai": {"per": 28.96}}