{"ch": {"per": 9.885793598100655}, "zh": {"per": 7.741833952266788}, "be": {"per": 2.187029617825118}, "lu": {"per": 11.60762522606283}, "ur": {"per": 25.13}, "sz": {"per": 11.198184143266172}, "zg": {"per": 16.873511045120004}, "fr": {"per": 25.243438956700203}, "so": {"per": 6.017907272212177}, "bs": {"per": 14.353946887850313}, "bl": {"per": 14.416198944050514}, "sh": {"per": 2.573061869713854}, "ar": {"per": 39.8}, "sg": {"per": 8.028349244711194}, "gr": {"per": 14.711157914992672}, "ag": {"per": 0.004904127218381404}, "tg": {"per": 6.457235653539847}, "ti": {"per": 19.3828800512237}, "vd": {"per": 9.620000140172309}, "vs": {"per": 24.645815380647385}, "ne": {"per": 3.9758865076055017}, "ge": {"per": 14.566015460890988}, "ju": {"per": 40.56399431700001}, "gl": {"per": -21.99917267277123}, "ow": {"per": 25.18}, "nw": {"per": 22.4}, "ai": {"per": 30.24}}