{"ch": {"per": -12.188149181026247}, "zh": {"per": -11.700000000000003}, "be": {"per": -14.790000000000006}, "lu": {"per": -15.38000000000001}, "ur": {"per": -18.659999999999997}, "sz": {"per": -22.33}, "zg": {"per": -15.930000000000007}, "fr": {"per": -14.260000000000005}, "so": {"per": -18.53}, "bs": {"per": -6.689999999999998}, "bl": {"per": -11.290000000000006}, "sh": {"per": -17.209999999999994}, "ar": {"per": -14.519999999999996}, "sg": {"per": -11.629999999999995}, "gr": {"per": -14.049999999999997}, "ag": {"per": -18.549999999999997}, "tg": {"per": -15.450000000000003}, "ti": {"per": 12.325419547552656}, "vd": {"per": -12.099999999999994}, "vs": {"per": -16.040000000000006}, "ne": {"per": -11.189999999999998}, "ge": {"per": -7.280000000000001}, "ju": {"per": -11.400000000000006}, "gl": {"per": -16.89}, "ow": {"per": -20.849999999999994}, "nw": {"per": -18.65000000000002}, "ai": {"per": -16.950000000000003}}