{"ch": {"per": -19.9516214366179}, "zh": {"per": -13.041046259637767}, "be": {"per": -31.97255759469992}, "lu": {"per": -17.941912068354796}, "ur": {"per": -24.89}, "sz": {"per": -26.230000000000004}, "zg": {"per": -19.310000000000002}, "fr": {"per": -11.297076379942922}, "so": {"per": -44.43}, "bs": {"per": -13.548593161572427}, "bl": {"per": -23.754706864977408}, "sh": {"per": -32.05200470827647}, "ar": {"per": -26.069999999999993}, "sg": {"per": -16.1513472135385}, "gr": {"per": -22.260000000000005}, "ag": {"per": -20.36795969176076}, "tg": {"per": -21.57829473491826}, "ti": {"per": -11.680000000000007}, "vd": {"per": -5.30044118587233}, "vs": {"per": -13.349999999999994}, "ne": {"per": -6.558345471381358}, "ge": {"per": -4.3298942298875716}, "ju": {"per": -11.010000000000005}, "gl": {"per": -28.36}, "ow": {"per": -27.64}, "nw": {"per": -21.950000000000017}, "ai": {"per": -26.209999999999994}}