{"ch": {"per": -17.04314550848062}, "zh": {"per": -14.849999999999994}, "be": {"per": -18.069990258564033}, "lu": {"per": -19.640000000000015}, "ur": {"per": -17.849999999999994}, "sz": {"per": -24.42}, "zg": {"per": -19.629999999999995}, "fr": {"per": -28.010000000000005}, "so": {"per": -24.489999999999995}, "bs": {"per": -20.96555860388247}, "bl": {"per": -22.900000000000006}, "sh": {"per": -17.75}, "ar": {"per": -19.659999999999997}, "sg": {"per": -18.269999999999996}, "gr": {"per": -16.47}, "ag": {"per": -19.870000000000005}, "tg": {"per": -18.870000000000005}, "ti": {"per": -0.5291608348575494}, "vd": {"per": -14.382082675618562}, "vs": {"per": -20.989999999999995}, "ne": {"per": -18.526772881466215}, "ge": {"per": -12.454666034300558}, "ju": {"per": -25.269999999999996}, "gl": {"per": -15.909999999999997}, "ow": {"per": -18.090000000000003}, "nw": {"per": -19.37000000000002}, "ai": {"per": -18.849999999999994}}