{"ch": {"per": -26.707575228035495}, "zh": {"per": -19.355791679510077}, "be": {"per": -20.809461083406376}, "lu": {"per": -29.351239499550815}, "ur": {"per": -30.150000000000006}, "sz": {"per": -47.52}, "zg": {"per": -30.499999999999986}, "fr": {"per": -31.01707637994292}, "so": {"per": -35.78}, "bs": {"per": -24.183230886694304}, "bl": {"per": -20.37414047250674}, "sh": {"per": -34.25}, "ar": {"per": -36.99}, "sg": {"per": -30.0335678999421}, "gr": {"per": -35.81}, "ag": {"per": -30.526497139476405}, "tg": {"per": -30.98676986582467}, "ti": {"per": -21.906511869736512}, "vd": {"per": -25.386126310589887}, "vs": {"per": -56.27}, "ne": {"per": -21.866628245239653}, "ge": {"per": -27.380317459608257}, "ju": {"per": -39.98}, "gl": {"per": -35.599999999999994}, "ow": {"per": -33.39}, "nw": {"per": -28.97}, "ai": {"per": -39.19}}