{"ch": {"per": -33.16634467508826}, "zh": {"per": -25.222659990790504}, "be": {"per": -27.984199713527204}, "lu": {"per": -38.591912068354816}, "ur": {"per": -36.93}, "sz": {"per": -55.09}, "zg": {"per": -37.54999999999998}, "fr": {"per": -38.007076379942916}, "so": {"per": -42.49}, "bs": {"per": -27.15679022022364}, "bl": {"per": -26.5147068649774}, "sh": {"per": -41.15}, "ar": {"per": -43.93}, "sg": {"per": -35.90134721353849}, "gr": {"per": -39.96}, "ag": {"per": -38.10000616380756}, "tg": {"per": -37.10829473491825}, "ti": {"per": -25.779160834857542}, "vd": {"per": -33.132523861490874}, "vs": {"per": -61.03}, "ne": {"per": -32.51511835284759}, "ge": {"per": -31.994560264188117}, "ju": {"per": -45.33}, "gl": {"per": -39.48}, "ow": {"per": -41.34}, "nw": {"per": -36.52}, "ai": {"per": -47.04}}