{"ch": {"per": -13.11889783367685}, "zh": {"per": -18.741109178786722}, "be": {"per": -24.408025225467405}, "lu": {"per": 0.5195372944176384}, "ur": {"per": 26.03}, "sz": {"per": -3.2318158567338315}, "zg": {"per": 3.223511045120002}, "fr": {"per": -6.7894846633568875}, "so": {"per": -13.654113640233188}, "bs": {"per": -19.555420581960583}, "bl": {"per": -22.867774823760076}, "sh": {"per": -19.78493342200969}, "ar": {"per": 30.24}, "sg": {"per": -8.90030354175033}, "gr": {"per": 1.8311579149926622}, "ag": {"per": -21.60456153478521}, "tg": {"per": -13.028595953625459}, "ti": {"per": 18.528299598776368}, "vd": {"per": -21.98955867395537}, "vs": {"per": -2.4041846193526197}, "ne": {"per": -31.595768021013132}, "ge": {"per": -18.084090309221445}, "ju": {"per": -9.546005683}, "gl": {"per": -30.48917267277123}, "ow": {"per": 20.97}, "nw": {"per": 20.38}, "ai": {"per": 20.82}}