{"ch": {"per": -21.733506909328113}, "zh": {"per": -18.108386268847255}, "be": {"per": -18.618348139736753}, "lu": {"per": -27.39}, "ur": {"per": -21.840000000000003}, "sz": {"per": -41.42}, "zg": {"per": -25.400000000000006}, "fr": {"per": -44.03}, "so": {"per": -29.560000000000002}, "bs": {"per": 3.067597580141637}, "bl": {"per": -18.930000000000007}, "sh": {"per": -28.162004708276456}, "ar": {"per": -27.879999999999995}, "sg": {"per": -25.560000000000002}, "gr": {"per": -17.919999999999987}, "ag": {"per": -30.397953527953177}, "tg": {"per": -28.17}, "ti": {"per": 6.965419547552671}, "vd": {"per": -30.172343365727826}, "vs": {"per": -45.72448678811178}, "ne": {"per": -18.934062528213524}, "ge": {"per": -13.84450648046154}, "ju": {"per": -41.65}, "gl": {"per": -27.52000000000001}, "ow": {"per": -40.02}, "nw": {"per": -24.890000000000015}, "ai": {"per": -29.269999999999996}}