{"ch": {"per": 14.642679896312892}, "zh": {"per": 8.100504552366033}, "be": {"per": 3.463626634795851}, "lu": {"per": 38.08953729441764}, "ur": {"per": 87.54}, "sz": {"per": 34.948184143266175}, "zg": {"per": 39.20351104512001}, "fr": {"per": 11.780515336643116}, "so": {"per": 18.395886359766813}, "bs": {"per": 5.57721787280812}, "bl": {"per": 2.982225176239929}, "sh": {"per": 14.863061869713846}, "ar": {"per": 60.24}, "sg": {"per": 19.559696458249675}, "gr": {"per": 34.13115791499267}, "ag": {"per": 6.387484937261604}, "tg": {"per": 15.241404046374548}, "ti": {"per": 54.38829959877637}, "vd": {"per": -4.229558673955367}, "vs": {"per": 9.465815380647385}, "ne": {"per": -12.335768021013138}, "ge": {"per": -2.424090309221448}, "ju": {"per": 15.963994316999994}, "gl": {"per": 3.890827327228777}, "ow": {"per": 52.08}, "nw": {"per": 60.21}, "ai": {"per": 62.03}}