{"ch": {"per": -25.948242717344463}, "zh": {"per": -18.59837706231697}, "be": {"per": -6.281386348851001}, "lu": {"per": -48.6919120683548}, "ur": {"per": -59.58}, "sz": {"per": -53.79442455244679}, "zg": {"per": -52.319999999999986}, "fr": {"per": -31.904280162178196}, "so": {"per": -55.44}, "bs": {"per": -14.32917725709315}, "bl": {"per": -22.556089342485947}, "sh": {"per": -32.731213124423974}, "ar": {"per": -63.02}, "sg": {"per": -55.22134721353849}, "gr": {"per": -23.624481748315084}, "ag": {"per": -30.464852905493174}, "tg": {"per": -33.21846980225309}, "ti": {"per": -11.13943866164729}, "vd": {"per": -12.71368092503294}, "vs": {"per": -41.88448678811177}, "ne": {"per": -7.532407999594881}, "ge": {"per": -4.796159972093605}, "ju": {"per": -35.97}, "gl": {"per": -14.17917267277123}, "ow": {"per": -55.45}, "nw": {"per": -54.46}, "ai": {"per": -70.44}}