{"ch": {"per": -36.676303586507224}, "zh": {"per": -23.398377062316975}, "be": {"per": -14.101376607415041}, "lu": {"per": -58.1519120683548}, "ur": {"per": -68.42}, "sz": {"per": -61.714424552446786}, "zg": {"per": -56.59999999999999}, "fr": {"per": -38.804280162178195}, "so": {"per": -59.89}, "bs": {"per": -41.669694986348574}, "bl": {"per": -30.07608934248595}, "sh": {"per": -41.731213124423974}, "ar": {"per": -67.65}, "sg": {"per": -61.491347213538496}, "gr": {"per": -38.364481748315086}, "ag": {"per": -34.034852905493175}, "tg": {"per": -37.97846980225309}, "ti": {"per": -38.75401904405749}, "vd": {"per": -31.343420234923663}, "vs": {"per": -60.579999999999984}, "ne": {"per": -35.455118352847585}, "ge": {"per": -33.096319525932614}, "ju": {"per": -47.61}, "gl": {"per": -23.489172672771232}, "ow": {"per": -65.53999999999999}, "nw": {"per": -65.13}, "ai": {"per": -75.3}}