{"ch": {"per": -27.494954458594478}, "zh": {"per": -16.015679770292124}, "be": {"per": -22.097538865951748}, "lu": {"per": -35.6619120683548}, "ur": {"per": -37.57}, "sz": {"per": -44.54}, "zg": {"per": -37.09}, "fr": {"per": -42.997076379942904}, "so": {"per": -39.30545299907032}, "bs": {"per": -16.030611497042145}, "bl": {"per": -24.044706864977385}, "sh": {"per": -32.739999999999995}, "ar": {"per": -35.91}, "sg": {"per": -22.395691870466095}, "gr": {"per": -29.499999999999986}, "ag": {"per": -27.31334731733829}, "tg": {"per": -32.29541630145604}, "ti": {"per": -41.793354936276145}, "vd": {"per": -24.51085008428359}, "vs": {"per": -49.85}, "ne": {"per": -33.42511835284758}, "ge": {"per": -22.05456026418811}, "ju": {"per": -46.44}, "gl": {"per": -37.69}, "ow": {"per": -38.02}, "nw": {"per": -37.04}, "ai": {"per": -42.81}}