{"ch": {"per": -39.97156283791869}, "zh": {"per": -35.61241126985677}, "be": {"per": -33.74903199714131}, "lu": {"per": -48.2219120683548}, "ur": {"per": -50.23}, "sz": {"per": -61.96}, "zg": {"per": -45.75}, "fr": {"per": -46.9370763799429}, "so": {"per": -50.37}, "bs": {"per": -32.5218827567544}, "bl": {"per": -31.904706864977392}, "sh": {"per": -49.62}, "ar": {"per": -50.38}, "sg": {"per": -46.77134721353848}, "gr": {"per": -37.889999999999986}, "ag": {"per": -47.115831949925926}, "tg": {"per": -51.628294734918256}, "ti": {"per": -24.934580452447335}, "vd": {"per": -37.490441185872314}, "vs": {"per": -55.66}, "ne": {"per": -37.05834547138135}, "ge": {"per": -32.11989422988759}, "ju": {"per": -38.53}, "gl": {"per": -52.37}, "ow": {"per": -45.21}, "nw": {"per": -50.26}, "ai": {"per": -58.5}}