{"ch": {"per": -24.660829077339123}, "zh": {"per": -22.050504552366018}, "be": {"per": -17.103626634795837}, "lu": {"per": -33.459537294417636}, "ur": {"per": -61.54}, "sz": {"per": -43.54818414326616}, "zg": {"per": -44.84351104512002}, "fr": {"per": -20.840515336643108}, "so": {"per": -36.9358863597668}, "bs": {"per": -20.607217872808125}, "bl": {"per": -22.742225176239938}, "sh": {"per": -23.873061869713858}, "ar": {"per": -66.37}, "sg": {"per": -30.08969645824967}, "gr": {"per": -42.02115791499266}, "ag": {"per": -27.75748493726161}, "tg": {"per": -19.231404046374543}, "ti": {"per": -30.51288005122371}, "vd": {"per": -1.7704413260446472}, "vs": {"per": -41.75581538064738}, "ne": {"per": -6.624231978986863}, "ge": {"per": -2.365909690778551}, "ju": {"per": -13.563994317000002}, "gl": {"per": -15.360827327228773}, "ow": {"per": -64.27000000000001}, "nw": {"per": -64.57}, "ai": {"per": -58.75}}