{"ch": {"per": -1.0332515051184359}, "zh": {"per": -2.101185827234822}, "be": {"per": -8.286309534599408}, "lu": {"per": 3.257625226062828}, "ur": {"per": 23.83}, "sz": {"per": -0.4118158567338277}, "zg": {"per": 2.2235110451200057}, "fr": {"per": 4.983438956700201}, "so": {"per": -3.157545726858146}, "bs": {"per": -0.36987438896821345}, "bl": {"per": -8.143801055949481}, "sh": {"per": -8.796938130286158}, "ar": {"per": 18.86}, "sg": {"per": 0.6540045877835752}, "gr": {"per": 0.63115791499267}, "ag": {"per": -5.0784370263123435}, "tg": {"per": -5.329885912997934}, "ti": {"per": 30.365530098064827}, "vd": {"per": -5.968326082620408}, "vs": {"per": 7.565815380647383}, "ne": {"per": -8.094113492394499}, "ge": {"per": -5.9439845391090245}, "ju": {"per": 12.273994316999996}, "gl": {"per": -32.89917267277123}, "ow": {"per": 17.44}, "nw": {"per": 20.84}, "ai": {"per": 14.67}}