{"ch": {"per": -49.42136325821437}, "zh": {"per": -48.07369623266129}, "be": {"per": -47.96567570956504}, "lu": {"per": -54.201239499550816}, "ur": {"per": -67.12}, "sz": {"per": -64.56}, "zg": {"per": -53.58}, "fr": {"per": -44.4470763799429}, "so": {"per": -62.9}, "bs": {"per": -53.27107948808664}, "bl": {"per": -47.19414047250674}, "sh": {"per": -60.88}, "ar": {"per": -61.44}, "sg": {"per": -55.8335678999421}, "gr": {"per": -54.86}, "ag": {"per": -53.80712287760067}, "tg": {"per": -61.36676986582465}, "ti": {"per": -42.63}, "vd": {"per": -35.67751064416062}, "vs": {"per": -33.48999999999998}, "ne": {"per": -40.158400472513556}, "ge": {"per": -38.287786297795556}, "ju": {"per": -48.76}, "gl": {"per": -61.98999999999999}, "ow": {"per": -61.01}, "nw": {"per": -57.22}, "ai": {"per": -61.58}}