{"ch": {"per": -20.390446192712346}, "zh": {"per": -16.92688731259429}, "be": {"per": -20.201359587253947}, "lu": {"per": -26.21500084068434}, "ur": {"per": -35.00999999999999}, "sz": {"per": -30.436149970409517}, "nw": {"per": -31.260000000000005}, "zg": {"per": -27.42}, "fr": {"per": -22.231264768139596}, "so": {"per": -22.76997037823611}, "bs": {"per": -11.047645447935707}, "bl": {"per": -9.90420133567737}, "sh": {"per": -24.150000000000006}, "ar": {"per": -30.950000000000003}, "sg": {"per": -25.01456669905643}, "gr": {"per": -31.720000000000013}, "ag": {"per": -23.02963438606939}, "tg": {"per": -24.62613414724052}, "ti": {"per": -15.870000000000005}, "vd": {"per": -15.374410246462404}, "vs": {"per": -24.629999999999995}, "ne": {"per": -14.992925494459243}, "ge": {"per": -11.384694717865997}, "ju": {"per": -19.489999999999995}, "gl": {"per": -23.290000000000006}, "ow": {"per": -30.620000000000005}, "ai": {"per": -28.730000000000004}}