{"ch": {"per": -19.200000000000003}, "zh": {"per": -12.75}, "be": {"per": -17.340000000000003}, "lu": {"per": -22.14}, "ur": {"per": -30.56999999999998}, "sz": {"per": -35.41}, "nw": {"per": -23.400000000000006}, "zg": {"per": -19.909999999999997}, "fr": {"per": -25.72}, "so": {"per": -21.61}, "bs": {"per": -13.549999999999997}, "bl": {"per": -16.799999999999997}, "sh": {"per": -22.22}, "ar": {"per": -21.5}, "sg": {"per": -18.060000000000002}, "gr": {"per": -22.88000000000001}, "ag": {"per": -23.769999999999996}, "tg": {"per": -23.730000000000004}, "ti": {"per": -24.930000000000007}, "vd": {"per": -16.400000000000006}, "vs": {"per": -32.41}, "ne": {"per": -20.78}, "ge": {"per": -9.430000000000007}, "ju": {"per": -27.450000000000003}, "gl": {"per": -20.980000000000004}, "ow": {"per": -26.14}, "ai": {"per": -24.510000000000005}}