{"ch": {"per": -22.409999999999997}, "zh": {"per": -16.549999999999997}, "be": {"per": -21.200000000000003}, "lu": {"per": -25.64}, "ur": {"per": -29.26000000000002}, "sz": {"per": -34.94}, "nw": {"per": -28.0}, "zg": {"per": -22.11999999999999}, "fr": {"per": -28.97}, "so": {"per": -26.370000000000005}, "bs": {"per": -12.569999999999993}, "bl": {"per": -18.540000000000006}, "sh": {"per": -20.530000000000015}, "ar": {"per": -24.340000000000003}, "sg": {"per": -23.39999999999999}, "gr": {"per": -18.760000000000005}, "ag": {"per": -25.930000000000007}, "tg": {"per": -30.349999999999994}, "ti": {"per": -18.510000000000005}, "vd": {"per": -33.02000000000001}, "vs": {"per": -33.769999999999996}, "ne": {"per": -23.53}, "ge": {"per": -14.519999999999996}, "ju": {"per": -29.790000000000006}, "gl": {"per": -21.28}, "ow": {"per": -32.849999999999994}, "ai": {"per": -30.819999999999993}}