{"ch": {"per": -8.549408898873637}, "zh": {"per": -5.996994586687684}, "be": {"per": -15.676454893889705}, "lu": {"per": -8.32744546446856}, "ur": {"per": -79.36}, "sz": {"per": -12.471222333528502}, "nw": {"per": -26.103058026293006}, "zg": {"per": -6.161668381579517}, "fr": {"per": -9.610891849434417}, "so": {"per": -5.7897994779920765}, "bs": {"per": 5.37062563280832}, "bl": {"per": 2.59706723092404}, "sh": {"per": -20.5908035865624}, "ar": {"per": -24.532875817015942}, "sg": {"per": 8.040064288400014}, "gr": {"per": -11.089100416061264}, "ag": {"per": -6.291940247748805}, "tg": {"per": -8.872939774710787}, "ti": {"per": -11.082330412463996}, "vd": {"per": -19.865633889861563}, "vs": {"per": -3.262412178926354}, "ne": {"per": -30.526971047916934}, "ge": {"per": -1.2667200667218914}, "ju": {"per": -16.146416206}, "gl": {"per": 39.12}, "ow": {"per": 30.06}, "ai": {"per": 42.06}}