{"ch": {"per": 20.105220531347065}, "zh": {"per": 19.196344882451807}, "be": {"per": 15.254670936055167}, "lu": {"per": 24.26500084068434}, "ur": {"per": 30.23}, "sz": {"per": 26.24614997040952}, "nw": {"per": 28.65}, "zg": {"per": 22.67}, "fr": {"per": 19.801264768139585}, "so": {"per": 24.86997037823612}, "bs": {"per": 19.36764544793572}, "bl": {"per": 13.792161060592443}, "sh": {"per": 27.77}, "ar": {"per": 25.46}, "sg": {"per": 25.104748906307464}, "gr": {"per": 25.91}, "ag": {"per": 19.56251747879974}, "tg": {"per": 24.706134147240522}, "ti": {"per": 19.844938507954733}, "vd": {"per": 15.466439294384266}, "vs": {"per": 27.48}, "ne": {"per": 18.632769395108994}, "ge": {"per": 17.034694717865996}, "ju": {"per": 21.3}, "gl": {"per": 25.99}, "ow": {"per": 25.7}, "ai": {"per": 22.59}}