{"ch": {"per": -8.355523407783263}, "zh": {"per": -8.836450595473462}, "be": {"per": -11.56344671119805}, "lu": {"per": -1.4302588812114934}, "ur": {"per": 10.76}, "sz": {"per": -5.810674275815831}, "nw": {"per": 10.06}, "zg": {"per": -3.267234363073978}, "fr": {"per": -3.601365994995586}, "so": {"per": -15.691982741541068}, "bs": {"per": -13.28071468063888}, "bl": {"per": -12.758318501424803}, "sh": {"per": -23.139196413437595}, "ar": {"per": -6.888888888709371}, "sg": {"per": -6.211736899777449}, "gr": {"per": -0.704482142756742}, "ag": {"per": -13.056350806888698}, "tg": {"per": -15.891795578400368}, "ti": {"per": 12.494520256301982}, "vd": {"per": -12.578410449863966}, "vs": {"per": 2.539858229981231}, "ne": {"per": -15.305798347192056}, "ge": {"per": -11.940779772424847}, "ju": {"per": -6.332642533999998}, "gl": {"per": -85.11}, "ow": {"per": 12.91}, "ai": {"per": 14.19}}