{"ch": {"per": -16.162900347777224}, "zh": {"per": -13.809999999999988}, "be": {"per": -14.939999999999998}, "lu": {"per": -17.489999999999995}, "ur": {"per": -27.599999999999994}, "sz": {"per": -26.760000000000005}, "nw": {"per": -16.349999999999994}, "zg": {"per": -15.939999999999998}, "fr": {"per": -17.958612963308966}, "so": {"per": -21.120000000000005}, "bs": {"per": -11.771929121886743}, "bl": {"per": -14.769999999999996}, "sh": {"per": -17.319999999999993}, "ar": {"per": -15.950000000000003}, "sg": {"per": -15.290000000000006}, "gr": {"per": -19.459999999999994}, "ag": {"per": -17.019999999999996}, "tg": {"per": -17.519999999999996}, "ti": {"per": -17.814273786821687}, "vd": {"per": -7.244460417203996}, "vs": {"per": -38.12950474829915}, "ne": {"per": -20.434567795159012}, "ge": {"per": 0.3185481142405564}, "ju": {"per": -20.400000000000006}, "gl": {"per": -15.079999999999998}, "ow": {"per": -19.64}, "ai": {"per": -15.700000000000003}}