{"ch": {"per": 5.136134675357102}, "zh": {"per": -6.541330911327375}, "be": {"per": -9.46785739767833}, "lu": {"per": 15.60327850348747}, "ur": {"per": 30.87}, "sz": {"per": 7.430556283782266}, "nw": {"per": 29.15}, "zg": {"per": 9.341062395407171}, "fr": {"per": 20.75757922565274}, "so": {"per": 15.641401500811833}, "bs": {"per": -5.537227221442233}, "bl": {"per": -3.6500204524572837}, "sh": {"per": 7.191869836784193}, "ar": {"per": 7.629803921739946}, "sg": {"per": 18.67405505750103}, "gr": {"per": -1.1044898421572498}, "ag": {"per": 0.20635279835941134}, "tg": {"per": -1.7008881113668437}, "ti": {"per": 38.81417072375397}, "vd": {"per": 5.088326357493013}, "vs": {"per": 42.556863099097775}, "ne": {"per": -3.249040732046147}, "ge": {"per": -3.131463895492491}, "ju": {"per": 25.48}, "gl": {"per": 32.99}, "ow": {"per": 27.39}, "ai": {"per": 34.31}}