{"ch": {"per": 1.4321816614449858}, "zh": {"per": 6.836450595473451}, "be": {"per": 6.3634467111980655}, "lu": {"per": -4.439741118788518}, "ur": {"per": -34.27999999999999}, "sz": {"per": -7.049325724184158}, "nw": {"per": -23.08999999999999}, "zg": {"per": -1.2627656369260194}, "fr": {"per": -5.307382500778914}, "so": {"per": 1.5919827415410595}, "bs": {"per": 17.370224275622824}, "bl": {"per": 12.708318501424799}, "sh": {"per": 14.109196413437601}, "ar": {"per": -2.8111111112906286}, "sg": {"per": 1.4917368997774503}, "gr": {"per": 0.9644821427567507}, "ag": {"per": 3.4963508068886995}, "tg": {"per": 6.791795578400368}, "ti": {"per": 0.5035641924178833}, "vd": {"per": -6.3278874986215925}, "vs": {"per": -26.53664041660248}, "ne": {"per": -8.658902125734997}, "ge": {"per": 5.252907864438498}, "ju": {"per": -15.627357466}, "gl": {"per": 78.02}, "ow": {"per": -25.959999999999994}, "ai": {"per": -19.0}}