{"ch": {"per": -5.301277568616165}, "zh": {"per": -9.567545357055437}, "be": {"per": -9.47957632899135}, "lu": {"per": 12.904741959472847}, "ur": {"per": 36.59}, "sz": {"per": 11.065475694593683}, "nw": {"per": 33.98}, "zg": {"per": 15.67276563692602}, "fr": {"per": -4.243586718480572}, "so": {"per": -3.248592300974721}, "bs": {"per": -26.013772214294058}, "bl": {"per": -24.608240334213306}, "sh": {"per": -5.949196413437605}, "ar": {"per": 19.761111111290624}, "sg": {"per": 4.176181038218871}, "gr": {"per": 15.604478222642026}, "ag": {"per": -8.350555893710514}, "tg": {"per": -1.8071991864628103}, "ti": {"per": 17.549534001015722}, "vd": {"per": -21.057372945954096}, "vs": {"per": -2.373359583397537}, "ne": {"per": -22.174285171244982}, "ge": {"per": -23.064047748594945}, "ju": {"per": -4.802642533999997}, "gl": {"per": -61.29}, "ow": {"per": 35.31}, "ai": {"per": 37.17}}