{"ch": {"per": 9.704578357962841}, "zh": {"per": 13.250119768315377}, "be": {"per": 9.381090782474995}, "lu": {"per": 7.648066095523092}, "ur": {"per": 24.16}, "sz": {"per": 14.778367346898454}, "nw": {"per": 15.12}, "zg": {"per": 20.46}, "fr": {"per": 9.670982706470411}, "so": {"per": 14.535998174123163}, "bs": {"per": 7.476872772161169}, "bl": {"per": -6.448386929839966}, "sh": {"per": 24.27}, "ar": {"per": 21.94}, "sg": {"per": 14.494646808631522}, "gr": {"per": 20.327810913180336}, "ag": {"per": 8.649963893279043}, "tg": {"per": -1.6385388933211829}, "ti": {"per": 9.495084289562715}, "vd": {"per": 3.659902996699966}, "vs": {"per": 12.219955063977318}, "ne": {"per": 0.0768934627064084}, "ge": {"per": 5.925754440680308}, "ju": {"per": 16.35}, "ow": {"per": 12.29}, "ai": {"per": 13.45}}