{"ch": {"per": -16.67986979740654}, "zh": {"per": -3.476746251081721}, "be": {"per": 0.8007997113752054}, "lu": {"per": -20.393278503487466}, "ur": {"per": -30.909999999999997}, "sz": {"per": -24.160556283782256}, "nw": {"per": -44.64}, "zg": {"per": -14.661062395407171}, "fr": {"per": -31.677579225652735}, "so": {"per": -29.611401500811823}, "bs": {"per": -17.29764544793572}, "bl": {"per": -7.602019822627639}, "sh": {"per": -20.161869836784184}, "ar": {"per": -25.529803921739948}, "sg": {"per": -31.263872850250003}, "gr": {"per": -5.605510157842758}, "ag": {"per": -18.23346970562907}, "tg": {"per": -15.769111888633162}, "ti": {"per": -24.554170723753984}, "vd": {"per": -26.30343098728155}, "vs": {"per": -26.519999999999982}, "ne": {"per": -38.90292549445925}, "ge": {"per": -19.194694717866}, "ju": {"per": -39.01}, "gl": {"per": -46.01}, "ow": {"per": -51.07}, "ai": {"per": -61.61}}