{"ch": {"per": -17.13044619271234}, "zh": {"per": -13.806887312594299}, "be": {"per": -12.86135958725393}, "lu": {"per": -19.055000840684357}, "ur": {"per": -27.349999999999994}, "sz": {"per": -28.896149970409525}, "nw": {"per": -28.340000000000003}, "zg": {"per": -17.090000000000003}, "fr": {"per": -22.3512647681396}, "so": {"per": -19.87997037823611}, "bs": {"per": -6.187645447935722}, "bl": {"per": -3.584201335677349}, "sh": {"per": -23.480000000000004}, "ar": {"per": -24.14}, "sg": {"per": -19.994566699056435}, "gr": {"per": -20.22}, "ag": {"per": -19.139634386069403}, "tg": {"per": -27.446134147240514}, "ti": {"per": -16.189999999999998}, "vd": {"per": -20.48441024646239}, "vs": {"per": -28.639999999999986}, "ne": {"per": -23.26292549445924}, "ge": {"per": -6.354694717865996}, "ju": {"per": -28.08}, "gl": {"per": -23.430000000000007}, "ow": {"per": -28.379999999999995}, "ai": {"per": -25.569999999999993}}