{"ch": {"per": -5.164908799178857}, "zh": {"per": 0.313549404526551}, "be": {"per": -6.873446711198046}, "lu": {"per": 3.939741118788504}, "ur": {"per": 27.48}, "sz": {"per": 5.659325724184164}, "nw": {"per": 25.0}, "zg": {"per": 6.832765636926023}, "fr": {"per": -6.871365994995582}, "so": {"per": -5.8319827415410685}, "bs": {"per": -13.570714680638872}, "bl": {"per": -7.728318501424802}, "sh": {"per": -8.639196413437595}, "ar": {"per": 0.4411111112906312}, "sg": {"per": 1.82826310022255}, "gr": {"per": 2.725517857243254}, "ag": {"per": -2.596350806888708}, "tg": {"per": -6.081795578400364}, "ti": {"per": -6.2336936057605605}, "vd": {"per": -24.16841044986396}, "vs": {"per": -1.7601417700187696}, "ne": {"per": -27.575798347192062}, "ge": {"per": -25.730779772424853}, "ju": {"per": -15.042642533999999}, "gl": {"per": -74.93}, "ow": {"per": 24.95}, "ai": {"per": 18.19}}