{"ch": {"per": -31.206102940838583}, "zh": {"per": -22.057909695457184}, "be": {"per": -28.12625094848555}, "lu": {"per": -33.92678664784525}, "ur": {"per": -37.55}, "sz": {"per": -36.61614997040953}, "nw": {"per": -41.09}, "zg": {"per": -30.680000000000007}, "fr": {"per": -47.75529680778339}, "so": {"per": -34.4161180599281}, "bs": {"per": -24.10019755732874}, "bl": {"per": -19.255974291321806}, "sh": {"per": -28.049999999999997}, "ar": {"per": -35.91}, "sg": {"per": -34.2943415904033}, "gr": {"per": -30.930000000000007}, "ag": {"per": -29.961956028295802}, "tg": {"per": -35.30948625044952}, "ti": {"per": -38.04420593916926}, "vd": {"per": -32.951698179669826}, "vs": {"per": -43.28819388823295}, "ne": {"per": -41.073335992135654}, "ge": {"per": -28.422275357189925}, "ju": {"per": -64.75999999999999}, "gl": {"per": -33.879999999999995}, "ow": {"per": -37.88}, "ai": {"per": -36.6}}