{"ch": {"per": -5.867087394277398}, "zh": {"per": -1.0929970730870693}, "be": {"per": 2.1528876777925774}, "lu": {"per": -17.204741959472848}, "ur": {"per": -49.91}, "sz": {"per": -18.895475694593678}, "nw": {"per": -46.23}, "zg": {"per": -19.162765636926018}, "fr": {"per": -8.309898773143999}, "so": {"per": -9.78140769902528}, "bs": {"per": 9.673886746717265}, "bl": {"per": 2.51620005912838}, "sh": {"per": -11.260803586562403}, "ar": {"per": -31.671111111290628}, "sg": {"per": -12.18599883096784}, "gr": {"per": -22.184478222642028}, "ag": {"per": -3.87656101355914}, "tg": {"per": -10.682800813537185}, "ti": {"per": -14.504520256301987}, "vd": {"per": 8.54400020340156}, "vs": {"per": -14.799858229981226}, "ne": {"per": 2.5528728527328184}, "ge": {"per": 11.866085054558859}, "ju": {"per": -9.337357466}, "gl": {"per": 48.26}, "ow": {"per": -45.19}, "ai": {"per": -60.31}}