{"ch": {"per": 9.515484009708647}, "zh": {"per": -3.1201648018517716}, "be": {"per": -7.248142240322121}, "lu": {"per": 11.333047496838631}, "sz": {"per": -1.9523108581324458}, "nw": {"per": 29.18}, "zg": {"per": 6.0039714297918465}, "fr": {"per": 20.002632178418043}, "so": {"per": 17.017165274217522}, "bs": {"per": 34.12}, "bl": {"per": 17.39125436907058}, "sh": {"per": -9.318672795713393}, "ar": {"per": -9.172612518393144}, "sg": {"per": 20.45086114081823}, "gr": {"per": -3.990547758594822}, "ag": {"per": 2.479671104795038}, "tg": {"per": -9.900507391545833}, "ti": {"per": 32.52450962318687}, "vd": {"per": 25.678998442894063}, "vs": {"per": 26.98}, "ne": {"per": 30.75}, "ge": {"per": 25.68}, "ju": {"per": 22.43}, "gl": {"per": 24.75}, "ow": {"per": 26.81}, "ai": {"per": 29.92}}