{"ch": {"per": -18.018526228605182}, "zh": {"per": -9.946885028030735}, "be": {"per": -6.6085850772698365}, "lu": {"per": -29.57755537621579}, "ur": {"per": 22.07}, "sz": {"per": -29.054927636881022}, "nw": {"per": -17.716941973706984}, "zg": {"per": -22.728331618420487}, "fr": {"per": -15.120372918705158}, "so": {"per": -32.01017090024405}, "bs": {"per": -35.53314375012199}, "bl": {"per": -19.649228291516486}, "sh": {"per": -11.619196413437596}, "ar": {"per": -12.267124182984055}, "sg": {"per": -43.26481319470747}, "gr": {"per": -24.730899583938744}, "ag": {"per": -26.020577231050943}, "tg": {"per": -24.60319437252974}, "ti": {"per": -5.155561548549514}, "vd": {"per": 1.8720609177668806}, "vs": {"per": -26.850724721975872}, "ne": {"per": -5.647608474347194}, "ge": {"per": -9.114133264502598}, "ju": {"per": -0.19358379400000558}, "gl": {"per": -79.49}, "ow": {"per": -75.35}, "ai": {"per": -85.95}}