{"ch": {"per": -13.64}, "zh": {"per": -10.199999999999989}, "be": {"per": -11.61}, "lu": {"per": -15.029999999999987}, "ur": {"per": -26.39}, "sz": {"per": -22.819999999999993}, "nw": {"per": -13.0}, "zg": {"per": -15.349999999999994}, "fr": {"per": -12.620000000000005}, "so": {"per": -17.230000000000004}, "bs": {"per": -8.310000000000002}, "bl": {"per": -11.149999999999991}, "sh": {"per": -16.209999999999994}, "ar": {"per": -15.780000000000001}, "sg": {"per": -13.219999999999999}, "gr": {"per": -17.870000000000005}, "ag": {"per": -17.769999999999996}, "tg": {"per": -16.680000000000007}, "ti": {"per": -9.989999999999995}, "vd": {"per": -12.810000000000002}, "vs": {"per": -29.39}, "ne": {"per": -14.370000000000019}, "ge": {"per": -7.719999999999999}, "ju": {"per": -17.730000000000004}, "gl": {"per": -16.200000000000003}, "ai": {"per": -19.680000000000007}}