{"ch": {"per": 3.477578126489963}, "zh": {"per": -4.422546557038309}, "be": {"per": -7.642399969444579}, "lu": {"per": 5.397380940819321}, "ur": {"per": 26.56}, "sz": {"per": -2.6239112295419815}, "nw": {"per": 18.8991224018325}, "zg": {"per": 7.076533391578469}, "fr": {"per": 11.995411620601908}, "so": {"per": 10.314335424393342}, "bs": {"per": 13.322750274224884}, "bl": {"per": 0.8139961396417092}, "sh": {"per": 7.610097741000004}, "ar": {"per": -7.257493812}, "sg": {"per": 2.2747047402435747}, "gr": {"per": -0.1382946370673679}, "ag": {"per": -2.958103183302782}, "tg": {"per": -6.307717643627107}, "ti": {"per": 14.842131896867805}, "vd": {"per": 17.451388322299373}, "vs": {"per": 14.395896382846153}, "ne": {"per": 30.16528630992412}, "ge": {"per": 17.289451953540905}, "ju": {"per": 17.924391886628705}, "gl": {"per": 28.11}, "ai": {"per": -2.067387529889249}}