{"ch": {"per": 24.7852391815794}, "zh": {"per": 26.611257847286915}, "be": {"per": 20.095196964146496}, "lu": {"per": 30.760498390743784}, "ur": {"per": 34.36}, "sz": {"per": 30.92}, "nw": {"per": 16.309122401832504}, "zg": {"per": 29.82}, "fr": {"per": 21.133919407541914}, "so": {"per": 29.56}, "bs": {"per": 31.651905908293607}, "bl": {"per": 16.57108952166935}, "sh": {"per": 34.46}, "ar": {"per": 33.31}, "sg": {"per": 31.679380632847725}, "gr": {"per": 33.86}, "ag": {"per": 25.004988401680794}, "tg": {"per": 27.34977950240745}, "ti": {"per": 38.09}, "vd": {"per": 11.073191596735152}, "vs": {"per": 20.77}, "ne": {"per": 17.22563937549268}, "ge": {"per": 15.22}, "ju": {"per": 19.26}, "gl": {"per": 25.87}, "ai": {"per": 29.4}}