{"ch": {"per": -28.6457679249457}, "zh": {"per": -26.47007491160001}, "be": {"per": -23.46530793620485}, "lu": {"per": -36.49624384107819}, "ur": {"per": -47.74}, "sz": {"per": -50.240000000000016}, "nw": {"per": -35.999122401832494}, "zg": {"per": -30.760000000000005}, "fr": {"per": -24.99391940754191}, "so": {"per": -33.39}, "bs": {"per": -23.633601491524786}, "bl": {"per": -18.68312377916199}, "sh": {"per": -38.84}, "ar": {"per": -37.93}, "sg": {"per": -34.288975965735304}, "gr": {"per": -41.39}, "ag": {"per": -33.49157650598007}, "tg": {"per": -38.14248304386399}, "ti": {"per": -38.37169406013406}, "vd": {"per": -15.895683612694057}, "vs": {"per": -34.44}, "ne": {"per": -18.325286309924138}, "ge": {"per": -21.25}, "ju": {"per": -22.700000000000003}, "gl": {"per": -42.82}, "ai": {"per": -48.13}}