{"ch": {"per": -4.179652582266776}, "zh": {"per": 8.345332177775674}, "be": {"per": 2.537292797418665}, "lu": {"per": -10.003317294441231}, "ur": {"per": 39.79}, "sz": {"per": -6.441274918972944}, "nw": {"per": 29.279122401832506}, "zg": {"per": -6.637627149954348}, "fr": {"per": -26.679096072564967}, "so": {"per": -16.78163905608583}, "bs": {"per": -5.543002552470476}, "bl": {"per": -11.944265880458588}, "sh": {"per": 5.011758622999999}, "ar": {"per": 13.448583243999998}, "sg": {"per": -6.705327660129846}, "gr": {"per": 1.071288267696815}, "ag": {"per": -8.53261320445992}, "tg": {"per": -5.932451454173297}, "ti": {"per": -2.2340135032544026}, "vd": {"per": -0.10177679647246407}, "vs": {"per": -27.269258138922098}, "ne": {"per": -14.331379474687772}, "ge": {"per": -7.9272022298913924}, "ju": {"per": -32.309221562706604}, "gl": {"per": -60.40999999999998}, "ai": {"per": -35.40261247011074}}