{"ch": {"per": -2.343611904611386}, "zh": {"per": 0.5286050935402571}, "be": {"per": -11.146351673831184}, "lu": {"per": 9.130160956838417}, "ur": {"per": 26.29}, "sz": {"per": 6.6907802702492525}, "nw": {"per": 16.269122401832504}, "zg": {"per": 4.08712089524985}, "fr": {"per": -4.678053799470646}, "so": {"per": -5.716253175671753}, "bs": {"per": -10.038919188036317}, "bl": {"per": -11.680056237092181}, "sh": {"per": -2.1982413769999987}, "ar": {"per": -0.04141675600000383}, "sg": {"per": 3.5283831201517444}, "gr": {"per": 8.613801794480803}, "ag": {"per": -5.587383375447477}, "tg": {"per": -1.6411822911796285}, "ti": {"per": 8.878658528341031}, "vd": {"per": -11.840687662811465}, "vs": {"per": 8.432697005386373}, "ne": {"per": -24.53137947468777}, "ge": {"per": -10.118118736931486}, "ju": {"per": -7.61796699686338}, "gl": {"per": -73.26999999999998}, "ai": {"per": 24.77}}