{"ch": {"per": 8.365085816352419}, "zh": {"per": -3.8043390922664244}, "be": {"per": -1.4169181409774083}, "lu": {"per": 18.067380940819326}, "ur": {"per": 39.6}, "sz": {"per": 12.016088770458026}, "nw": {"per": 31.8391224018325}, "zg": {"per": 13.10653339157847}, "fr": {"per": 15.95541162060191}, "so": {"per": 25.44433542439334}, "bs": {"per": 17.952750274224886}, "bl": {"per": 8.473996139641706}, "sh": {"per": 10.940097740999999}, "ar": {"per": 0.8525061879999996}, "sg": {"per": 9.864971506434188}, "gr": {"per": 2.4017053629326313}, "ag": {"per": 10.168794620709171}, "tg": {"per": 3.681308185653947}, "ti": {"per": 16.562131896867804}, "vd": {"per": 8.623121411117088}, "vs": {"per": 18.525896382846156}, "ne": {"per": 23.265286309924118}, "ge": {"per": 16.1994519535409}, "ju": {"per": 18.364391886628702}, "gl": {"per": 44.5}, "ai": {"per": 14.272612470110758}}