{"ch": {"per": 0.9452011533553275}, "zh": {"per": -1.6532623532878645}, "be": {"per": -8.616177781568886}, "lu": {"per": 13.78391711576024}, "ur": {"per": 29.55}, "sz": {"per": 15.440780270249249}, "nw": {"per": 30.57}, "zg": {"per": 3.397120895249852}, "fr": {"per": 7.238026792987441}, "so": {"per": 3.243746824328248}, "bs": {"per": -10.972520679561107}, "bl": {"per": -1.973180016254176}, "sh": {"per": 0.18175862300000034}, "ar": {"per": 1.1185832439999963}, "sg": {"per": 8.559673920607061}, "gr": {"per": 5.063801794480806}, "ag": {"per": 5.127937922584419}, "tg": {"per": 4.2453604942374135}, "ti": {"per": 1.9203525884750903}, "vd": {"per": -5.7546381866878065}, "vs": {"per": 11.89269700538637}, "ne": {"per": -11.626665784611873}, "ge": {"per": -5.238118736931483}, "ju": {"per": 1.45203300313662}, "gl": {"per": -68.32999999999998}, "ai": {"per": 23.85}}