{"ch": {"per": -26.18324306365883}, "zh": {"per": -14.41238982555248}, "be": {"per": -16.080835511102734}, "lu": {"per": -37.18956113551942}, "ur": {"per": 9.38}, "sz": {"per": -33.59127491897294}, "nw": {"per": 10.81}, "zg": {"per": -34.19762714995434}, "fr": {"per": -39.793015480106874}, "so": {"per": -35.13163905608583}, "bs": {"per": -35.635533808133346}, "bl": {"per": -23.22135493219841}, "sh": {"per": -16.068241377}, "ar": {"per": -16.181416756000004}, "sg": {"per": -35.3148352856429}, "gr": {"per": -40.92871173230319}, "ag": {"per": -23.974207098813114}, "tg": {"per": -27.14591981810984}, "ti": {"per": -32.02604992144221}, "vd": {"per": -19.641109251062197}, "vs": {"per": -51.35561237973316}, "ne": {"per": -32.7475930793725}, "ge": {"per": -38.32859802906006}, "ju": {"per": -29.189221562706607}, "gl": {"per": -86.72000000000001}, "ai": {"per": -67.28261247011075}}