{"ch": {"per": -14.45809725864445}, "zh": {"per": -3.18434286956402}, "be": {"per": 3.7816071743220903}, "lu": {"per": -17.398341758949513}, "ur": {"per": -56.16}, "sz": {"per": -23.166088770458025}, "nw": {"per": -44.929122401832494}, "zg": {"per": -23.686533391578465}, "fr": {"per": -33.235411620601916}, "so": {"per": -18.84711876229793}, "bs": {"per": -19.29862956008509}, "bl": {"per": -7.050599728421922}, "sh": {"per": -29.800097740999995}, "ar": {"per": -16.872506187999996}, "sg": {"per": -17.72293216637283}, "gr": {"per": -26.32170536293262}, "ag": {"per": -7.233054944115473}, "tg": {"per": -6.737213602408765}, "ti": {"per": -36.06989088211926}, "vd": {"per": -15.895965709873664}, "vs": {"per": -43.16606053133367}, "ne": {"per": -22.803824032639042}, "ge": {"per": -21.311031660295463}, "ju": {"per": -48.1843918866287}, "gl": {"per": -54.99}, "ai": {"per": -36.80261247011075}}