{"ch": {"per": -14.308097258644452}, "zh": {"per": -2.8243428695640205}, "be": {"per": 3.481607174322093}, "lu": {"per": -17.568341758949515}, "ur": {"per": -56.89}, "sz": {"per": -23.43608877045802}, "nw": {"per": -45.0591224018325}, "zg": {"per": -23.92653339157846}, "fr": {"per": -32.35541162060191}, "so": {"per": -19.24711876229793}, "bs": {"per": -20.43862956008509}, "bl": {"per": -8.31059972842192}, "sh": {"per": -29.96009774099999}, "ar": {"per": -16.382506188}, "sg": {"per": -17.64293216637283}, "gr": {"per": -26.27170536293262}, "ag": {"per": -7.093054944115472}, "tg": {"per": -6.577213602408769}, "ti": {"per": -36.33989088211926}, "vd": {"per": -13.61596570987367}, "vs": {"per": -43.31606053133367}, "ne": {"per": -21.363824032639045}, "ge": {"per": -20.811031660295463}, "ju": {"per": -48.66439188662871}, "gl": {"per": -54.61}, "ai": {"per": -36.24261247011076}}