{"ch": {"per": -32.92988541756104}, "zh": {"per": -33.64557747744976}, "be": {"per": -35.48556441633958}, "lu": {"per": -33.45}, "ur": {"per": -35.7}, "sz": {"per": -33.480000000000004}, "nw": {"per": -32.129999999999995}, "zg": {"per": -31.909999999999997}, "fr": {"per": -28.400000000000006}, "so": {"per": -29.92}, "bs": {"per": -32.900000000000006}, "bl": {"per": -32.709999999999994}, "sh": {"per": -47.46}, "ar": {"per": -34.09}, "sg": {"per": -31.01466046240789}, "gr": {"per": -36.11999999999998}, "ag": {"per": -34.024341514580485}, "tg": {"per": -32.44338535706028}, "ti": {"per": -27.7962524722455}, "vd": {"per": -28.864452231836538}, "vs": {"per": -30.879999999999995}, "ne": {"per": -28.635349973762906}, "ge": {"per": -28.704206192954395}, "ju": {"per": -30.15000000000002}, "gl": {"per": -40.09}, "ai": {"per": -32.84}}