{"ch": {"per": 13.108475879378048}, "zh": {"per": 16.50669434036882}, "be": {"per": 8.557382448353115}, "lu": {"per": 8.315644858659445}, "ur": {"per": 13.0}, "sz": {"per": 13.77}, "nw": {"per": 13.84}, "zg": {"per": 18.17}, "fr": {"per": 23.73}, "so": {"per": 10.706564746853257}, "bs": {"per": 15.51435238699663}, "bl": {"per": 10.38846034691164}, "sh": {"per": 20.19}, "ar": {"per": 17.57}, "sg": {"per": 12.996220779048127}, "gr": {"per": 18.12}, "ag": {"per": 11.41744292647119}, "tg": {"per": 7.964183938915423}, "ti": {"per": 20.868898727235788}, "vd": {"per": 4.150402096381548}, "vs": {"per": 17.03846945955784}, "ne": {"per": -2.9459157240133536}, "ge": {"per": 5.809905163349995}, "ju": {"per": 40.89}, "ai": {"per": 11.52}}