{"ch": {"per": 1.8766645068303447}, "zh": {"per": -2.243262353287861}, "be": {"per": 0.3738222184311155}, "lu": {"per": 12.773917115760238}, "ur": {"per": 29.76}, "sz": {"per": 2.2107802702492485}, "nw": {"per": 22.09}, "zg": {"per": 0.2771208952498476}, "fr": {"per": 11.538026792987434}, "so": {"per": 3.6137468243282527}, "bs": {"per": -10.112520679561086}, "bl": {"per": -4.7631800162541715}, "sh": {"per": 1.4817586229999975}, "ar": {"per": 4.058583244000001}, "sg": {"per": 10.979673920607055}, "gr": {"per": 4.323801794480804}, "ag": {"per": 0.4579379225844207}, "tg": {"per": 3.8353604942374133}, "ti": {"per": 5.328658528341027}, "vd": {"per": -5.114638186687799}, "vs": {"per": 11.492697005386372}, "ne": {"per": -11.226665784611882}, "ge": {"per": -11.338118736931492}, "ju": {"per": 11.092033003136635}, "gl": {"per": -67.87}, "ai": {"per": 22.74}}