{"ch": {"per": -3.7097220462209073}, "zh": {"per": -6.701987399254495}, "be": {"per": -13.554479982352593}, "lu": {"per": 0.693917115760236}, "ur": {"per": 18.77}, "sz": {"per": -0.989219729750749}, "nw": {"per": 15.01}, "zg": {"per": -4.322879104750154}, "fr": {"per": 6.018026792987435}, "so": {"per": -9.466253175671753}, "bs": {"per": -13.047371136642923}, "bl": {"per": -9.057145288832007}, "sh": {"per": -8.808241376999998}, "ar": {"per": -11.341416756000001}, "sg": {"per": -2.2711245053613105}, "gr": {"per": -8.696198205519199}, "ag": {"per": -2.4489772698006718}, "tg": {"per": -6.39465065511617}, "ti": {"per": 12.548678485900773}, "vd": {"per": 3.1708488746153485}, "vs": {"per": 4.412697005386381}, "ne": {"per": -4.907922290266903}, "ge": {"per": 9.687675070114125}, "ju": {"per": 7.892033003136632}, "gl": {"per": -83.28}, "ai": {"per": 10.4}}