{"ch": {"per": 16.87175013361643}, "zh": {"per": 12.588876667493388}, "be": {"per": 14.55783872063413}, "lu": {"per": 23.49}, "ur": {"per": 29.88}, "sz": {"per": 25.21}, "nw": {"per": 20.71}, "zg": {"per": 16.39}, "fr": {"per": 18.7}, "so": {"per": 17.5}, "bs": {"per": 15.02}, "bl": {"per": 13.54}, "sh": {"per": 22.71}, "ar": {"per": 19.84}, "sg": {"per": 22.699397341094347}, "gr": {"per": 22.68}, "ag": {"per": 16.640736835518286}, "tg": {"per": 22.247255134945505}, "ti": {"per": 23.64}, "vd": {"per": 9.915215429928669}, "vs": {"per": 32.24}, "ne": {"per": 13.91}, "ge": {"per": 11.8}, "ju": {"per": 20.68}, "gl": {"per": 17.89}, "ai": {"per": 29.95}}