{"ch": {"per": -22.884359932294345}, "zh": {"per": -12.240323932428282}, "be": {"per": -15.817600030555425}, "lu": {"per": -25.627380940819307}, "ur": {"per": -51.17}, "sz": {"per": -24.526088770458024}, "nw": {"per": -48.97912240183249}, "zg": {"per": -28.376533391578477}, "fr": {"per": -37.6154116206019}, "so": {"per": -35.47433542439333}, "bs": {"per": -14.40867096716861}, "bl": {"per": -23.343996139641703}, "sh": {"per": -24.55009774100001}, "ar": {"per": -21.842506188}, "sg": {"per": -26.414704740243565}, "gr": {"per": -23.291705362932632}, "ag": {"per": -21.951896816697214}, "tg": {"per": -18.262282356372893}, "ti": {"per": -28.422131896867796}, "vd": {"per": -26.93600639158599}, "vs": {"per": -42.32954214203507}, "ne": {"per": -19.634359015163497}, "ge": {"per": -21.708056154372244}, "ju": {"per": -37.774391886628706}, "gl": {"per": -62.12}, "ai": {"per": -37.782612470110756}}