{"ch": {"per": 21.037578126489965}, "zh": {"per": 9.517453442961695}, "be": {"per": 13.32760003055543}, "lu": {"per": 19.91738094081932}, "ur": {"per": 47.9}, "sz": {"per": 20.14608877045803}, "nw": {"per": 32.27912240183251}, "zg": {"per": 20.846533391578465}, "fr": {"per": 31.465411620601905}, "so": {"per": 30.794335424393342}, "bs": {"per": 27.742750274224882}, "bl": {"per": 20.32399613964171}, "sh": {"per": 22.770097741}, "ar": {"per": 11.322506187999998}, "sg": {"per": 20.954704740243564}, "gr": {"per": 19.441705362932634}, "ag": {"per": 16.711896816697212}, "tg": {"per": 14.882282356372905}, "ti": {"per": 33.00213189686781}, "vd": {"per": 32.38138832229937}, "vs": {"per": 32.965896382846154}, "ne": {"per": 40.77528630992412}, "ge": {"per": 34.959451953540906}, "ju": {"per": 36.1543918866287}, "gl": {"per": 57.87}, "ai": {"per": 20.31261247011075}}