{"ch": {"per": -19.414276043275436}, "zh": {"per": -16.029880047573627}, "be": {"per": -8.50534612538511}, "lu": {"per": -23.44016095683841}, "ur": {"per": -47.13}, "sz": {"per": -31.200780270249254}, "nw": {"per": -37.0591224018325}, "zg": {"per": -17.207120895249865}, "fr": {"per": -32.10194620052934}, "so": {"per": -18.043746824328245}, "bs": {"per": 0.8537696451181347}, "bl": {"per": -0.9859784903299769}, "sh": {"per": -19.831758623000006}, "ar": {"per": -25.06858324400001}, "sg": {"per": -28.357584694183373}, "gr": {"per": -18.70380179448079}, "ag": {"per": -21.695701432167432}, "tg": {"per": -26.718806559466813}, "ti": {"per": -20.80831617028729}, "vd": {"per": -26.64931233718854}, "vs": {"per": -38.63269700538638}, "ne": {"per": -7.368620525312231}, "ge": {"per": -16.631881263068507}, "ju": {"per": -30.802033003136636}, "gl": {"per": 45.17}, "ai": {"per": -52.0}}