{"ch": {"per": 22.075085816352413}, "zh": {"per": 11.695660907733576}, "be": {"per": 10.453081859022603}, "lu": {"per": 24.037380940819325}, "ur": {"per": 53.19}, "sz": {"per": 25.20608877045803}, "nw": {"per": 45.8991224018325}, "zg": {"per": 26.786533391578466}, "fr": {"per": 29.715411620601905}, "so": {"per": 36.564335424393335}, "bs": {"per": 24.632750274224886}, "bl": {"per": 21.363996139641706}, "sh": {"per": 25.550097741000005}, "ar": {"per": 18.34250618800001}, "sg": {"per": 29.414971506434185}, "gr": {"per": 22.811705362932628}, "ag": {"per": 20.78879462070917}, "tg": {"per": 20.481308185653944}, "ti": {"per": 24.122131896867803}, "vd": {"per": 26.743121411117087}, "vs": {"per": 33.33589638284616}, "ne": {"per": 40.28528630992412}, "ge": {"per": 30.9894519535409}, "ju": {"per": 32.5543918866287}, "gl": {"per": 62.99}, "ai": {"per": 34.36261247011075}}