{"ch": {"per": -10.092625375653817}, "zh": {"per": -4.801389761504218}, "be": {"per": -1.904600053065245}, "lu": {"per": -20.555937542881864}, "ur": {"per": -45.93}, "sz": {"per": -22.780780270249238}, "nw": {"per": -37.99}, "zg": {"per": -14.257120895249862}, "fr": {"per": -22.865350739469328}, "so": {"per": -11.723746824328245}, "bs": {"per": 7.478084757517664}, "bl": {"per": -3.920286850113037}, "sh": {"per": -11.56175862300001}, "ar": {"per": -9.56858324400001}, "sg": {"per": -14.984182278035028}, "gr": {"per": -9.313801794480788}, "ag": {"per": -11.808148165994048}, "tg": {"per": -12.538830183240833}, "ti": {"per": -6.820352588475096}, "vd": {"per": -6.555526723081556}, "vs": {"per": -32.79269700538638}, "ne": {"per": 1.5147733552440812}, "ge": {"per": -8.431881263068504}, "ju": {"per": -28.122033003136636}, "gl": {"per": 61.87}, "ai": {"per": -31.810000000000002}}