{"ch": {"per": 28.926425460927334}, "zh": {"per": 38.34480586768769}, "be": {"per": 45.82840385875116}, "lu": {"per": 15.134945784498619}, "ur": {"per": -42.68}, "sz": {"per": 15.94313095929273}, "nw": {"per": -29.069999999999993}, "zg": {"per": 18.996345713171685}, "fr": {"per": 16.72048099395257}, "so": {"per": 25.941917751278417}, "bs": {"per": 49.607451203917265}, "bl": {"per": 26.72230765577445}, "sh": {"per": 15.828143636}, "ar": {"per": 32.38891056799999}, "sg": {"per": 21.81433053869405}, "gr": {"per": 27.34449284258657}, "ag": {"per": 30.444843962686477}, "tg": {"per": 35.47581436397263}, "ti": {"per": 10.7071824117983}, "vd": {"per": 36.67094499153197}, "vs": {"per": -7.642239147421456}, "ne": {"per": 51.6653257594557}, "ge": {"per": 31.485799141224}, "ju": {"per": 16.533575110234665}, "gl": {"per": 56.83}, "ai": {"per": -8.912612470110759}}