{"ch": {"per": -21.307490449874052}, "zh": {"per": -19.07820746477188}, "be": {"per": -17.04548182846716}, "lu": {"per": -19.72}, "ur": {"per": -29.39}, "sz": {"per": -26.389999999999986}, "nw": {"per": -22.799999999999997}, "zg": {"per": -20.36}, "fr": {"per": -24.5}, "so": {"per": -23.75}, "bs": {"per": -19.599999999999994}, "bl": {"per": -21.33}, "sh": {"per": -22.540000000000006}, "ar": {"per": -23.980000000000004}, "sg": {"per": -24.820266766190628}, "gr": {"per": -19.58}, "ag": {"per": -22.446897804011982}, "tg": {"per": -21.929025829281045}, "ti": {"per": -24.219999999999985}, "vd": {"per": -27.162182410932246}, "vs": {"per": -26.150000000000006}, "ne": {"per": -19.599999999999994}, "ge": {"per": -16.379999999999995}, "ju": {"per": -27.980000000000004}, "gl": {"per": -24.14999999999999}, "ai": {"per": -22.730000000000004}}