{"ch": {"per": -17.4802843256587}, "zh": {"per": -17.311867446828117}, "be": {"per": -12.1598261077377}, "lu": {"per": -18.76624384107818}, "ur": {"per": -32.81999999999999}, "sz": {"per": -33.41999999999999}, "nw": {"per": -14.449122401832497}, "zg": {"per": -20.810000000000002}, "fr": {"per": -15.51391940754192}, "so": {"per": -20.14}, "bs": {"per": -11.943601491524788}, "bl": {"per": -6.203123779161999}, "sh": {"per": -25.810000000000002}, "ar": {"per": -21.409999999999997}, "sg": {"per": -20.948709199544695}, "gr": {"per": -24.150000000000006}, "ag": {"per": -18.184678701968096}, "tg": {"per": -23.013457214582985}, "ti": {"per": -19.749999999999986}, "vd": {"per": -12.798700651677791}, "vs": {"per": -30.980000000000004}, "ne": {"per": -11.421073480503878}, "ge": {"per": -15.100000000000009}, "ju": {"per": -24.08999999999999}, "gl": {"per": -28.480000000000004}, "ai": {"per": -27.39}}