{"ch": {"per": 2.1738957852510623}, "zh": {"per": 2.5768125583121275}, "be": {"per": -7.240869845364024}, "lu": {"per": 18.71016095683842}, "ur": {"per": 36.71}, "sz": {"per": 16.97078027024925}, "nw": {"per": 22.6791224018325}, "zg": {"per": 13.937120895249851}, "fr": {"per": 7.9419462005293475}, "so": {"per": 2.5537468243282504}, "bs": {"per": -8.82891918803631}, "bl": {"per": -9.530056237092182}, "sh": {"per": 2.821758623000001}, "ar": {"per": 6.778583244}, "sg": {"per": 10.338649886342367}, "gr": {"per": 8.563801794480806}, "ag": {"per": 2.46951442856448}, "tg": {"per": 2.767843538101417}, "ti": {"per": 20.08865852834103}, "vd": {"per": -10.618954573993747}, "vs": {"per": 5.212697005386371}, "ne": {"per": -21.221379474687758}, "ge": {"per": -9.658118736931485}, "ju": {"per": -1.547966996863373}, "gl": {"per": -57.95}, "ai": {"per": 28.58}}