{"ch": {"per": -5.4431162370373904}, "zh": {"per": -8.03326235328787}, "be": {"per": -13.706177781568893}, "lu": {"per": 1.5739171157602385}, "ur": {"per": 21.44}, "sz": {"per": 0.33078027024925305}, "nw": {"per": 12.91}, "zg": {"per": -7.132879104750149}, "fr": {"per": 4.538026792987434}, "so": {"per": -9.786253175671753}, "bs": {"per": -11.802520679561098}, "bl": {"per": -11.303180016254178}, "sh": {"per": -4.728241377}, "ar": {"per": -11.981416755999998}, "sg": {"per": -3.2403260793929363}, "gr": {"per": -4.506198205519194}, "ag": {"per": -8.012062077415582}, "tg": {"per": -9.044639505762586}, "ti": {"per": 13.805970212012028}, "vd": {"per": -5.674638186687801}, "vs": {"per": 6.072697005386374}, "ne": {"per": -12.146665784611876}, "ge": {"per": -7.988118736931483}, "ju": {"per": 9.622033003136629}, "gl": {"per": -80.76}, "ai": {"per": 12.97}}