{"ch": {"per": -0.45361190461139245}, "zh": {"per": -2.991394906459746}, "be": {"per": -12.566351673831193}, "lu": {"per": 10.29016095683842}, "ur": {"per": 35.79}, "sz": {"per": 10.27078027024925}, "nw": {"per": 25.099122401832503}, "zg": {"per": 4.5971208952498515}, "fr": {"per": 7.871946200529347}, "so": {"per": -6.316253175671751}, "bs": {"per": -0.3589191880363103}, "bl": {"per": -4.33005623709218}, "sh": {"per": 2.131758623000003}, "ar": {"per": 1.778583244}, "sg": {"per": 4.918383120151738}, "gr": {"per": 7.1238017944808085}, "ag": {"per": -7.457383375447478}, "tg": {"per": -2.8511822911796294}, "ti": {"per": 21.03865852834103}, "vd": {"per": -4.700687662811468}, "vs": {"per": 9.792697005386373}, "ne": {"per": -15.00137947468776}, "ge": {"per": -3.218118736931487}, "ju": {"per": 7.8020330031366285}, "gl": {"per": -64.43}, "ai": {"per": 25.02}}