{"ch": {"per": 7.436388095388608}, "zh": {"per": 6.968605093540255}, "be": {"per": -3.636351673831193}, "lu": {"per": 17.190160956838422}, "ur": {"per": 41.73}, "sz": {"per": 16.87078027024925}, "nw": {"per": 27.6791224018325}, "zg": {"per": 13.147120895249852}, "fr": {"per": 15.941946200529348}, "so": {"per": 2.453746824328249}, "bs": {"per": 5.431080811963689}, "bl": {"per": 3.7599437629078167}, "sh": {"per": 12.151758623}, "ar": {"per": 8.208583244}, "sg": {"per": 13.108383120151743}, "gr": {"per": 14.523801794480807}, "ag": {"per": 1.3726166245525242}, "tg": {"per": 5.678817708820368}, "ti": {"per": 27.238658528341027}, "vd": {"per": 2.1993123371885375}, "vs": {"per": 12.772697005386373}, "ne": {"per": -9.241379474687754}, "ge": {"per": 2.4418812630685167}, "ju": {"per": 11.342033003136628}, "gl": {"per": -59.38}, "ai": {"per": 31.67}}