{"ch": {"per": -10.59723748707308}, "zh": {"per": -14.026928947710623}, "be": {"per": -10.634396447761304}, "lu": {"per": -9.554246437702368}, "ur": {"per": -42.530581613023976}, "sz": {"per": -17.340831736000005}, "nw": {"per": -53.93636363619058}, "zg": {"per": -16.207337859382157}, "fr": {"per": -3.283127266148064}, "so": {"per": -8.722942182185697}, "bs": {"per": -2.9863421868107523}, "bl": {"per": -9.434356623100584}, "sh": {"per": -24.376416789999993}, "ar": {"per": -45.054180484258026}, "sg": {"per": -13.585687990251174}, "gr": {"per": -24.411725661950317}, "ag": {"per": -8.699913951584634}, "tg": {"per": -19.24350534638905}, "ti": {"per": -1.6086762625339333}, "vd": {"per": -10.797752138485215}, "vs": {"per": -2.2398780391217166}, "ne": {"per": -13.911200049517312}, "ge": {"per": -2.2334670999314454}, "ju": {"per": 5.945865609501777}, "gl": {"per": 30.28}, "ow": {"per": 3.580788381565114}, "ai": {"per": 31.72}}