{"ch": {"per": -17.263030845280205}, "zh": {"per": -8.78706670314741}, "be": {"per": -12.51915453716709}, "lu": {"per": -22.724651349482446}, "ur": {"per": -6.729418386976022}, "sz": {"per": -16.579168264000003}, "nw": {"per": 21.69}, "zg": {"per": -13.132662140617832}, "fr": {"per": -35.74614045194113}, "so": {"per": -27.2470578178143}, "bs": {"per": -21.239056004179226}, "bl": {"per": -17.364604027569797}, "sh": {"per": -12.663583210000006}, "ar": {"per": 10.114180484258025}, "sg": {"per": -18.122149324915465}, "gr": {"per": -20.603318745951558}, "ag": {"per": -19.778613065361053}, "tg": {"per": -13.547460278340683}, "ti": {"per": -27.02132373746607}, "vd": {"per": -1.1609812074242285}, "vs": {"per": -49.57012196087828}, "ne": {"per": -13.350487051430598}, "ge": {"per": -16.640026184554817}, "ju": {"per": -54.747899477294624}, "gl": {"per": -71.24}, "ow": {"per": -43.720788381565114}, "ai": {"per": -75.73}}