{"ch": {"per": -29.724610013486696}, "zh": {"per": -20.501580408718844}, "be": {"per": -25.77382817552466}, "lu": {"per": -38.52696223693067}, "ur": {"per": -43.470581613023974}, "sz": {"per": -40.240723731}, "nw": {"per": -46.57636363619058}, "zg": {"per": -41.40590852231052}, "fr": {"per": -45.17013626325527}, "so": {"per": -35.60749547426974}, "bs": {"per": -20.60651658091767}, "bl": {"per": -27.047531582260902}, "sh": {"per": -21.987840639000005}, "ar": {"per": -34.514180484258034}, "sg": {"per": -27.116678593992027}, "gr": {"per": -46.693486933024914}, "ag": {"per": -26.7560127657069}, "tg": {"per": -26.104621380052983}, "ti": {"per": -37.047119005229796}, "vd": {"per": -21.610518076133637}, "vs": {"per": -60.06106200231328}, "ne": {"per": -23.231200049517312}, "ge": {"per": -23.389281218198864}, "ju": {"per": -47.547695910863155}, "gl": {"per": 33.47}, "ow": {"per": -66.19999999999999}, "ai": {"per": -51.84}}