{"ch": {"per": -2.467453824405311}, "zh": {"per": -3.7120293028887232}, "be": {"per": 12.227096528447966}, "lu": {"per": -6.809972544964651}, "ur": {"per": 12.929418386976025}, "sz": {"per": -39.42072373099999}, "nw": {"per": -53.99}, "zg": {"per": -68.15590852231051}, "fr": {"per": -2.096514362134016}, "so": {"per": 2.7859747406254627}, "bs": {"per": 27.020209430832004}, "bl": {"per": 1.8206692850490072}, "sh": {"per": 3.4121593610000005}, "ar": {"per": -12.914180484258026}, "sg": {"per": -7.559023123741909}, "gr": {"per": -6.293486933024909}, "ag": {"per": -10.92895022584635}, "tg": {"per": -6.957625729123848}, "ti": {"per": -3.8071190052297936}, "vd": {"per": 6.847519010043605}, "vs": {"per": -13.311062002313278}, "ne": {"per": 10.518799950482695}, "ge": {"per": 0.3607187818011326}, "ju": {"per": 5.682304089136849}, "gl": {"per": 60.94}, "ow": {"per": -29.05000000000001}, "ai": {"per": -29.620000000000005}}