{"ch": {"per": -14.115688208863098}, "zh": {"per": -4.186036741578967}, "be": {"per": -5.211688847464288}, "lu": {"per": -26.492514125312795}, "ur": {"per": -29.53515947497104}, "sz": {"per": -18.27072746800001}, "nw": {"per": -46.94636363619057}, "zg": {"per": -14.55483115949891}, "fr": {"per": -15.128799941664795}, "so": {"per": -24.122184868910168}, "bs": {"per": -14.60156648756265}, "bl": {"per": -12.241117796753215}, "sh": {"per": -24.939976585000004}, "ar": {"per": -17.077360332734933}, "sg": {"per": -17.659706353467683}, "gr": {"per": -19.62592103093573}, "ag": {"per": -15.10172189906374}, "tg": {"per": -9.23528153784872}, "ti": {"per": -46.16792397907976}, "vd": {"per": -0.4735153450045715}, "vs": {"per": -33.178574256946604}, "ne": {"per": -1.3847319337232449}, "ge": {"per": -10.212098671184847}, "ju": {"per": -29.060009007359795}, "gl": {"per": -60.8}, "ow": {"per": -24.680788381565115}, "ai": {"per": -68.51}}