{"ch": {"per": -14.002356585852162}, "zh": {"per": -2.8460367415789847}, "be": {"per": -1.801688847464277}, "lu": {"per": -25.092514125312796}, "ur": {"per": -24.375159474971035}, "sz": {"per": -15.560727468000003}, "nw": {"per": -43.466363636190565}, "zg": {"per": -12.514831159498911}, "fr": {"per": -15.358799941664778}, "so": {"per": -23.43218486891017}, "bs": {"per": -15.651566487562661}, "bl": {"per": -10.781117796753215}, "sh": {"per": -20.339976585000002}, "ar": {"per": -7.767360332734924}, "sg": {"per": -12.379706353467697}, "gr": {"per": -13.275921030935741}, "ag": {"per": -12.51172189906373}, "tg": {"per": -1.3652815378487162}, "ti": {"per": -48.157923979079754}, "vd": {"per": -11.959905766869156}, "vs": {"per": -33.5885742569466}, "ne": {"per": -12.373044832775335}, "ge": {"per": -23.248605386698586}, "ju": {"per": -31.380009007359796}, "gl": {"per": -57.05}, "ow": {"per": -20.7207883815651}, "ai": {"per": -56.36}}