{"ch": {"per": 18.216010641810264}, "zh": {"per": 7.709375922520536}, "be": {"per": 6.239184220030005}, "lu": {"per": 30.836962236930674}, "ur": {"per": 28.720581613023974}, "sz": {"per": 33.60072373099999}, "nw": {"per": 40.64636363619057}, "zg": {"per": 37.48590852231052}, "fr": {"per": 28.319403981344472}, "so": {"per": 18.70749547426975}, "bs": {"per": -4.894331993108729}, "bl": {"per": 7.7275315822608945}, "sh": {"per": 19.457840638999997}, "ar": {"per": 36.68418048425803}, "sg": {"per": 22.46334195504204}, "gr": {"per": 32.17853134092679}, "ag": {"per": 16.766012765706904}, "tg": {"per": 27.10067383171172}, "ti": {"per": 35.3771190052298}, "vd": {"per": 17.25449942999444}, "vs": {"per": 31.161062002313283}, "ne": {"per": 17.041200049517315}, "ge": {"per": 19.79928121819887}, "ju": {"per": 39.87972977865601}, "gl": {"per": -42.14}, "ow": {"per": 56.86}, "ai": {"per": 57.35}}