{"ch": {"per": -11.98601064181026}, "zh": {"per": 5.530624077479459}, "be": {"per": 3.480815779969994}, "lu": {"per": -33.856962236930684}, "ur": {"per": -32.23058161302397}, "sz": {"per": -35.92072373099999}, "nw": {"per": -41.006363636190564}, "zg": {"per": -29.885908522310515}, "fr": {"per": -28.449403981344474}, "so": {"per": -18.89749547426974}, "bs": {"per": 14.49433199310873}, "bl": {"per": 0.08246841773910063}, "sh": {"per": -12.727840639}, "ar": {"per": -31.644180484258023}, "sg": {"per": -23.383341955042027}, "gr": {"per": -25.418531340926798}, "ag": {"per": -15.076012765706913}, "tg": {"per": -27.610673831711708}, "ti": {"per": -25.56711900522979}, "vd": {"per": -8.974499429994445}, "vs": {"per": -43.69106200231328}, "ne": {"per": -4.85120004951731}, "ge": {"per": -0.039281218198865986}, "ju": {"per": -42.779729778656005}, "gl": {"per": 48.88}, "ow": {"per": -54.960000000000015}, "ai": {"per": -61.37}}