{"ch": {"per": -12.806532535499642}, "zh": {"per": -13.960000000000008}, "be": {"per": -7.090000000000003}, "lu": {"per": -14.58999999999999}, "ur": {"per": -24.370000000000005}, "sz": {"per": -25.519999999999996}, "nw": {"per": -15.939999999999998}, "zg": {"per": -13.260000000000005}, "fr": {"per": -11.180000000000007}, "so": {"per": -8.580000000000013}, "bs": {"per": -7.939999999999998}, "bl": {"per": -9.290000000000006}, "sh": {"per": -20.680000000000007}, "ar": {"per": -20.180000000000007}, "sg": {"per": -15.900000000000006}, "gr": {"per": -18.310000000000002}, "ag": {"per": -18.38000000000001}, "tg": {"per": -17.89}, "ti": {"per": -32.2223080491919}, "vd": {"per": 1.4193202064799095}, "vs": {"per": -17.30000000000001}, "ne": {"per": -2.2316871009479087}, "ge": {"per": -6.6334932844862635}, "ju": {"per": -10.569999999999993}, "gl": {"per": -14.340000000000003}, "ow": {"per": -16.039999999999992}, "ai": {"per": -40.78}}