{"ch": {"per": 3.140926067532078}, "zh": {"per": 8.814619728337483}, "be": {"per": 13.014366764898384}, "lu": {"per": -3.468064449745853}, "ur": {"per": 3.9594183869760258}, "sz": {"per": -3.4807237309999977}, "nw": {"per": -20.310000000000002}, "zg": {"per": -8.975908522310519}, "fr": {"per": -6.38013626325526}, "so": {"per": 6.612504525730245}, "bs": {"per": 14.579730184098707}, "bl": {"per": 11.26142906840947}, "sh": {"per": 10.532159361000012}, "ar": {"per": -7.474180484258028}, "sg": {"per": 2.89449536012458}, "gr": {"per": -4.063486933024905}, "ag": {"per": 8.62251425123877}, "tg": {"per": 2.850291793018016}, "ti": {"per": -3.96711900522979}, "vd": {"per": -2.579375662220393}, "vs": {"per": -13.73106200231328}, "ne": {"per": 1.0587999504826797}, "ge": {"per": -2.729281218198871}, "ju": {"per": -13.087695910863147}, "gl": {"per": 77.98}, "ow": {"per": -23.610000000000014}, "ai": {"per": -21.22}}