{"ch": {"per": 2.9309260675320843}, "zh": {"per": 7.174619728337483}, "be": {"per": 12.56436676489838}, "lu": {"per": -3.788064449745846}, "ur": {"per": 4.3594183869760315}, "sz": {"per": -2.300723730999991}, "nw": {"per": -20.450000000000003}, "zg": {"per": -9.845908522310523}, "fr": {"per": -6.440136263255262}, "so": {"per": 7.3125045257302475}, "bs": {"per": 13.079730184098707}, "bl": {"per": 11.021429068409475}, "sh": {"per": 10.672159361000013}, "ar": {"per": -7.714180484258023}, "sg": {"per": 2.7844953601245805}, "gr": {"per": -3.8534869330248966}, "ag": {"per": 8.222514251238763}, "tg": {"per": 3.0202917930180178}, "ti": {"per": -4.447119005229794}, "vd": {"per": 0.49062433777960734}, "vs": {"per": -13.511062002313281}, "ne": {"per": 1.1887999504826823}, "ge": {"per": -3.8692812181988714}, "ju": {"per": -12.96769591086315}, "gl": {"per": 78.23}, "ow": {"per": -23.070000000000007}, "ai": {"per": -21.370000000000005}}