{"ch": {"per": -16.56235658585213}, "zh": {"per": -5.286036741578968}, "be": {"per": -6.771688847464283}, "lu": {"per": -23.732514125312782}, "ur": {"per": -24.76515947497102}, "sz": {"per": -17.650727468}, "nw": {"per": -45.88636363619058}, "zg": {"per": -12.534831159498914}, "fr": {"per": -18.59879994166478}, "so": {"per": -26.112184868910155}, "bs": {"per": -18.741566487562658}, "bl": {"per": -14.181117796753213}, "sh": {"per": -25.709976585}, "ar": {"per": -12.887360332734914}, "sg": {"per": -18.009706353467692}, "gr": {"per": -11.38592103093574}, "ag": {"per": -13.311721899063734}, "tg": {"per": -10.275281537848713}, "ti": {"per": -47.16792397907976}, "vd": {"per": -15.979905766869152}, "vs": {"per": -35.128574256946585}, "ne": {"per": -18.743044832775333}, "ge": {"per": -21.28860538669857}, "ju": {"per": -29.860009007359807}, "gl": {"per": -64.57}, "ow": {"per": -23.1107883815651}, "ai": {"per": -58.99}}