{"ch": {"per": 15.416322404594268}, "zh": {"per": 15.496928947710622}, "be": {"per": 19.3743964477613}, "lu": {"per": 17.234246437702375}, "ur": {"per": 38.28058161302397}, "sz": {"per": 16.270831736000005}, "nw": {"per": 39.946363636190576}, "zg": {"per": 16.947337859382166}, "fr": {"per": 15.283127266148078}, "so": {"per": 16.042942182185705}, "bs": {"per": 8.196342186810767}, "bl": {"per": 15.224356623100562}, "sh": {"per": 18.13641678999999}, "ar": {"per": 38.71418048425802}, "sg": {"per": 10.265687990251159}, "gr": {"per": 18.811725661950312}, "ag": {"per": 14.499913951584624}, "tg": {"per": 11.873505346389038}, "ti": {"per": 13.630984311725818}, "vd": {"per": 25.747752138485225}, "vs": {"per": -4.830121960878287}, "ne": {"per": 26.981200049517312}, "ge": {"per": 11.46346709993145}, "ju": {"per": 8.284134390498224}, "gl": {"per": -49.73}, "ow": {"per": -5.880788381565097}, "ai": {"per": -54.46}}