{"ch": {"per": -4.436987956359292}, "zh": {"per": -13.764519067000446}, "be": {"per": -8.716402537077428}, "lu": {"per": -4.0422820494755065}, "ur": {"per": -12.279418386976023}, "sz": {"per": -4.769276269000002}, "nw": {"per": 11.48}, "zg": {"per": 0.2559085223105182}, "fr": {"per": 7.70651436213403}, "so": {"per": -6.6359747406254606}, "bs": {"per": -16.31136178600618}, "bl": {"per": -12.028697261088645}, "sh": {"per": -15.072159360999994}, "ar": {"per": -1.5658195157419748}, "sg": {"per": -6.051305241663059}, "gr": {"per": -7.436513066975085}, "ag": {"per": -8.38424451708876}, "tg": {"per": -4.320116224841261}, "ti": {"per": 8.569427054421674}, "vd": {"per": 2.4915740671282194}, "vs": {"per": 5.621062002313288}, "ne": {"per": 3.071200049517323}, "ge": {"per": 0.9892812181988759}, "ju": {"per": 23.447695910863146}, "gl": {"per": -81.81}, "ow": {"per": 12.8}, "ai": {"per": 8.28}}