{"ch": {"per": -7.2937531494888965}, "zh": {"per": -9.33810863319604}, "be": {"per": -16.330269330974048}, "lu": {"per": 0.714409375769943}, "ur": {"per": 30.34}, "sz": {"per": -4.102890803999998}, "zg": {"per": -1.1137494189709045}, "fr": {"per": -5.009256169011405}, "so": {"per": -1.1771313421648593}, "bs": {"per": 2.511758307992217}, "bl": {"per": -5.30383503678074}, "sh": {"per": -8.263962481000007}, "ar": {"per": 28.58}, "sg": {"per": -6.375483742395872}, "gr": {"per": -13.344621782671748}, "ag": {"per": -9.11126702957056}, "tg": {"per": -15.302629135224173}, "ti": {"per": 11.235868917882026}, "vd": {"per": -11.082924350775288}, "vs": {"per": 0.5607317587581306}, "ne": {"per": -7.424855097538991}, "ge": {"per": -7.430613989788011}, "ju": {"per": -1.4611800556436023}, "ow": {"per": -11.744730470920715}, "gl": {"per": -7.0407310108288925}, "ai": {"per": 33.67}}