{"ch": {"per": -16.598929330206058}, "zh": {"per": -9.370498380986191}, "be": {"per": -20.95182710778832}, "lu": {"per": -8.047950851103096}, "ur": {"per": -67.11000000000001}, "sz": {"per": -18.540787873}, "zg": {"per": -11.373485149949396}, "fr": {"per": -16.145167433503218}, "so": {"per": -13.41874083328829}, "bs": {"per": -1.2031121709775405}, "bl": {"per": -16.91671305941585}, "sh": {"per": -38.240289998}, "ar": {"per": -65.53}, "sg": {"per": -9.046168925008807}, "gr": {"per": -21.55550640798156}, "ag": {"per": -13.59266281660426}, "tg": {"per": -19.26708841194084}, "ti": {"per": -16.811037160254298}, "vd": {"per": -28.833710644543395}, "vs": {"per": -14.571762663563138}, "ne": {"per": -19.266808325831803}, "ge": {"per": -18.81962978081204}, "ju": {"per": -17.779323806141374}, "ow": {"per": -4.664730470920716}, "gl": {"per": -12.810731010828892}, "ai": {"per": 31.45}}