{"ch": {"per": 6.7133771028737925}, "zh": {"per": 3.6360370308250296}, "be": {"per": -2.9942214436887866}, "lu": {"per": 13.552596033462486}, "ur": {"per": 38.81}, "sz": {"per": 14.801244835000002}, "zg": {"per": 5.9490269849260855}, "fr": {"per": 14.45627136569474}, "so": {"per": 7.620874271410468}, "bs": {"per": -5.9134762378361}, "bl": {"per": -2.349579688629767}, "sh": {"per": 7.180289997999999}, "ar": {"per": 34.79}, "sg": {"per": 13.508407001738334}, "gr": {"per": 11.071820185365429}, "ag": {"per": 4.861382162344562}, "tg": {"per": 7.088860515021462}, "ti": {"per": 21.119748969986965}, "vd": {"per": 2.7377465776068135}, "vs": {"per": 27.150736907233316}, "ne": {"per": 3.4536591578515896}, "ge": {"per": 6.141045639571885}, "ju": {"per": 18.365262438890923}, "ow": {"per": 16.40257423828649}, "gl": {"per": -21.109268989171113}, "ai": {"per": 25.08}}