{"ch": {"per": -7.155743297191734}, "zh": {"per": -0.699660377001365}, "be": {"per": 2.3202693309740425}, "lu": {"per": -16.384409375769934}, "ur": {"per": -48.16}, "sz": {"per": -11.617109196000008}, "zg": {"per": -11.676250581029102}, "fr": {"per": -10.410743830988594}, "so": {"per": -14.702868657835133}, "bs": {"per": -13.181758307992226}, "bl": {"per": -6.926164963219257}, "sh": {"per": -6.6560375189999945}, "ar": {"per": -42.69}, "sg": {"per": -6.464516257604124}, "gr": {"per": -4.175378217328266}, "ag": {"per": -4.608732970429436}, "tg": {"per": 3.9526291352241785}, "ti": {"per": -41.82770232844565}, "vd": {"per": 2.045346869784808}, "vs": {"per": -23.32073175875813}, "ne": {"per": 2.3502369060339703}, "ge": {"per": -8.842059250786882}, "ju": {"per": -17.76881994435641}, "ow": {"per": -4.945269529079283}, "gl": {"per": -12.289268989171113}, "ai": {"per": -53.35}}