{"ch": {"per": -1.417770464264251}, "zh": {"per": -1.0110344606997543}, "be": {"per": 4.845092200979252}, "lu": {"per": -9.404409375769959}, "ur": {"per": -41.47999999999998}, "sz": {"per": 4.002890803999996}, "zg": {"per": -6.026250581029089}, "fr": {"per": -2.450743830988614}, "so": {"per": -6.894854401837435}, "bs": {"per": -10.460133260604906}, "bl": {"per": -3.5564448285160495}, "sh": {"per": -3.966037519000004}, "ar": {"per": -30.709999999999994}, "sg": {"per": 0.20296194865139938}, "gr": {"per": 2.9246217826717427}, "ag": {"per": 1.0152618825007522}, "tg": {"per": 8.676724704990058}, "ti": {"per": -25.134575621824666}, "vd": {"per": 5.291977398923521}, "vs": {"per": -9.141918595193985}, "ne": {"per": 0.4496369263765416}, "ge": {"per": 3.56734349299785}, "ju": {"per": -7.4988199443563985}, "ow": {"per": 4.89473047092072}, "gl": {"per": -1.309268989171109}, "ai": {"per": -33.260000000000005}}