{"ch": {"per": 15.461592572508977}, "zh": {"per": 25.2645606749596}, "be": {"per": 23.78180457240616}, "lu": {"per": 4.246720059704323}, "ur": {"per": -50.789999999999985}, "sz": {"per": 8.506795987899999}, "zg": {"per": 10.46472243404483}, "fr": {"per": 9.97141281110406}, "so": {"per": 8.80929866644152}, "bs": {"per": 24.099127920409497}, "bl": {"per": 18.706678156624854}, "sh": {"per": 17.793672482999995}, "ar": {"per": -53.29}, "sg": {"per": 11.583482612254627}, "gr": {"per": 14.472801597306322}, "ag": {"per": 15.366821711851614}, "tg": {"per": 18.67488295571512}, "ti": {"per": -3.1943245918116503}, "vd": {"per": 21.370923698435373}, "vs": {"per": -11.951738587889615}, "ne": {"per": 28.873540889584785}, "ge": {"per": 24.39899825635939}, "ju": {"per": 0.8559176167526843}, "ow": {"per": 12.862156232634234}, "gl": {"per": 49.96}, "ai": {"per": -51.86}}