{"ch": {"per": -12.339847998333937}, "zh": {"per": -7.895351304291452}, "be": {"per": -6.349730669025952}, "lu": {"per": -21.39440937576994}, "ur": {"per": -56.69}, "sz": {"per": -12.757109196000002}, "zg": {"per": -21.7162505810291}, "fr": {"per": -15.800743830988594}, "so": {"per": -26.312868657835146}, "bs": {"per": -15.251171627899424}, "bl": {"per": -12.976164963219254}, "sh": {"per": -16.336037518999994}, "ar": {"per": -55.08}, "sg": {"per": -15.974516257604122}, "gr": {"per": -6.425378217328252}, "ag": {"per": -11.488732970429432}, "tg": {"per": -11.88737086477581}, "ti": {"per": -24.468419349169373}, "vd": {"per": -5.969152665095919}, "vs": {"per": -21.011918595193983}, "ne": {"per": -5.316358027912514}, "ge": {"per": -6.0827229208208}, "ju": {"per": -19.90881994435641}, "ow": {"per": -14.24526952907928}, "gl": {"per": -16.37926898917111}, "ai": {"per": -64.25999999999999}}