{"ch": {"per": -30.35329857081956}, "zh": {"per": -28.39776901019738}, "be": {"per": -30.480000000000004}, "lu": {"per": -33.61}, "ur": {"per": -46.46}, "sz": {"per": -38.86}, "zg": {"per": -34.86}, "fr": {"per": -33.84}, "so": {"per": -40.22000000000001}, "bs": {"per": -31.249999999999986}, "bl": {"per": -28.040000000000006}, "sh": {"per": -41.66}, "ar": {"per": -34.709999999999994}, "sg": {"per": -35.68000000000001}, "gr": {"per": -31.069999999999993}, "ag": {"per": -37.77}, "tg": {"per": -36.99}, "ti": {"per": -20.14312670662096}, "vd": {"per": -17.230424434697056}, "vs": {"per": -36.640000000000015}, "ne": {"per": -22.220353953526043}, "ge": {"per": -17.142380712873447}, "ju": {"per": -36.97}, "ow": {"per": -33.42}, "gl": {"per": -33.370000000000005}, "ai": {"per": -39.14}}