{"ch": {"per": -1.184857573771037}, "zh": {"per": -0.7708712208610748}, "be": {"per": -7.1026085379994335}, "lu": {"per": 4.297614795811263}, "ur": {"per": 15.63}, "sz": {"per": 2.7313255034149257}, "zg": {"per": -0.7109730150739253}, "fr": {"per": -3.0621510397424707}, "so": {"per": -3.7611499264593533}, "bs": {"per": -8.268750424800615}, "bl": {"per": -5.9099317093843595}, "sh": {"per": -4.2597100019999985}, "ar": {"per": 28.39}, "sg": {"per": 3.9443079460979433}, "gr": {"per": 8.261820185365433}, "ag": {"per": -1.9760875398293258}, "tg": {"per": -1.2451613092149927}, "ti": {"per": 13.208455673929624}, "vd": {"per": -8.90590720255733}, "vs": {"per": 9.859819992695627}, "ne": {"per": -15.90368974178115}, "ge": {"per": -4.0841083786902175}, "ju": {"per": -2.5747375611090817}, "ow": {"per": 4.10257423828649}, "gl": {"per": -39.359268989171106}, "ai": {"per": 23.05}}