{"ch": {"per": 24.784667840374375}, "zh": {"per": 14.63189136680397}, "be": {"per": 21.389730669025944}, "lu": {"per": 35.684409375769945}, "ur": {"per": 63.79}, "sz": {"per": 21.337109196}, "zg": {"per": 27.58625058102909}, "fr": {"per": 30.8007438309886}, "so": {"per": 36.47286865783514}, "bs": {"per": 26.331171627899426}, "bl": {"per": 30.036164963219264}, "sh": {"per": 24.406037519}, "ar": {"per": 63.7}, "sg": {"per": 27.95451625760412}, "gr": {"per": 22.09537821732826}, "ag": {"per": 24.11873297042944}, "tg": {"per": 20.277370864775833}, "ti": {"per": 45.27586891788202}, "vd": {"per": 19.815685461727085}, "vs": {"per": 40.79191859519399}, "ne": {"per": 22.04036307362346}, "ge": {"per": 14.632656507002146}, "ju": {"per": 35.77881994435639}, "ow": {"per": 19.655269529079277}, "gl": {"per": 30.049268989171097}, "ai": {"per": 71.45}}