{"ch": {"per": 12.979212940101505}, "zh": {"per": 19.009470267608144}, "be": {"per": 19.008990256052755}, "lu": {"per": 3.382859052126875}, "ur": {"per": -33.349999999999994}, "sz": {"per": 13.521602246812698}, "zg": {"per": 10.703833312918164}, "fr": {"per": 6.74812003781885}, "so": {"per": 3.550365605738648}, "bs": {"per": 1.4985141691855546}, "bl": {"per": 13.409542250739875}, "sh": {"per": 6.863962480999987}, "ar": {"per": -30.180000000000007}, "sg": {"per": 13.582325695595387}, "gr": {"per": 7.0946217826717515}, "ag": {"per": 16.668725375584394}, "tg": {"per": 23.8028946815137}, "ti": {"per": -10.682080811181507}, "vd": {"per": 22.80731365280461}, "vs": {"per": -9.366142604520945}, "ne": {"per": 17.35889268833394}, "ge": {"per": 23.78701162625427}, "ju": {"per": -7.368819944356389}, "ow": {"per": 12.814730470920736}, "gl": {"per": 11.130731010828889}, "ai": {"per": -27.39}}