{"ch": {"per": -6.19409395457334}, "zh": {"per": -5.705288755870654}, "be": {"per": -11.444221443688782}, "lu": {"per": 1.8525960334624898}, "ur": {"per": 18.49}, "sz": {"per": 2.511244835000003}, "zg": {"per": -0.0009730150739208909}, "fr": {"per": -13.453728634305254}, "so": {"per": -0.6191257285895375}, "bs": {"per": -13.480168555720901}, "bl": {"per": -6.399579688629764}, "sh": {"per": -0.1797100020000073}, "ar": {"per": 28.0}, "sg": {"per": 0.7262956571666699}, "gr": {"per": 7.201820185365431}, "ag": {"per": -1.1386178376554383}, "tg": {"per": 2.9388605150214637}, "ti": {"per": 10.780960426814648}, "vd": {"per": -24.106771879777227}, "vs": {"per": -2.380180007304375}, "ne": {"per": -25.800693704447085}, "ge": {"per": -15.265097747492739}, "ju": {"per": -24.19473756110908}, "ow": {"per": 1.2125742382864928}, "gl": {"per": -31.799268989171107}, "ai": {"per": 16.45}}