{"ch": {"per": -11.634970748607913}, "zh": {"per": -5.216037030825021}, "be": {"per": -3.915778556311224}, "lu": {"per": -12.49259603346249}, "ur": {"per": -42.39}, "sz": {"per": -16.021244835000005}, "zg": {"per": -6.079026984926074}, "fr": {"per": -22.936271365694765}, "so": {"per": -13.71087427141046}, "bs": {"per": 7.320168555720905}, "bl": {"per": -4.020420311370238}, "sh": {"per": -11.010289997999998}, "ar": {"per": -40.52}, "sg": {"per": -15.868407001738348}, "gr": {"per": -13.111820185365431}, "ag": {"per": -10.101382162344557}, "tg": {"per": -9.588860515021466}, "ti": {"per": -29.60860072084941}, "vd": {"per": -5.288303353796792}, "vs": {"per": -35.95981999269563}, "ne": {"per": -13.987324490313604}, "ge": {"per": -7.46089209644645}, "ju": {"per": -34.46526243889093}, "ow": {"per": -15.8925742382865}, "gl": {"per": 24.519268989171117}, "ai": {"per": -27.450000000000003}}