{"ch": {"per": 20.19466784037438}, "zh": {"per": 13.591891366803964}, "be": {"per": 14.259730669025956}, "lu": {"per": 30.354409375769947}, "ur": {"per": 61.28}, "sz": {"per": 21.367109195999987}, "zg": {"per": 25.916250581029093}, "fr": {"per": 23.520743830988597}, "so": {"per": 30.642868657835137}, "bs": {"per": 21.33117162789943}, "bl": {"per": 23.67616496321926}, "sh": {"per": 17.246037519000005}, "ar": {"per": 56.03}, "sg": {"per": 21.654516257604122}, "gr": {"per": 16.085378217328262}, "ag": {"per": 17.41873297042943}, "tg": {"per": 13.747370864775817}, "ti": {"per": 38.33586891788203}, "vd": {"per": 14.705685461727082}, "vs": {"per": 34.531918595193986}, "ne": {"per": 16.680363073623454}, "ge": {"per": 18.54265650700215}, "ju": {"per": 27.328819944356397}, "ow": {"per": 17.53526952907928}, "gl": {"per": 22.04926898917111}, "ai": {"per": 65.67}}