{"ch": {"per": 6.806076835615279}, "zh": {"per": 5.876037030825046}, "be": {"per": 6.695778556311218}, "lu": {"per": 11.97259603346249}, "ur": {"per": 29.18}, "sz": {"per": 4.261244834999999}, "zg": {"per": -5.580973015073919}, "fr": {"per": 13.13627136569474}, "so": {"per": 9.530874271410461}, "bs": {"per": 0.9198314442790902}, "bl": {"per": 3.7504203113702346}, "sh": {"per": 6.440289997999997}, "ar": {"per": 38.52}, "sg": {"per": 15.428407001738325}, "gr": {"per": 13.901820185365427}, "ag": {"per": 2.991382162344564}, "tg": {"per": 8.998860515021466}, "ti": {"per": 16.24845567392962}, "vd": {"per": -3.5216966462032104}, "vs": {"per": 12.249819992695624}, "ne": {"per": 3.1373244903136026}, "ge": {"per": -2.309107903553553}, "ju": {"per": 17.405262438890922}, "ow": {"per": 5.802574238286489}, "gl": {"per": -20.589268989171117}, "ai": {"per": 25.12}}