{"ch": {"per": 8.032915308164554}, "zh": {"per": 8.599590661851373}, "be": {"per": 0.4409556863060118}, "lu": {"per": 18.162596033462485}, "ur": {"per": 29.39}, "sz": {"per": 10.921244835000003}, "zg": {"per": 16.729026984926083}, "fr": {"per": 8.486271365694748}, "so": {"per": 3.8228600154127577}, "bs": {"per": 1.928793076984583}, "bl": {"per": 3.440700176667029}, "sh": {"per": 4.7402899980000015}, "ar": {"per": 37.77}, "sg": {"per": 12.58881745091114}, "gr": {"per": 10.581820185365423}, "ag": {"per": 6.8773873094143845}, "tg": {"per": 9.514764945255585}, "ti": {"per": 12.06845567392962}, "vd": {"per": 3.650640493146213}, "vs": {"per": 18.679819992695627}, "ne": {"per": -0.5726755096863982}, "ge": {"per": 8.030892096446458}, "ju": {"per": 10.505262438890924}, "ow": {"per": 13.112574238286491}, "gl": {"per": -31.099268989171108}, "ai": {"per": 27.68}}