{"ch": {"per": 4.169664473619349}, "zh": {"per": 4.421174137555326}, "be": {"per": 0.815768188682302}, "lu": {"per": 6.68327612285503}, "ur": {"per": 3.6158097864195717}, "sz": {"per": 2.085342944317908}, "nw": {"per": 2.0420987649999987}, "zg": {"per": 5.019336376487331}, "fr": {"per": 3.0376611539517455}, "so": {"per": 4.515199525836927}, "bs": {"per": -8.559050120990769}, "bl": {"per": -7.519794295045127}, "sh": {"per": -4.32309057866366}, "ar": {"per": 19.366783476471966}, "sg": {"per": 5.551706510815386}, "gr": {"per": 8.815545167977643}, "ag": {"per": 3.6091941210531786}, "tg": {"per": 7.352038550142645}, "ti": {"per": 14.798598313259703}, "vd": {"per": -2.84778050181626}, "vs": {"per": 10.46457265968169}, "ne": {"per": -5.986760755000006}, "ge": {"per": 2.5213979280694687}, "ju": {"per": 7.549057171125376}, "gl": {"per": -2.3365348775291395}, "ai": {"per": -3.2420421638951957}, "ow": {"per": 20.88}}