{"ch": {"per": -10.835096910483273}, "zh": {"per": -8.975306112300785}, "be": {"per": -8.52875685348225}, "lu": {"per": -13.770938371228127}, "ur": {"per": -21.669999999999987}, "sz": {"per": -20.591913497243198}, "nw": {"per": -15.739999999999995}, "zg": {"per": -15.14}, "fr": {"per": -11.389548710228226}, "so": {"per": -13.58280347536477}, "bs": {"per": -9.182754710845273}, "bl": {"per": -9.793125744713151}, "sh": {"per": -18.429999999999993}, "ar": {"per": -14.450000000000003}, "sg": {"per": -13.353955479309136}, "gr": {"per": -15.129999999999995}, "ag": {"per": -12.527884164874791}, "tg": {"per": -12.049756215291211}, "ti": {"per": -12.340000000000003}, "vd": {"per": -4.531454851901373}, "vs": {"per": -16.129999999999995}, "ne": {"per": -10.780000000000001}, "ge": {"per": -7.167519020832231}, "ju": {"per": -11.810000000000002}, "gl": {"per": -14.359999999999985}, "ai": {"per": -17.849999999999994}, "ow": {"per": -17.279999999999987}}