{"ch": {"per": -1.5874413454065035}, "zh": {"per": -2.2476964452613615}, "be": {"per": 0.8533834904123907}, "lu": {"per": -11.000277072113484}, "ur": {"per": 4.755809786419572}, "sz": {"per": -12.993526817025028}, "nw": {"per": 20.212098765}, "zg": {"per": -13.092477929522083}, "fr": {"per": 0.1621900655037507}, "so": {"per": -11.468918066205084}, "bs": {"per": -14.446885458955933}, "bl": {"per": -15.490151779899001}, "sh": {"per": -10.527413467461066}, "ar": {"per": 18.221452772838877}, "sg": {"per": -12.008982231467769}, "gr": {"per": 8.910946041849094}, "ag": {"per": -9.126319309331663}, "tg": {"per": -4.283451605019714}, "ti": {"per": -9.613992323622377}, "vd": {"per": 9.346442985622993}, "vs": {"per": -2.663598132850261}, "ne": {"per": 12.690932307199994}, "ge": {"per": 9.477821816366117}, "ju": {"per": -3.866998246774884}, "gl": {"per": 10.343465122470864}, "ai": {"per": -61.71}, "ow": {"per": 40.08}}