{"ch": {"per": -5.309146546978173}, "zh": {"per": -7.527572343717495}, "be": {"per": -11.484523634937098}, "lu": {"per": -2.467757098592937}, "ur": {"per": 23.25}, "sz": {"per": -4.686887406753648}, "nw": {"per": -16.700078563000005}, "zg": {"per": -1.4324581196433428}, "fr": {"per": -5.247738310227927}, "so": {"per": -1.9617644814100323}, "bs": {"per": 2.246777753390191}, "bl": {"per": -5.161723758089515}, "sh": {"per": -12.252271771031296}, "ar": {"per": -3.1592155947745084}, "sg": {"per": -4.697327696536259}, "gr": {"per": -0.6637336990500629}, "ag": {"per": -9.685034762166644}, "tg": {"per": -13.53647736252648}, "ti": {"per": 24.540451743655357}, "vd": {"per": -12.646050629486993}, "vs": {"per": 0.7247025126426863}, "ne": {"per": -14.166992906000004}, "ge": {"per": 0.8222550573082579}, "ju": {"per": 2.763594408046398}, "gl": {"per": 27.54}, "ai": {"per": 28.36}, "ow": {"per": -71.53}}