{"ch": {"per": -15.656167652900617}, "zh": {"per": -7.303920269601566}, "be": {"per": 5.520175550148124}, "lu": {"per": -29.509620990141883}, "ur": {"per": -54.955809786419564}, "sz": {"per": -12.93397437047653}, "nw": {"per": -19.09613409635177}, "zg": {"per": -33.869633049166694}, "fr": {"per": -22.06366650614188}, "so": {"per": -18.610634791955594}, "bs": {"per": -15.259961056734742}, "bl": {"per": -13.186842950465593}, "sh": {"per": 7.915362349694956}, "ar": {"per": -34.74123433870621}, "sg": {"per": -8.792458381086107}, "gr": {"per": -7.80896697003439}, "ag": {"per": -2.8526508287243466}, "tg": {"per": -2.172903221125999}, "ti": {"per": -49.554021593167185}, "vd": {"per": -24.648096857750282}, "vs": {"per": -46.81121140771081}, "ne": {"per": -15.545760108801542}, "ge": {"per": -30.47462452958939}, "ju": {"per": -31.676648766119506}, "gl": {"per": 23.61}, "ai": {"per": -48.2479578361048}, "ow": {"per": 23.83}}