{"ch": {"per": 15.967347264425058}, "zh": {"per": 17.1978347961377}, "be": {"per": 10.386013665342048}, "lu": {"per": 14.192341022545833}, "ur": {"per": 34.595809786419565}, "sz": {"per": 10.382029156923508}, "nw": {"per": 37.282098765}, "zg": {"per": 18.876300762105267}, "fr": {"per": 9.590162172873704}, "so": {"per": 17.940125603605352}, "bs": {"per": 13.958937141110184}, "bl": {"per": 14.106431318846411}, "sh": {"per": 23.722586532538934}, "ar": {"per": 45.491452772838876}, "sg": {"per": 11.127967873781067}, "gr": {"per": 9.356546082636129}, "ag": {"per": 21.343424950600166}, "tg": {"per": 18.853565854149778}, "ti": {"per": 19.526007676377624}, "vd": {"per": 17.735379821016465}, "vs": {"per": 8.75630503170175}, "ne": {"per": 24.185821313999995}, "ge": {"per": 21.748028108883354}, "ju": {"per": 0.36300175322510597}, "gl": {"per": -34.650000000000006}, "ai": {"per": -42.76}, "ow": {"per": 62.13}}