{"ch": {"per": 18.482527371038}, "zh": {"per": 14.840436505700126}, "be": {"per": 8.118892402880434}, "lu": {"per": 23.78600464075927}, "ur": {"per": 48.04}, "sz": {"per": 13.283112593246358}, "nw": {"per": 3.2999214369999947}, "zg": {"per": 18.70754188035665}, "fr": {"per": 19.632261689772076}, "so": {"per": 26.738235518589967}, "bs": {"per": 17.016777753390187}, "bl": {"per": 22.503897076107783}, "sh": {"per": 10.2677282289687}, "ar": {"per": 20.200784405225487}, "sg": {"per": 18.962672303463734}, "gr": {"per": 22.696266300949933}, "ag": {"per": 18.479084050341548}, "tg": {"per": 11.50352263747353}, "ti": {"per": 39.53507467137233}, "vd": {"per": 9.955555232134618}, "vs": {"per": 25.15470251264269}, "ne": {"per": 26.784134191}, "ge": {"per": 34.56683907254936}, "ju": {"per": 26.663594408046404}, "gl": {"per": 55.36}, "ai": {"per": 44.91}, "ow": {"per": -54.509999999999984}}