{"ch": {"per": 1.9042790569843717}, "zh": {"per": -1.4837802318920694}, "be": {"per": -7.632106520215586}, "lu": {"per": 10.044214494083164}, "ur": {"per": -0.27419021358043594}, "sz": {"per": 4.017256441561102}, "nw": {"per": 7.982098764999996}, "zg": {"per": 9.629336376487334}, "fr": {"per": -1.6339777559420199}, "so": {"per": 0.5609471527232479}, "bs": {"per": -9.611537291684883}, "bl": {"per": -2.5666685503319755}, "sh": {"per": -11.126321962080006}, "ar": {"per": 25.006783476471966}, "sg": {"per": 6.16210573943064}, "gr": {"per": 12.547805439682719}, "ag": {"per": -0.6593065289462103}, "tg": {"per": 7.439615990023409}, "ti": {"per": 19.08014553521747}, "vd": {"per": -5.594508829791927}, "vs": {"per": 11.914572659681692}, "ne": {"per": -4.978316116521206}, "ge": {"per": 9.974532173461121}, "ju": {"per": -13.700942828874627}, "gl": {"per": 6.473465122470863}, "ai": {"per": 2.667957836104808}, "ow": {"per": 27.94}}