{"ch": {"per": 35.23400297996167}, "zh": {"per": 35.63422958941683}, "be": {"per": 32.208169683554175}, "lu": {"per": 45.48421449408316}, "ur": {"per": 41.845809786419565}, "sz": {"per": 39.77725644156111}, "nw": {"per": 38.172098765}, "zg": {"per": 37.42933637648733}, "fr": {"per": 34.71602224405798}, "so": {"per": 39.53094715272324}, "bs": {"per": 16.05846270831512}, "bl": {"per": 25.493331449668027}, "sh": {"per": 35.81367803792}, "ar": {"per": 59.87678347647197}, "sg": {"per": 40.23210573943064}, "gr": {"per": 47.28780543968273}, "ag": {"per": 36.32069347105379}, "tg": {"per": 45.00961599002342}, "ti": {"per": 39.66859831325971}, "vd": {"per": 20.219748865146983}, "vs": {"per": 43.82457265968169}, "ne": {"per": 25.13323924499999}, "ge": {"per": 21.598916948901696}, "ju": {"per": 35.31905717112537}, "gl": {"per": 41.183465122470864}, "ai": {"per": 39.8879578361048}, "ow": {"per": 56.11}}