{"ch": {"per": 7.899306679378185}, "zh": {"per": 16.511835079902966}, "be": {"per": 9.071883553101586}, "lu": {"per": 11.74234102254583}, "ur": {"per": 33.50580978641956}, "sz": {"per": 11.162029156923502}, "nw": {"per": 39.552098765}, "zg": {"per": 19.30630076210526}, "fr": {"per": 0.46134979299568357}, "so": {"per": 13.707181452083816}, "bs": {"per": 11.084179022649579}, "bl": {"per": 8.736431318846414}, "sh": {"per": 21.62581791595528}, "ar": {"per": 48.83145277283887}, "sg": {"per": 9.351524124474956}, "gr": {"per": -1.625714189068951}, "ag": {"per": 14.879809765474356}, "tg": {"per": 21.975744629560218}, "ti": {"per": -0.2984649576860434}, "vd": {"per": 1.8633251499306454}, "vs": {"per": -41.33369496829825}, "ne": {"per": 21.516460062316938}, "ge": {"per": 0.14150803159125758}, "ju": {"per": -12.236998246774903}, "gl": {"per": -33.41}, "ai": {"per": -44.64}, "ow": {"per": 56.29}}