{"ch": {"per": -1.184795788561317}, "zh": {"per": -0.0108170130270544}, "be": {"per": -5.030815773500169}, "lu": {"per": 2.7070378622072333}, "ur": {"per": -7.464190213580437}, "sz": {"per": -3.6546570556820974}, "nw": {"per": -3.817901235000001}, "zg": {"per": 0.6293363764873341}, "fr": {"per": -4.492338846048256}, "so": {"per": -4.244800474163071}, "bs": {"per": -8.759050120990779}, "bl": {"per": -10.624173460847821}, "sh": {"per": -10.84309057866366}, "ar": {"per": 15.846783476471966}, "sg": {"per": -0.7282934891846047}, "gr": {"per": 4.905545167977646}, "ag": {"per": -4.426687066438639}, "tg": {"per": 0.1620385501426469}, "ti": {"per": 3.5718740849175035}, "vd": {"per": -5.856174640194638}, "vs": {"per": 5.304572659681689}, "ne": {"per": 1.2043663420000001}, "ge": {"per": 4.555981943310563}, "ju": {"per": -0.36094282887462725}, "gl": {"per": -10.556534877529138}, "ai": {"per": -5.302042163895193}, "ow": {"per": 16.22}}