{"ch": {"per": -10.825996275448617}, "zh": {"per": -6.328494619340596}, "be": {"per": -11.821137751429546}, "lu": {"per": -15.26600464075927}, "ur": {"per": -50.52}, "sz": {"per": -15.773112593246346}, "nw": {"per": 1.2900785630000087}, "zg": {"per": -14.087541880356653}, "fr": {"per": -10.192261689772081}, "so": {"per": -16.318235518589972}, "bs": {"per": -13.136777753390206}, "bl": {"per": -10.75389707610779}, "sh": {"per": -4.3677282289687085}, "ar": {"per": -24.280784405225482}, "sg": {"per": -16.68267230346374}, "gr": {"per": -19.16626630094993}, "ag": {"per": -7.739084050341546}, "tg": {"per": -7.593522637473534}, "ti": {"per": -23.152498789156255}, "vd": {"per": 0.6818161968829202}, "vs": {"per": -18.164702512642684}, "ne": {"per": -9.12154594907416}, "ge": {"per": -2.6278793079546574}, "ju": {"per": -24.9935944080464}, "gl": {"per": -48.68}, "ai": {"per": -54.02}, "ow": {"per": 51.43}}