{"ch": {"per": -11.755320074981078}, "zh": {"per": -2.804229589416842}, "be": {"per": -8.448169683554184}, "lu": {"per": -23.864214494083157}, "ur": {"per": -34.11580978641957}, "sz": {"per": -23.097256441561107}, "nw": {"per": -17.91209876499999}, "zg": {"per": -15.359336376487327}, "fr": {"per": -15.40602224405798}, "so": {"per": -17.080947152723247}, "bs": {"per": 8.321537291684884}, "bl": {"per": -0.033331449668025925}, "sh": {"per": -5.113678037919989}, "ar": {"per": -41.91678347647197}, "sg": {"per": -21.602105739430634}, "gr": {"per": -21.687805439682727}, "ag": {"per": -13.60069347105378}, "tg": {"per": -22.69961599002341}, "ti": {"per": -10.947671256968242}, "vd": {"per": 1.6002511348530035}, "vs": {"per": -36.81457265968169}, "ne": {"per": -6.493239244999998}, "ge": {"per": 3.191083051098296}, "ju": {"per": -23.549057171125376}, "gl": {"per": -18.12346512247086}, "ai": {"per": -28.59795783610482}, "ow": {"per": -43.9}}