{"ch": {"per": 5.369664473619348}, "zh": {"per": 3.701174137555334}, "be": {"per": 7.365768188682303}, "lu": {"per": 9.643276122855031}, "ur": {"per": 9.515809786419567}, "sz": {"per": 3.415342944317903}, "nw": {"per": 5.592098764999996}, "zg": {"per": 2.1693363764873332}, "fr": {"per": 4.097661153951741}, "so": {"per": 7.455199525836925}, "bs": {"per": -6.979050120990777}, "bl": {"per": -7.199794295045127}, "sh": {"per": -1.403090578663658}, "ar": {"per": 24.736783476471967}, "sg": {"per": 8.681706510815395}, "gr": {"per": 13.09554516797764}, "ag": {"per": 2.829194121053181}, "tg": {"per": 11.572038550142647}, "ti": {"per": 17.968598313259704}, "vd": {"per": -7.0077805018162636}, "vs": {"per": 12.824572659681682}, "ne": {"per": -2.296760755000008}, "ge": {"per": -1.8386020719305378}, "ju": {"per": 5.989057171125367}, "gl": {"per": 5.063465122470863}, "ai": {"per": 6.817957836104803}, "ow": {"per": 27.54}}