{"ch": {"per": 9.76907127889405}, "zh": {"per": 2.48468424722941}, "be": {"per": 5.19818175628312}, "lu": {"per": 18.8831812726352}, "ur": {"per": 50.75}, "sz": {"per": 11.335026090489556}, "nw": {"per": -1.6100785630000019}, "zg": {"per": 15.327541880356659}, "fr": {"per": 15.991810400000311}, "so": {"per": 14.88103899395475}, "bs": {"per": 12.309532464235485}, "bl": {"per": 9.771401986623633}, "sh": {"per": 1.1577282289687005}, "ar": {"per": 13.06078440522549}, "sg": {"per": 11.36662778277286}, "gr": {"per": 19.126266300949933}, "ag": {"per": 3.472849402708164}, "tg": {"per": 3.263278852764742}, "ti": {"per": 18.568939075394937}, "vd": {"per": 6.012089903597097}, "vs": {"per": 22.43470251264269}, "ne": {"per": 15.674134191000007}, "ge": {"per": 14.474358093381593}, "ju": {"per": 29.1035944080464}, "gl": {"per": 42.33}, "ai": {"per": 52.12}, "ow": {"per": -54.72}}