{"ch": {"per": -9.072527371038014}, "zh": {"per": -3.7704365057001112}, "be": {"per": -9.258892402880434}, "lu": {"per": -13.516004640759256}, "ur": {"per": -48.51}, "sz": {"per": -11.753112593246364}, "nw": {"per": -3.119921437000002}, "zg": {"per": -7.537541880356656}, "fr": {"per": -17.612261689772083}, "so": {"per": -21.15823551858996}, "bs": {"per": -8.57677775339019}, "bl": {"per": -10.023897076107772}, "sh": {"per": -1.0177282289687}, "ar": {"per": -13.47078440522548}, "sg": {"per": -9.422672303463727}, "gr": {"per": -10.436266300949939}, "ag": {"per": -8.189084050341542}, "tg": {"per": -3.6435226374735237}, "ti": {"per": -16.005074671372327}, "vd": {"per": -0.06555523213461356}, "vs": {"per": -20.074702512642688}, "ne": {"per": -9.914134191000002}, "ge": {"per": -5.236839072549344}, "ju": {"per": -19.61359440804641}, "gl": {"per": -49.13}, "ai": {"per": -48.51}, "ow": {"per": 52.27}}