{"ch": {"per": 21.214444532620885}, "zh": {"per": 13.949378134928622}, "be": {"per": 17.33942490280088}, "lu": {"per": 27.922242901407063}, "ur": {"per": 58.17}, "sz": {"per": 24.333112593246355}, "nw": {"per": 13.599921436999992}, "zg": {"per": 21.417541880356662}, "fr": {"per": 24.652261689772075}, "so": {"per": 29.188235518589973}, "bs": {"per": 19.856777753390194}, "bl": {"per": 23.018276241910492}, "sh": {"per": 12.537728228968703}, "ar": {"per": 23.570784405225492}, "sg": {"per": 23.202672303463736}, "gr": {"per": 25.59626630094994}, "ag": {"per": 18.47496523783336}, "tg": {"per": 15.663522637473534}, "ti": {"per": 55.89507467137233}, "vd": {"per": 12.860635051695706}, "vs": {"per": 28.36470251264269}, "ne": {"per": 17.904134191}, "ge": {"per": 20.956839072549354}, "ju": {"per": 28.5935944080464}, "gl": {"per": 59.39}, "ai": {"per": 63.48}, "ow": {"per": -40.88}}