{"ch": {"per": 28.247876461902656}, "zh": {"per": 18.401839702959677}, "be": {"per": 8.048029052803535}, "lu": {"per": 29.894034762141615}, "ur": {"per": 63.17}, "sz": {"per": 22.868668567194888}, "nw": {"per": 14.019921436999994}, "zg": {"per": 30.017541880356656}, "fr": {"per": 42.957818086409574}, "so": {"per": 35.300929333512016}, "bs": {"per": 34.54972921488941}, "bl": {"per": 27.766433949535894}, "sh": {"per": 20.087728228968707}, "ar": {"per": 24.190784405225486}, "sg": {"per": 26.853234516082686}, "gr": {"per": 17.172044169154475}, "ag": {"per": 20.94433452941113}, "tg": {"per": 15.465072928858646}, "ti": {"per": 54.84893907539493}, "vd": {"per": 41.723443804506104}, "vs": {"per": 53.654605677194695}, "ne": {"per": 47.1390231978}, "ge": {"per": 55.48683907254936}, "ju": {"per": 56.0835944080464}, "gl": {"per": -8.06346512247086}, "ai": {"per": 59.45}, "ow": {"per": -40.55}}