{"ch": {"per": -6.572290307339305}, "zh": {"per": -11.553392158391837}, "be": {"per": -8.028027558601746}, "lu": {"per": -7.294794100800132}, "ur": {"per": 35.44}, "sz": {"per": -18.81970556614441}, "nw": {"per": -14.790078562999998}, "zg": {"per": -13.563992154140596}, "fr": {"per": 0.626044817968328}, "so": {"per": -0.2638504481929509}, "bs": {"per": 8.101397320344255}, "bl": {"per": -1.553282829705413}, "sh": {"per": -13.255934165112947}, "ar": {"per": -6.572468173176901}, "sg": {"per": -14.349115013738839}, "gr": {"per": -1.121756347601604}, "ag": {"per": -11.291507649618605}, "tg": {"per": -21.952731079463568}, "ti": {"per": -1.8279208882817528}, "vd": {"per": 0.003244105402455233}, "vs": {"per": -3.3547538343588776}, "ne": {"per": -2.587263235080151}, "ge": {"per": -1.8020554815022471}, "ju": {"per": 11.940724103604566}, "gl": {"per": 28.58}, "ai": {"per": 31.18}, "ow": {"per": -65.08}}