{"ch": {"per": 6.326739192920439}, "zh": {"per": 0.3440333053716458}, "be": {"per": 4.083750306021145}, "lu": {"per": 5.35388549230294}, "ur": {"per": 10.865809786419565}, "sz": {"per": -0.07274355843889779}, "nw": {"per": 1.522098764999999}, "zg": {"per": 1.3193363764873318}, "fr": {"per": 14.937209864179977}, "so": {"per": 10.288003001201712}, "bs": {"per": -5.636295410145486}, "bl": {"per": -5.982188330057959}, "sh": {"per": -2.853090578663661}, "ar": {"per": 20.49678347647197}, "sg": {"per": 4.385661990124522}, "gr": {"per": 9.585545167977646}, "ag": {"per": 1.9396476418096924}, "tg": {"per": 4.461794765433861}, "ti": {"per": 0.8930721806626067}, "vd": {"per": 11.175819529107756}, "vs": {"per": 13.114572659681684}, "ne": {"per": 13.573239244999996}, "ge": {"per": 11.328916948901707}, "ju": {"per": 21.17905717112538}, "gl": {"per": 4.593465122470864}, "ai": {"per": -2.832042163895192}, "ow": {"per": 23.04}}