{"ch": {"per": 25.69191716158289}, "zh": {"per": 24.058941629228492}, "be": {"per": 24.52053249992045}, "lu": {"per": 29.386238260647794}, "ur": {"per": 30.01}, "sz": {"per": 34.22}, "nw": {"per": 29.18}, "zg": {"per": 24.39}, "fr": {"per": 25.48}, "so": {"per": 30.45}, "bs": {"per": 23.78}, "bl": {"per": 25.354379165802705}, "sh": {"per": 31.81}, "ar": {"per": 30.0}, "sg": {"per": 30.36}, "gr": {"per": 21.99}, "ag": {"per": 29.055881187491813}, "tg": {"per": 30.87}, "ti": {"per": 36.89}, "vd": {"per": 17.235079819561083}, "vs": {"per": 21.26}, "ne": {"per": 21.78}, "ge": {"per": 21.36}, "ju": {"per": 22.76}, "gl": {"per": 30.78}, "ai": {"per": 30.78}, "ow": {"per": 32.64}}