{"ch": {"per": -18.820993129391773}, "zh": {"per": -21.056183416677264}, "be": {"per": -18.96713693677913}, "lu": {"per": -27.04754855420923}, "ur": {"per": 24.37}, "sz": {"per": -36.07575716809659}, "nw": {"per": -21.270078563}, "zg": {"per": -30.82427242565275}, "fr": {"per": -13.732021778553914}, "so": {"per": -19.96882622497359}, "bs": {"per": -4.645815703035574}, "bl": {"per": -14.576460408746094}, "sh": {"per": -23.78336327641235}, "ar": {"per": -21.14454629840759}, "sg": {"per": -31.11446018812552}, "gr": {"per": -19.8105930968837}, "ag": {"per": -27.20004456516912}, "tg": {"per": -36.76978874227838}, "ti": {"per": -1.2263613585825013}, "vd": {"per": -6.396295795487994}, "vs": {"per": -28.23346827988926}, "ne": {"per": 3.4318272532000016}, "ge": {"per": -0.3667370391539997}, "ju": {"per": -5.86246100985386}, "gl": {"per": 16.92}, "ai": {"per": -58.077957836104815}, "ow": {"per": -78.61000000000001}}