{"ch": {"per": -6.200735254877477}, "zh": {"per": -9.697664914063655}, "be": {"per": -6.651414586812773}, "lu": {"per": -6.042597536104299}, "ur": {"per": 6.0}, "sz": {"per": 2.2628506105761654}, "nw": {"per": -13.557901235000001}, "zg": {"per": -14.750313509440733}, "fr": {"per": -3.506807488428893}, "so": {"per": -5.289378144483891}, "bs": {"per": -7.639459443287807}, "bl": {"per": -10.101487599825592}, "sh": {"per": 10.87}, "ar": {"per": 1.516783476471967}, "sg": {"per": -5.025267700638173}, "gr": {"per": -3.4681563525959183}, "ag": {"per": -5.4071656979748735}, "tg": {"per": -4.390841925036754}, "ti": {"per": -0.23681935668998655}, "vd": {"per": -12.313386654765694}, "vs": {"per": -1.1197731318433024}, "ne": {"per": -5.7530609519999985}, "ge": {"per": -10.406044822461393}, "ju": {"per": -5.055141958967104}, "gl": {"per": 6.39}, "ai": {"per": 5.15}, "ow": {"per": 5.94}}