{"ch": {"per": -3.6848713578902625}, "zh": {"per": -5.6935197501438815}, "be": {"per": -8.245474957835466}, "lu": {"per": 1.2742144940831572}, "ur": {"per": -1.5941902135804327}, "sz": {"per": -3.4727435584388964}, "nw": {"per": -3.507901235000002}, "zg": {"per": -2.42066362351267}, "fr": {"per": -4.832790135820037}, "so": {"per": -1.9919969987982924}, "bs": {"per": -16.69629541014548}, "bl": {"per": -15.506668550331973}, "sh": {"per": -7.313090578663662}, "ar": {"per": 14.806783476471965}, "sg": {"per": -2.8743380098754763}, "gr": {"per": 5.005545167977644}, "ag": {"per": -6.502921714072027}, "tg": {"per": -0.988205234566145}, "ti": {"per": 3.697671256968249}, "vd": {"per": -7.136325649914873}, "vs": {"per": 6.894572659681689}, "ne": {"per": -4.616760755000001}, "ge": {"per": -3.8210830510982916}, "ju": {"per": -3.4209428288746366}, "gl": {"per": -7.606534877529143}, "ai": {"per": -8.062042163895192}, "ow": {"per": 15.31}}