{"ch": {"per": -2.0424896731730264}, "zh": {"per": 0.8240333053716427}, "be": {"per": 1.0837503060211446}, "lu": {"per": 6.253885492302935}, "ur": {"per": 3.60580978641957}, "sz": {"per": -3.8427435584388974}, "nw": {"per": -1.6179012350000015}, "zg": {"per": -1.3906636235126726}, "fr": {"per": -6.492790135820037}, "so": {"per": 1.708003001201707}, "bs": {"per": -9.326295410145477}, "bl": {"per": -12.392188330057962}, "sh": {"per": -4.443090578663661}, "ar": {"per": 21.70678347647197}, "sg": {"per": 3.085661990124521}, "gr": {"per": 6.215545167977645}, "ag": {"per": -3.6503523581903146}, "tg": {"per": 4.971794765433856}, "ti": {"per": 1.667671256968248}, "vd": {"per": -16.724180470892247}, "vs": {"per": -4.235427340318312}, "ne": {"per": -12.746760754999997}, "ge": {"per": -17.961083051098292}, "ju": {"per": -8.030942828874636}, "gl": {"per": 1.533465122470858}, "ai": {"per": -0.31204216389519246}, "ow": {"per": 17.76}}