{"ch": {"per": 0.8871116783350885}, "zh": {"per": 5.238074153980492}, "be": {"per": -2.5221895008950455}, "lu": {"per": -0.18472347202671813}, "ur": {"per": 21.725809786419568}, "sz": {"per": -5.157970843076498}, "nw": {"per": 23.652098764999998}, "zg": {"per": -1.7924779295220858}, "fr": {"per": -3.6310659177367484}, "so": {"per": -1.949168402804581}, "bs": {"per": -9.288692115917321}, "bl": {"per": -10.156373238076291}, "sh": {"per": 1.7658179159552745}, "ar": {"per": 25.331452772838873}, "sg": {"per": -0.5348637681549278}, "gr": {"per": -4.005536361651437}, "ag": {"per": 1.1535536096284744}, "tg": {"per": 4.090277461775862}, "ti": {"per": 1.907771746685178}, "vd": {"per": 11.578097403810432}, "vs": {"per": -14.523694968298258}, "ne": {"per": 8.205821313999998}, "ge": {"per": 4.7278218163661165}, "ju": {"per": -16.476998246774883}, "gl": {"per": -54.63}, "ai": {"per": -59.55000000000001}, "ow": {"per": 40.96}}