{"ch": {"per": 8.513138721217558}, "zh": {"per": 0.6645622172489141}, "be": {"per": 3.1173184037164248}, "lu": {"per": 14.941516237036513}, "sz": {"per": 11.28577490804264}, "zg": {"per": 11.873083739410916}, "fr": {"per": 13.743010978800775}, "so": {"per": 13.373848276177892}, "bs": {"per": 9.037050276761317}, "bl": {"per": 9.716919776784714}, "sh": {"per": -7.67307109388814}, "ar": {"per": 7.9449853456311175}, "sg": {"per": 8.1578808839676}, "gr": {"per": 12.070953110738305}, "ag": {"per": 4.406838424313847}, "tg": {"per": 3.7840691721327175}, "ti": {"per": 25.630006673279404}, "vd": {"per": 9.392199573599605}, "vs": {"per": 22.465086610963585}, "ne": {"per": 13.880662358418569}, "ge": {"per": 16.001824000253226}, "ju": {"per": 25.710115513438254}, "gl": {"per": 48.74}, "ai": {"per": 54.28}, "ur": {"per": 6.222232363920909}, "ow": {"per": -47.46}, "nw": {"per": -49.35}}