{"ch": {"per": 10.445415326683403}, "zh": {"per": 7.176073327376471}, "be": {"per": 7.398856833966732}, "lu": {"per": 14.403568452811403}, "sz": {"per": 18.926457564314497}, "zg": {"per": 11.025610197577137}, "fr": {"per": 9.427095434514857}, "so": {"per": 13.1672685539011}, "bs": {"per": -3.3109287543243724}, "bl": {"per": 1.5944804469019829}, "sh": {"per": 10.224652650029448}, "ar": {"per": 9.352705017084858}, "sg": {"per": 14.919570618378316}, "gr": {"per": 20.40012063852634}, "ag": {"per": 12.249596008397933}, "tg": {"per": 17.609688674786124}, "ti": {"per": 21.29332599318198}, "vd": {"per": 4.9947478845991995}, "vs": {"per": 17.615117693717977}, "ne": {"per": -0.5031029228007782}, "ge": {"per": 4.073563448988125}, "ju": {"per": 12.734230398954296}, "gl": {"per": -9.110270536563306}, "ai": {"per": 13.414922279606635}, "ur": {"per": 8.793984999659468}, "ow": {"per": 31.46}, "nw": {"per": 30.85}}