{"ch": {"per": 30.150642454846267}, "zh": {"per": 28.495689521841108}, "be": {"per": 29.309615610215708}, "lu": {"per": 29.22211628478787}, "sz": {"per": 31.87}, "zg": {"per": 30.84}, "fr": {"per": 35.15834098996275}, "so": {"per": 34.87973949553737}, "bs": {"per": 34.3828803765004}, "bl": {"per": 32.9691844881865}, "sh": {"per": 26.97455065205028}, "ar": {"per": 34.65}, "sg": {"per": 33.49717417265449}, "gr": {"per": 28.65}, "ag": {"per": 31.4414200986771}, "tg": {"per": 32.464866234675895}, "ti": {"per": 37.07701779378769}, "vd": {"per": 24.055554368103174}, "vs": {"per": 32.63}, "ne": {"per": 28.647832074298172}, "ge": {"per": 20.57121531922816}, "ju": {"per": 37.29415162175928}, "gl": {"per": 35.68}, "ai": {"per": 27.44}, "ur": {"per": 30.91}, "ow": {"per": 26.88}, "nw": {"per": 29.27}}