{"ch": {"per": 15.72877379045434}, "zh": {"per": 17.884101754383387}, "be": {"per": 15.07349549607846}, "lu": {"per": 10.888801251216675}, "sz": {"per": 12.473634686301407}, "zg": {"per": 9.192648211799344}, "fr": {"per": 18.706555062490242}, "so": {"per": 15.609462635505048}, "bs": {"per": 23.17172707007955}, "bl": {"per": 8.626883565087581}, "sh": {"per": 20.957395422745233}, "ar": {"per": 20.76}, "sg": {"per": 12.719809348192367}, "gr": {"per": 17.85}, "ag": {"per": 13.22069789799739}, "tg": {"per": 13.71372443013312}, "ti": {"per": 18.30682773430587}, "vd": {"per": 12.753766330563357}, "vs": {"per": 14.20273495536265}, "ne": {"per": 20.33660421473389}, "ge": {"per": 21.3099109938239}, "ju": {"per": 26.196294429786988}, "gl": {"per": 18.16}, "ai": {"per": 12.6}, "ur": {"per": -11.546015000340534}, "ow": {"per": 13.77}, "nw": {"per": 13.16}}