{"ch": {"per": 10.051080506518176}, "zh": {"per": 16.791212947331232}, "be": {"per": 15.188421516274076}, "lu": {"per": -5.54867600571805}, "sz": {"per": 3.5908249089136035}, "zg": {"per": 0.6592607581474397}, "fr": {"per": 7.731223628651954}, "so": {"per": -2.2943237225740916}, "bs": {"per": 8.424292272578136}, "bl": {"per": 11.749500014694988}, "sh": {"per": 32.64476068885679}, "ar": {"per": 1.3126411730928211}, "sg": {"per": 4.119233583859653}, "gr": {"per": -9.029809047912742}, "ag": {"per": 13.43473526253208}, "tg": {"per": 9.130415985185358}, "ti": {"per": -21.215671375374903}, "vd": {"per": 27.71087978578492}, "vs": {"per": -12.376052324958934}, "ne": {"per": 24.486505346979847}, "ge": {"per": 22.106144309438264}, "ju": {"per": -2.48389053375638}, "gl": {"per": -42.44}, "ai": {"per": -50.33}, "ur": {"per": 12.89089216452573}, "ow": {"per": 49.72}, "nw": {"per": 55.19}}