{"ch": {"per": 1.6843594816825487}, "zh": {"per": -4.03749495406246}, "be": {"per": -2.7602010366285086}, "lu": {"per": 3.664941039412291}, "sz": {"per": 4.221420663917311}, "zg": {"per": 3.6702036157515288}, "fr": {"per": 3.4435396713424637}, "so": {"per": 0.11275195296540019}, "bs": {"per": -12.226077767767158}, "bl": {"per": -6.086327725968715}, "sh": {"per": 2.6346526500294445}, "ar": {"per": 3.7527050170848604}, "sg": {"per": 2.8749912431360265}, "gr": {"per": 4.900961442264023}, "ag": {"per": -0.320349308832963}, "tg": {"per": 3.572108759028609}, "ti": {"per": 12.622484961153262}, "vd": {"per": 3.7877258632774726}, "vs": {"per": 10.735117693717978}, "ne": {"per": -5.559825685857923}, "ge": {"per": 7.970721922079399}, "ju": {"per": 7.004230398954299}, "gl": {"per": -15.450270536563313}, "ai": {"per": 4.35492227960663}, "ur": {"per": -1.2860150003405337}, "ow": {"per": 22.94}, "nw": {"per": 22.84}}