{"ch": {"per": 11.412215676097084}, "zh": {"per": 5.422505045937541}, "be": {"per": 3.9597989633714974}, "lu": {"per": 11.674941039412293}, "sz": {"per": 14.601420663917306}, "zg": {"per": 13.180203615751523}, "fr": {"per": 14.533539671342467}, "so": {"per": 8.9327519529654}, "bs": {"per": 1.2139222322328536}, "bl": {"per": 8.833672274031272}, "sh": {"per": 13.124652650029454}, "ar": {"per": 13.50270501708486}, "sg": {"per": 12.484991243136022}, "gr": {"per": 18.500961442264018}, "ag": {"per": 6.389650691167045}, "tg": {"per": 13.522108759028605}, "ti": {"per": 24.9245335393926}, "vd": {"per": 12.037725863277458}, "vs": {"per": 28.26511769371798}, "ne": {"per": 7.1701743141420735}, "ge": {"per": 15.02072192207941}, "ju": {"per": 19.694230398954296}, "gl": {"per": -8.120270536563318}, "ai": {"per": 15.034922279606633}, "ur": {"per": 13.46398499965947}, "ow": {"per": 35.13}, "nw": {"per": 34.96}}