{"ch": {"per": -29.58116143592747}, "zh": {"per": -29.459837395496436}, "be": {"per": -34.88014369094125}, "lu": {"per": -35.01145216802354}, "sz": {"per": -38.336457564314486}, "zg": {"per": -24.585610197577154}, "fr": {"per": -32.51709543451485}, "so": {"per": -38.8772685539011}, "bs": {"per": -3.739071245675639}, "bl": {"per": -23.504480446901987}, "sh": {"per": -24.21465265002945}, "ar": {"per": -28.082705017084855}, "sg": {"per": -36.57261075677193}, "gr": {"per": -44.27012063852634}, "ag": {"per": -35.42959600839792}, "tg": {"per": -38.949688674786124}, "ti": {"per": -28.32332599318199}, "vd": {"per": -10.28681786834516}, "vs": {"per": -34.945117693717975}, "ne": {"per": -10.06689707719923}, "ge": {"per": -10.803563448988129}, "ju": {"per": -29.144230398954292}, "gl": {"per": -15.299729463436691}, "ai": {"per": -32.114922279606624}, "ur": {"per": -35.493984999659475}, "ow": {"per": -51.99}, "nw": {"per": -49.12000000000001}}