{"ch": {"per": 23.182167794566386}, "zh": {"per": 24.202206358997824}, "be": {"per": 22.096190329717377}, "lu": {"per": 21.145378069023064}, "sz": {"per": 19.0}, "zg": {"per": 21.67}, "fr": {"per": 24.95}, "so": {"per": 21.48}, "bs": {"per": 29.68}, "bl": {"per": 23.92}, "sh": {"per": 27.21}, "ar": {"per": 27.69}, "sg": {"per": 23.679340650514025}, "gr": {"per": 20.34}, "ag": {"per": 21.58}, "tg": {"per": 25.35}, "ti": {"per": 24.31145054898131}, "vd": {"per": 17.819798228265583}, "vs": {"per": 24.01}, "ne": {"per": 12.206420087914708}, "ge": {"per": 32.752560945654864}, "ju": {"per": 23.041713773810386}, "gl": {"per": 21.98}, "ai": {"per": 20.71}, "ur": {"per": 20.07}, "ow": {"per": 17.92}, "nw": {"per": 17.98}}