{"ch": {"per": 22.948776812031127}, "zh": {"per": 21.19876690505553}, "be": {"per": 32.710603971241504}, "lu": {"per": 17.068446967213617}, "sz": {"per": 7.354449420179918}, "zg": {"per": 11.263188783206694}, "fr": {"per": 14.664694713071597}, "so": {"per": 12.174442333776824}, "bs": {"per": 9.233822658473748}, "bl": {"per": 22.95943466361559}, "sh": {"per": 6.887985723226102}, "ar": {"per": 22.367424366492628}, "sg": {"per": 16.355467772546767}, "gr": {"per": 21.61499553797637}, "ag": {"per": 20.785726765855856}, "tg": {"per": 23.590258755515585}, "ti": {"per": 25.501197164329852}, "vd": {"per": 47.765154654412285}, "vs": {"per": 5.948669267014566}, "ne": {"per": 34.41424387741978}, "ge": {"per": 31.82295315404587}, "ju": {"per": 13.54564285205123}, "gl": {"per": 24.90972946343669}, "ai": {"per": -23.85000000000001}, "ur": {"per": 23.339186949787916}}