{"ch": {"per": 7.2536894043141835}, "zh": {"per": -0.9728957792754684}, "be": {"per": 0.6791141382279449}, "lu": {"per": 6.107918787175045}, "sz": {"per": 7.656641005531503}, "zg": {"per": 5.4436049490649125}, "fr": {"per": 16.924229075021724}, "so": {"per": 3.1805787161180312}, "bs": {"per": -14.08840929851469}, "bl": {"per": -6.438418763246332}, "sh": {"per": 0.6146526500294556}, "ar": {"per": 3.572705017084857}, "sg": {"per": 6.184952101040828}, "gr": {"per": 10.407577723341053}, "ag": {"per": 2.00482544419485}, "tg": {"per": 7.059221620165186}, "ti": {"per": 16.082175878912004}, "vd": {"per": 23.70035753603471}, "vs": {"per": 20.05511769371798}, "ne": {"per": 9.284389662649637}, "ge": {"per": 21.382164762902555}, "ju": {"per": 21.094230398954295}, "gl": {"per": -13.77027053656331}, "ai": {"per": 4.184922279606631}, "ur": {"per": -1.2360150003405366}, "ow": {"per": 20.44}, "nw": {"per": 22.47}}