{"ch": {"per": 10.524359481682545}, "zh": {"per": 6.422505045937548}, "be": {"per": 5.789798963371503}, "lu": {"per": 8.974941039412297}, "sz": {"per": 21.90142066391731}, "zg": {"per": 16.160203615751527}, "fr": {"per": -0.12646032865752943}, "so": {"per": 17.152751952965406}, "bs": {"per": -2.44607776776715}, "bl": {"per": 10.003672274031274}, "sh": {"per": 16.31465265002945}, "ar": {"per": 15.27270501708486}, "sg": {"per": 13.714991243136023}, "gr": {"per": 23.720961442264024}, "ag": {"per": 11.009650691167042}, "tg": {"per": 11.852108759028606}, "ti": {"per": 22.98248496115327}, "vd": {"per": -1.352274136722535}, "vs": {"per": 30.36511769371798}, "ne": {"per": -5.629825685857924}, "ge": {"per": 15.91072192207941}, "ju": {"per": -3.3157696010457087}, "gl": {"per": 4.219729463436693}, "ai": {"per": 14.864922279606631}, "ur": {"per": 15.553984999659466}, "ow": {"per": 35.92}, "nw": {"per": 40.68}}