{"ch": {"per": 6.407127330212084}, "zh": {"per": 6.846073327376473}, "be": {"per": 0.9388568339667316}, "lu": {"per": 12.213568452811408}, "sz": {"per": 11.686457564314495}, "zg": {"per": 9.38561019757714}, "fr": {"per": 7.30709543451486}, "so": {"per": 9.107268553901093}, "bs": {"per": -7.230928754324367}, "bl": {"per": -2.365519553098018}, "sh": {"per": 6.89465265002945}, "ar": {"per": 7.662705017084853}, "sg": {"per": 11.14957061837831}, "gr": {"per": 10.400120638526339}, "ag": {"per": 8.239596008397925}, "tg": {"per": 12.919688674786123}, "ti": {"per": 15.479349133583753}, "vd": {"per": -1.4552521154007962}, "vs": {"per": 2.8551176937179754}, "ne": {"per": 0.07689707719922012}, "ge": {"per": 6.253563448988125}, "ju": {"per": 0.6242303989542961}, "gl": {"per": -10.52027053656331}, "ai": {"per": 8.934922279606635}, "ur": {"per": 3.2139849996594734}, "ow": {"per": 24.2}, "nw": {"per": 24.31}}