{"ch": {"per": -15.699469283922369}, "zh": {"per": -10.679097904717835}, "be": {"per": -16.534435250285398}, "lu": {"per": -13.099627649953376}, "sz": {"per": -30.371253045282337}, "zg": {"per": -15.731023269801426}, "fr": {"per": -19.832499917452523}, "so": {"per": -28.60912137024056}, "bs": {"per": -7.301735727202711}, "bl": {"per": -11.808692993252151}, "sh": {"per": -25.549272621950053}, "ar": {"per": -32.900000000000006}, "sg": {"per": -16.13332445669451}, "gr": {"per": -19.17203406552389}, "ag": {"per": -20.27929015082274}, "tg": {"per": -15.929226363587702}, "ti": {"per": -28.29478129656428}, "vd": {"per": 1.9492442357935431}, "vs": {"per": -21.78399847780581}, "ne": {"per": -8.203082638918431}, "ge": {"per": -17.640897548220927}, "ju": {"per": -22.44173951613277}, "gl": {"per": -37.55}, "ai": {"per": -32.86999999999999}, "ur": {"per": 18.07918694978791}}