{"ch": {"per": -4.037315403036111}, "zh": {"per": 5.011656457338773}, "be": {"per": -1.470189820585908}, "lu": {"per": -5.281516237036513}, "sz": {"per": -5.745774908042641}, "zg": {"per": -2.243083739410906}, "fr": {"per": -10.823010978800788}, "so": {"per": -11.563848276177907}, "bs": {"per": -4.217050276761313}, "bl": {"per": -7.116919776784712}, "sh": {"per": 11.773071093888142}, "ar": {"per": 1.0450146543688774}, "sg": {"per": 1.7421191160323914}, "gr": {"per": -14.470953110738328}, "ag": {"per": -0.736838424313845}, "tg": {"per": 2.4759308278672805}, "ti": {"per": -39.512673764582644}, "vd": {"per": -3.7008984768982884}, "vs": {"per": -20.34508661096359}, "ne": {"per": -3.6113192841581565}, "ge": {"per": -6.345880726528307}, "ju": {"per": -23.51240263825003}, "gl": {"per": -44.44}, "ai": {"per": -47.09999999999999}, "ur": {"per": 1.8177676360790826}, "ow": {"per": 51.66}, "nw": {"per": 53.43}}