{"ch": {"per": 10.63893567296632}, "zh": {"per": 13.698084746193508}, "be": {"per": 9.071289097942639}, "lu": {"per": 11.554918502656122}, "sz": {"per": 11.215414611200003}, "ow": {"per": 24.048847711021274}, "zg": {"per": 5.795045952628527}, "fr": {"per": 11.318122948818228}, "so": {"per": 4.498722014033326}, "bs": {"per": -1.4299480859832627}, "bl": {"per": 1.5625822801504157}, "sh": {"per": 11.669097857181946}, "ar": {"per": 32.51}, "sg": {"per": 12.739909381195172}, "gr": {"per": 9.854758589390546}, "ag": {"per": 7.742412162498756}, "tg": {"per": 8.908777942046484}, "ti": {"per": 10.579056643598562}, "vd": {"per": 8.007731986657028}, "vs": {"per": 6.565124702274087}, "ne": {"per": 4.4877293574525225}, "ge": {"per": 9.619061459878914}, "ju": {"per": 6.063953041056358}, "ur": {"per": 8.014330338323433}, "gl": {"per": -0.5278523488357578}, "ai": {"per": 15.158561215360946}, "nw": {"per": 27.66}}