{"ch": {"per": -9.394009293984233}, "zh": {"per": -8.043665051752221}, "be": {"per": -5.7988829090382055}, "lu": {"per": -10.115580264957025}, "sz": {"per": -19.458729245000008}, "ow": {"per": -33.618847711021274}, "zg": {"per": -12.1590993258459}, "fr": {"per": -7.2556100548188525}, "so": {"per": -17.177320101653812}, "bs": {"per": 7.187266478883384}, "bl": {"per": -8.758112420645574}, "sh": {"per": -21.152568581937423}, "ar": {"per": -46.98}, "sg": {"per": -11.789039733029924}, "gr": {"per": -1.7274537384239324}, "ag": {"per": -12.954071589133093}, "tg": {"per": -15.653647661768112}, "ti": {"per": -13.294216563588826}, "vd": {"per": -4.66023470334337}, "vs": {"per": -4.268436067378275}, "ne": {"per": 2.7165596333528583}, "ge": {"per": -5.943295741943423}, "ju": {"per": -3.058099935932688}, "ur": {"per": -7.684330338323434}, "gl": {"per": -14.392147651164244}, "ai": {"per": -20.43856121536095}, "nw": {"per": -37.12}}