{"ch": {"per": 8.22729478084269}, "zh": {"per": 9.653503025854256}, "be": {"per": 8.59442630655328}, "lu": {"per": 10.31873422887389}, "sz": {"per": 8.732745015400003}, "ow": {"per": 24.118847711021274}, "zg": {"per": 1.154704200317866}, "fr": {"per": 8.702651885273333}, "so": {"per": 5.576344454447764}, "bs": {"per": -6.190426644096732}, "bl": {"per": -0.47819017789952767}, "sh": {"per": 5.54764842361903}, "ar": {"per": 36.38}, "sg": {"per": 10.704211028507501}, "gr": {"per": 16.11475858939054}, "ag": {"per": 5.803119828269065}, "tg": {"per": 7.921471066051815}, "ti": {"per": 10.789056643598563}, "vd": {"per": 2.720899753994196}, "vs": {"per": 9.065124702274087}, "ne": {"per": 0.9077293574525171}, "ge": {"per": 1.8808511158415229}, "ju": {"per": 6.248099935932686}, "ur": {"per": 6.014330338323436}, "gl": {"per": 1.0421476511642425}, "ai": {"per": 19.958561215360945}, "nw": {"per": 24.82}}