{"ch": {"per": -8.625486438855901}, "zh": {"per": -4.313554918752018}, "be": {"per": -11.462261789216143}, "lu": {"per": -11.331434997951511}, "sz": {"per": 2.7562972933528798}, "ow": {"per": 22.190952254340754}, "zg": {"per": -7.15989080695924}, "fr": {"per": -21.052895753526517}, "so": {"per": -6.093784364347918}, "bs": {"per": -16.90137308783401}, "bl": {"per": -12.282229941059335}, "sh": {"per": 1.118640764836023}, "ar": {"per": 39.06}, "sg": {"per": -3.1927009935477813}, "gr": {"per": -3.728549952921078}, "ag": {"per": -7.2726281064514}, "tg": {"per": -6.080520067879505}, "ti": {"per": 3.073323451409877}, "vd": {"per": -18.500749984081146}, "vs": {"per": -20.471526076568757}, "ne": {"per": -10.049337737888237}, "ge": {"per": -6.898078732935829}, "ju": {"per": -34.45553980533076}, "ur": {"per": -10.555714285367493}, "gl": {"per": -59.3}, "ai": {"per": 2.868665105424821}, "nw": {"per": 29.18}}