{"ch": {"per": -4.516457312563503}, "zh": {"per": 2.3379597146332642}, "be": {"per": -6.188177735365137}, "lu": {"per": -5.894535190924259}, "sz": {"per": 6.421888450222539}, "ow": {"per": 22.060952254340755}, "zg": {"per": -4.817507976202485}, "fr": {"per": -15.715284217298574}, "so": {"per": -1.9183014113681764}, "bs": {"per": -16.54907065692295}, "bl": {"per": -10.453823903451529}, "sh": {"per": 3.48331552394162}, "ar": {"per": 39.22}, "sg": {"per": 2.096112929520359}, "gr": {"per": 4.609988773892056}, "ag": {"per": -2.115651266844047}, "tg": {"per": -0.09747873847865662}, "ti": {"per": 5.173316495895278}, "vd": {"per": -15.323488473352377}, "vs": {"per": -18.407958958539353}, "ne": {"per": -16.93328586768348}, "ge": {"per": -10.635049074019683}, "ju": {"per": -32.31553980533076}, "ur": {"per": -10.315714285367491}, "gl": {"per": -59.9}, "ai": {"per": 2.938665105424821}, "nw": {"per": 28.93}}