{"ch": {"per": -17.612801168813164}, "zh": {"per": -13.190733856831287}, "be": {"per": -13.08690854191071}, "lu": {"per": -18.583466787253194}, "sz": {"per": -20.269433200138423}, "ow": {"per": 8.147656603221275}, "zg": {"per": -17.376081772229163}, "fr": {"per": -28.123185864647937}, "so": {"per": -24.88513078699033}, "bs": {"per": -16.898023784592198}, "bl": {"per": -25.143904566340474}, "sh": {"per": -8.217180166872147}, "ar": {"per": -6.979746089769982}, "sg": {"per": -16.609790846202884}, "gr": {"per": -13.20132577843193}, "ag": {"per": -17.467987649952498}, "tg": {"per": -12.97962835610609}, "ti": {"per": -16.51634369043117}, "vd": {"per": -23.90731270587019}, "vs": {"per": -29.373582837209653}, "ne": {"per": -19.386720703634836}, "ge": {"per": -13.558946864456281}, "ju": {"per": -36.77568155587485}, "ur": {"per": -2.975714285367495}, "gl": {"per": -60.07}, "ai": {"per": 12.028665105424817}, "nw": {"per": 38.21}}