{"ch": {"per": -4.572733052147079}, "zh": {"per": -2.4358674909061193}, "be": {"per": -0.19293980604587802}, "lu": {"per": -3.7398198080190994}, "sz": {"per": 2.553815681889475}, "ow": {"per": 19.450952254340756}, "zg": {"per": -15.347090190563037}, "fr": {"per": -6.037686644997137}, "so": {"per": -2.944292442834751}, "bs": {"per": -20.15560884255018}, "bl": {"per": -15.294240350227682}, "sh": {"per": -2.0572300633379825}, "ar": {"per": 31.04}, "sg": {"per": -0.2926725188453574}, "gr": {"per": -1.161862544069308}, "ag": {"per": -5.484138431499126}, "tg": {"per": -2.3486200005470224}, "ti": {"per": -0.0939451707877339}, "vd": {"per": -9.42088784932217}, "vs": {"per": -11.771817738529485}, "ne": {"per": -9.036306123924199}, "ge": {"per": -14.335816909196097}, "ju": {"per": -18.305539805330774}, "ur": {"per": -6.4757142853674985}, "gl": {"per": -67.37}, "ai": {"per": 0.538665105424819}, "nw": {"per": 22.59}}