{"ch": {"per": 11.342963366713015}, "zh": {"per": 7.806121243247809}, "be": {"per": 11.341332539228837}, "lu": {"per": 13.778565002048488}, "sz": {"per": 24.916297293352883}, "ow": {"per": 46.75095225434075}, "zg": {"per": 8.990109193040752}, "fr": {"per": 12.447104246473494}, "so": {"per": 14.16621563565208}, "bs": {"per": -9.021373087834007}, "bl": {"per": 8.187770058940664}, "sh": {"per": 20.33864076483603}, "ar": {"per": 55.3}, "sg": {"per": 16.097299006452218}, "gr": {"per": 20.11145004707891}, "ag": {"per": 12.557371893548606}, "tg": {"per": 19.499479932120487}, "ti": {"per": 10.410291737693008}, "vd": {"per": 7.973480728594382}, "vs": {"per": 16.988473923431236}, "ne": {"per": 0.48305549036999906}, "ge": {"per": 1.8083805284482466}, "ju": {"per": 1.2244601946692342}, "ur": {"per": 19.75428571463251}, "gl": {"per": -38.86}, "ai": {"per": 23.95866510542482}, "nw": {"per": 53.39}}