{"ch": {"per": 20.700469919982556}, "zh": {"per": 20.11520880931565}, "be": {"per": 20.80508393500898}, "lu": {"per": 18.698913953219222}, "sz": {"per": 17.71}, "ow": {"per": 16.65}, "zg": {"per": 17.37}, "fr": {"per": 20.65}, "so": {"per": 20.24311889284901}, "bs": {"per": 20.02}, "bl": {"per": 17.38}, "sh": {"per": 25.63}, "ar": {"per": 23.72}, "sg": {"per": 21.633930060665193}, "gr": {"per": 22.05}, "ag": {"per": 19.99}, "tg": {"per": 22.12}, "ti": {"per": 31.47}, "vd": {"per": 18.31439489527054}, "vs": {"per": 18.62}, "ne": {"per": 22.36}, "ge": {"per": 24.22}, "ju": {"per": 22.87}, "ur": {"per": 17.42}, "gl": {"per": 22.18}, "ai": {"per": 18.27}, "nw": {"per": 16.79}}