{"ch": {"per": 5.809841097440874}, "zh": {"per": 4.159348053886362}, "be": {"per": 2.935126547218978}, "lu": {"per": 1.528565002048481}, "sz": {"per": 13.206297293352883}, "ow": {"per": 35.91095225434075}, "zg": {"per": 0.9001091930407483}, "fr": {"per": 9.812607733242068}, "so": {"per": 4.116215635652075}, "bs": {"per": -11.389086310485467}, "bl": {"per": 0.10777005894065184}, "sh": {"per": 8.607866850392824}, "ar": {"per": 48.42}, "sg": {"per": 5.392116564030452}, "gr": {"per": 10.5214500470789}, "ag": {"per": 3.5172372294863976}, "tg": {"per": 3.6388428392017786}, "ti": {"per": 10.345626353094396}, "vd": {"per": 10.0836169420067}, "vs": {"per": 14.428473923431234}, "ne": {"per": -1.9369445096299955}, "ge": {"per": 12.146285585185424}, "ju": {"per": 1.0044601946692495}, "ur": {"per": 3.294285714632508}, "gl": {"per": -49.17}, "ai": {"per": 18.788665105424826}, "nw": {"per": 42.11}}