{"ch": {"per": -21.214739305658405}, "zh": {"per": -22.53256812904808}, "be": {"per": -26.385938136953254}, "lu": {"per": -24.599094145200112}, "sz": {"per": -35.343815681889474}, "ow": {"per": -51.220952254340745}, "zg": {"per": -10.312909809436967}, "fr": {"per": -17.607816841771445}, "so": {"per": -28.098826450014258}, "bs": {"per": 2.503322065201651}, "bl": {"per": -16.77575964977232}, "sh": {"per": -21.41199602221881}, "ar": {"per": -62.42}, "sg": {"per": -29.396075099398082}, "gr": {"per": -28.578137455930673}, "ag": {"per": -25.18572690443866}, "tg": {"per": -28.070742906534264}, "ti": {"per": -8.740393276745074}, "vd": {"per": -11.213643259360687}, "vs": {"per": -18.898182261470517}, "ne": {"per": -10.66369387607579}, "ge": {"per": -4.3020881475410775}, "ju": {"per": -5.364460194669228}, "ur": {"per": -26.134285714632497}, "gl": {"per": 37.03}, "ai": {"per": -36.21866510542483}, "nw": {"per": -53.42}}