{"ch": {"per": -3.690590154910929}, "zh": {"per": -8.559386845684408}, "be": {"per": -10.396349410286774}, "lu": {"per": -0.4617057722933211}, "sz": {"per": 7.376297293352884}, "ow": {"per": 31.55095225434075}, "zg": {"per": -5.979890806959247}, "fr": {"per": 5.127104246473486}, "so": {"per": -6.181351075308271}, "bs": {"per": -20.40137308783401}, "bl": {"per": -9.942229941059352}, "sh": {"per": -4.661359235163978}, "ar": {"per": 36.01}, "sg": {"per": -4.864527260978861}, "gr": {"per": 5.741450047078899}, "ag": {"per": -5.762628106451395}, "tg": {"per": -5.660520067879503}, "ti": {"per": 11.330968286754405}, "vd": {"per": 0.3661997447343168}, "vs": {"per": 4.518473923431237}, "ne": {"per": -0.2469445096299978}, "ge": {"per": -5.771619471551745}, "ju": {"per": -0.2755398053307516}, "ur": {"per": 12.544285714632508}, "gl": {"per": -59.19}, "ai": {"per": 10.508665105424825}, "nw": {"per": 38.79}}