{"ch": {"per": -5.021811989203911}, "zh": {"per": -9.394239385561306}, "be": {"per": -2.1300917766654166}, "lu": {"per": -8.810105439292627}, "sz": {"per": -5.81088697643662}, "ow": {"per": 23.547656603221277}, "zg": {"per": -9.139780497220663}, "fr": {"per": 1.7226320523094643}, "so": {"per": -14.43136164750642}, "bs": {"per": -20.018582407120704}, "bl": {"per": -13.107833453334251}, "sh": {"per": -3.351800100965775}, "ar": {"per": -0.039746089769984394}, "sg": {"per": -3.898580123249687}, "gr": {"per": -1.5013257784319265}, "ag": {"per": -4.364914193670813}, "tg": {"per": 0.18714408808467198}, "ti": {"per": -13.70776454036924}, "vd": {"per": 1.4120467092997586}, "vs": {"per": 3.9464171627903397}, "ne": {"per": -9.54432747537659}, "ge": {"per": -4.442262830264298}, "ju": {"per": -0.6560178011279305}, "ur": {"per": 14.964285714632503}, "gl": {"per": -47.36}, "ai": {"per": 25.758665105424825}, "nw": {"per": 55.06}}