{"ch": {"per": 10.038668978264212}, "zh": {"per": 8.695404752366123}, "be": {"per": 9.235755491237455}, "lu": {"per": 6.628630553620113}, "sz": {"per": -11.17236190559126}, "ow": {"per": -21.730952254340764}, "zg": {"per": 14.57078891555453}, "fr": {"per": 20.446365241271167}, "so": {"per": 8.964285517652819}, "bs": {"per": 32.39388068773016}, "bl": {"per": 19.20816923722147}, "sh": {"per": 5.79262391187482}, "ar": {"per": -30.11}, "sg": {"per": 2.3187841169835366}, "gr": {"per": 2.5118625440693165}, "ag": {"per": 5.151199639279653}, "tg": {"per": 3.6124846492749754}, "ti": {"per": 2.205131485259571}, "vd": {"per": 21.346833142874345}, "vs": {"per": 16.16181773852948}, "ne": {"per": 26.25630612392421}, "ge": {"per": 18.87768707965104}, "ju": {"per": 34.72587605058386}, "ur": {"per": 8.125714285367486}, "gl": {"per": 69.32}, "ai": {"per": -6.678665105424827}, "nw": {"per": -25.599999999999994}}