{"ch": {"per": -10.531825220082169}, "zh": {"per": -5.434093678998167}, "be": {"per": -11.244898109486435}, "lu": {"per": -12.79230196103525}, "sz": {"per": -0.8767110832027569}, "ow": {"per": 18.060952254340755}, "zg": {"per": -12.270513758352294}, "fr": {"per": -24.75267520446928}, "so": {"per": -8.086922118871584}, "bs": {"per": -19.824121105519886}, "bl": {"per": -12.33976881017795}, "sh": {"per": -1.9190252932789775}, "ar": {"per": 34.53}, "sg": {"per": -5.923064994604189}, "gr": {"per": -6.7885499529210875}, "ag": {"per": -7.463913731123448}, "tg": {"per": -6.9991447757306275}, "ti": {"per": -10.463550199130246}, "vd": {"per": -19.714380757550693}, "vs": {"per": -18.261526076568757}, "ne": {"per": -20.904995050597144}, "ge": {"per": -11.22201230021141}, "ju": {"per": -36.8113929676216}, "ur": {"per": -12.915714285367493}, "gl": {"per": -63.28}, "ai": {"per": -1.4413348945751814}, "nw": {"per": 26.76}}