{"ch": {"per": -11.744860022276676}, "zh": {"per": -9.241368436995344}, "be": {"per": -13.17045050077239}, "lu": {"per": -5.6413694463798905}, "sz": {"per": -19.402361905591277}, "ow": {"per": -33.53095225434076}, "zg": {"per": 2.500788915554537}, "fr": {"per": -16.298131271960244}, "so": {"per": -13.43571448234718}, "bs": {"per": 12.36616746507869}, "bl": {"per": -4.871830762778529}, "sh": {"per": -15.17815000256838}, "ar": {"per": -40.96}, "sg": {"per": -12.766398325438239}, "gr": {"per": -13.448137455930691}, "ag": {"per": -13.548935024782558}, "tg": {"per": -14.988152443643735}, "ti": {"per": -12.955058661343692}, "vd": {"per": -15.49303064371334}, "vs": {"per": -14.068182261470511}, "ne": {"per": -10.6136938760758}, "ge": {"per": -7.4844078636117715}, "ju": {"per": -7.824123949416144}, "ur": {"per": -4.89428571463251}, "gl": {"per": 51.75}, "ai": {"per": -12.458665105424828}, "nw": {"per": -35.3}}