{"ch": {"per": -11.79786157493055}, "zh": {"per": -13.119341318409532}, "be": {"per": -16.492144128963105}, "lu": {"per": -10.609094145200118}, "sz": {"per": -22.413815681889474}, "ow": {"per": -35.50095225434076}, "zg": {"per": 1.1670901905630444}, "fr": {"per": -10.752313355002869}, "so": {"per": -16.50882645001427}, "bs": {"per": 8.695608842550186}, "bl": {"per": -5.695759649772313}, "sh": {"per": -14.062769936662015}, "ar": {"per": -48.25}, "sg": {"per": -15.561257541819849}, "gr": {"per": -16.288137455930688}, "ag": {"per": -14.115861568500875}, "tg": {"per": -15.331379999452963}, "ti": {"per": -5.665058661343693}, "vd": {"per": -5.153507045948373}, "vs": {"per": -10.088182261470514}, "ne": {"per": -7.333693876075799}, "ge": {"per": -2.4141830908038884}, "ju": {"per": 1.2055398053307655}, "ur": {"per": -12.35428571463251}, "gl": {"per": 46.74}, "ai": {"per": -16.59866510542483}, "nw": {"per": -37.32}}