{"ch": {"per": -5.180262666477844}, "zh": {"per": -2.273554304147112}, "be": {"per": 0.3675824515252941}, "lu": {"per": -5.123668440472414}, "sz": {"per": -9.040191900138431}, "ow": {"per": 19.352439403221272}, "zg": {"per": -4.770575272229166}, "fr": {"per": -11.194146464647936}, "so": {"per": -7.882550879839343}, "bs": {"per": -11.502263184592195}, "bl": {"per": -9.060637866340457}, "sh": {"per": 0.7603789331278534}, "ar": {"per": 2.2144525102300108}, "sg": {"per": -4.446282906868092}, "gr": {"per": -0.9138258784319362}, "ag": {"per": -2.3824253499524843}, "tg": {"per": -0.20847025610608938}, "ti": {"per": -4.302040555086641}, "vd": {"per": -13.118588288465205}, "vs": {"per": -9.009452537209654}, "ne": {"per": -17.696138275376597}, "ge": {"per": -13.796590803072206}, "ju": {"per": -17.871561855874845}, "ur": {"per": 13.461463714632508}, "gl": {"per": -46.3898744}, "ai": {"per": 25.45322400542482}, "nw": {"per": 55.3405523}}