{"ch": {"per": 27.728413519302258}, "zh": {"per": 19.341697198839995}, "be": {"per": 23.527636204555932}, "lu": {"per": 24.27396675930396}, "sz": {"per": 27.322834468914028}, "ow": {"per": 40.4671934}, "nw": {"per": 43.9754902}, "zg": {"per": 19.69172865626582}, "fr": {"per": 38.89344178593255}, "so": {"per": 33.0381948717182}, "bs": {"per": 8.271443840325333}, "bl": {"per": 25.410874828646513}, "sh": {"per": 23.178418783784352}, "ar": {"per": 46.2942336}, "sg": {"per": 26.699090742415365}, "gr": {"per": 28.729363561198113}, "ag": {"per": 28.216932453284123}, "tg": {"per": 29.398864150391052}, "ti": {"per": 32.2305819869604}, "vd": {"per": 30.334630132103193}, "vs": {"per": 41.38316974492965}, "ne": {"per": 27.7530065447973}, "ge": {"per": 31.525565510112898}, "ju": {"per": 41.092905629112835}, "gl": {"per": 32.328894383145474}, "ur": {"per": 43.6010486}, "ai": {"per": 31.4507996}}