{"ch": {"per": 5.779075100764892}, "zh": {"per": 4.610504552366024}, "be": {"per": 4.003626634795843}, "lu": {"per": 19.349537294417637}, "ur": {"per": 37.3}, "sz": {"per": 15.57818414326617}, "zg": {"per": 24.233511045120004}, "fr": {"per": 4.870515336643109}, "so": {"per": 7.275886359766808}, "bs": {"per": -16.862782127191878}, "bl": {"per": -17.54777482376006}, "sh": {"per": 6.553061869713851}, "ar": {"per": 56.51}, "sg": {"per": 12.059696458249675}, "gr": {"per": 25.73115791499267}, "ag": {"per": 0.5474849372615935}, "tg": {"per": 7.48140404637455}, "ti": {"per": 27.205530098064827}, "vd": {"per": -8.43955867395536}, "vs": {"per": 7.655815380647384}, "ne": {"per": -13.925768021013141}, "ge": {"per": -7.334090309221445}, "ju": {"per": -1.6360056830000005}, "gl": {"per": -6.7591726727712285}, "ow": {"per": 33.85}, "nw": {"per": 42.03}, "ai": {"per": 35.71}}