{"ch": {"per": -0.20732010368710974}, "zh": {"per": -4.309495447633971}, "be": {"per": -9.106373365204163}, "lu": {"per": 11.97953729441764}, "ur": {"per": 24.8}, "sz": {"per": 3.738184143266171}, "zg": {"per": 13.923511045120005}, "fr": {"per": 0.8405153366431151}, "so": {"per": 1.9058863597668037}, "bs": {"per": -2.952782127191881}, "bl": {"per": -7.017774823760064}, "sh": {"per": 4.333061869713845}, "ar": {"per": 37.95}, "sg": {"per": 1.9496964582496688}, "gr": {"per": 15.811157914992673}, "ag": {"per": -10.452515062738392}, "tg": {"per": -2.71859595362546}, "ti": {"per": 29.318299598776363}, "vd": {"per": -11.769558673955366}, "vs": {"per": -0.004184619352617602}, "ne": {"per": -15.995768021013149}, "ge": {"per": -2.7140903092214472}, "ju": {"per": 6.853994316999998}, "gl": {"per": -29.089172672771223}, "ow": {"per": 20.49}, "nw": {"per": 23.41}, "ai": {"per": 29.32}}