{"ch": {"per": -9.208556894909506}, "zh": {"per": -8.271046259637757}, "be": {"per": -4.82255759469993}, "lu": {"per": -13.281912068354814}, "ur": {"per": -20.159999999999997}, "sz": {"per": -26.040000000000006}, "zg": {"per": -13.909999999999997}, "fr": {"per": -16.777076379942912}, "so": {"per": -16.069999999999993}, "bs": {"per": 11.626365963800481}, "bl": {"per": -1.4947068649774025}, "sh": {"per": -13.232004708276477}, "ar": {"per": -17.92}, "sg": {"per": -12.101347213538475}, "gr": {"per": -17.42}, "ag": {"per": -13.447959691760758}, "tg": {"per": -13.868294734918251}, "ti": {"per": -13.920000000000002}, "vd": {"per": -6.412784551600154}, "vs": {"per": -30.884486788111772}, "ne": {"per": 15.797592000405118}, "ge": {"per": 12.555599289650885}, "ju": {"per": -20.959999999999994}, "gl": {"per": -20.25}, "ow": {"per": -19.939999999999998}, "nw": {"per": -16.549999999999983}, "ai": {"per": -20.0}}