{"ch": {"per": -22.001621436617896}, "zh": {"per": -14.661046259637757}, "be": {"per": -15.922557594699924}, "lu": {"per": -26.08191206835481}, "ur": {"per": -33.66}, "sz": {"per": -41.11}, "zg": {"per": -26.42}, "fr": {"per": -28.85707637994291}, "so": {"per": -24.239999999999995}, "bs": {"per": -10.328593161572442}, "bl": {"per": -10.384706864977403}, "sh": {"per": -26.852004708276468}, "ar": {"per": -30.5}, "sg": {"per": -25.241347213538475}, "gr": {"per": -26.709999999999994}, "ag": {"per": -22.267959691760765}, "tg": {"per": -27.36829473491825}, "ti": {"per": -15.799999999999997}, "vd": {"per": -26.060441185872335}, "vs": {"per": -56.79999999999998}, "ne": {"per": -24.31834547138135}, "ge": {"per": -18.339894229887562}, "ju": {"per": -32.61}, "gl": {"per": -29.379999999999995}, "ow": {"per": -33.790000000000006}, "nw": {"per": -26.039999999999992}, "ai": {"per": -37.66}}