{"ch": {"per": -25.681799365852513}, "zh": {"per": -23.625669097231352}, "be": {"per": -21.525750217421738}, "lu": {"per": -30.48178092131331}, "ur": {"per": -59.12}, "sz": {"per": -49.29}, "zg": {"per": -37.360000000000014}, "fr": {"per": -29.847076379942905}, "so": {"per": -30.07940613213229}, "bs": {"per": -19.33176175682982}, "bl": {"per": -7.500380890397892}, "sh": {"per": -37.15}, "ar": {"per": -50.97}, "sg": {"per": -31.691719149560697}, "gr": {"per": -37.79999999999998}, "ag": {"per": -26.23925265301672}, "tg": {"per": -29.81423846729775}, "ti": {"per": -38.841808928426055}, "vd": {"per": -17.21955767913842}, "vs": {"per": -19.37904576560399}, "ne": {"per": -10.444874144505008}, "ge": {"per": -5.743083816824424}, "ju": {"per": -29.900000000000006}, "gl": {"per": -45.87999999999999}, "ow": {"per": -44.05}, "nw": {"per": -40.06}, "ai": {"per": -55.11}}