{"ch": {"per": -58.95390961654772}, "zh": {"per": -46.857330802679215}, "be": {"per": -44.79882875415109}, "lu": {"per": -75.44}, "ur": {"per": -78.53999999999999}, "sz": {"per": -69.6144245524468}, "zg": {"per": -73.95000000000002}, "fr": {"per": -62.86720378223528}, "so": {"per": -75.33}, "bs": {"per": -57.54554322089364}, "bl": {"per": -56.53138247750856}, "sh": {"per": -58.49920841614752}, "ar": {"per": -76.38}, "sg": {"per": -75.44}, "gr": {"per": -51.50448174831509}, "ag": {"per": -58.36689321373243}, "tg": {"per": -51.10017506733483}, "ti": {"per": -66.58989554337943}, "vd": {"per": -60.09089637343277}, "vs": {"per": -81.52}, "ne": {"per": -66.78}, "ge": {"per": -49.731759261744486}, "ju": {"per": -73.61}, "gl": {"per": -32.37917267277122}, "ow": {"per": -79.28}, "nw": {"per": -79.74}, "ai": {"per": -86.14}}