{"ch": {"per": -8.035555078101254}, "zh": {"per": 1.9341057573337963}, "be": {"per": -6.2473295320048265}, "lu": {"per": -20.23412626357262}, "ur": {"per": -49.22}, "sz": {"per": -23.068184143266173}, "zg": {"per": -10.753511045120021}, "fr": {"per": -19.394208506397177}, "so": {"per": -11.682454273141857}, "bs": {"per": -1.4089575997966506}, "bl": {"per": 3.9570183715067913}, "sh": {"per": 4.524933422009688}, "ar": {"per": -42.43}, "sg": {"per": -16.524002737403535}, "gr": {"per": -15.291157914992667}, "ag": {"per": -9.554105691846075}, "tg": {"per": -13.862753469648467}, "ti": {"per": -26.918299598776358}, "vd": {"per": 3.1281014102958267}, "vs": {"per": -17.84581538064738}, "ne": {"per": 4.157450463996504}, "ge": {"per": 15.71347596685392}, "ju": {"per": -14.133994317000003}, "gl": {"per": 15.029172672771224}, "ow": {"per": -40.12}, "nw": {"per": -37.15}, "ai": {"per": -42.49}}