{"ch": {"per": -14.633767066390057}, "zh": {"per": -17.645655110873946}, "be": {"per": -15.382890429095148}, "lu": {"per": -14.462635017365706}, "ur": {"per": 54.79}, "sz": {"per": -26.44457800493786}, "zg": {"per": -15.785454243493092}, "fr": {"per": -25.800646267147926}, "so": {"per": -4.02080010652017}, "bs": {"per": 11.163118200623238}, "bl": {"per": -14.43225470644397}, "sh": {"per": -2.007729714138641}, "ar": {"per": 19.610592725847695}, "sg": {"per": -12.151242095394664}, "gr": {"per": -28.95276386710374}, "ag": {"per": -25.832358435596085}, "tg": {"per": -22.247260615802205}, "ti": {"per": 5.25812335341837}, "vd": {"per": -7.147292858352301}, "vs": {"per": -43.87481712118948}, "ne": {"per": 5.333422265829142}, "ge": {"per": -5.022544880788544}, "ju": {"per": -18.75213314399999}, "gl": {"per": -48.399999999999984}, "ow": {"per": -54.01}, "nw": {"per": -46.76}, "ai": {"per": -58.72}}