{"ch": {"per": -23.88501193747267}, "zh": {"per": -12.891386168757812}, "be": {"per": -0.7029271113095561}, "lu": {"per": -48.54178092131329}, "ur": {"per": -74.86999999999999}, "sz": {"per": -62.784424552446794}, "zg": {"per": -56.17}, "fr": {"per": -21.654280162178196}, "so": {"per": -48.89940613213227}, "bs": {"per": -32.50466652295477}, "bl": {"per": -13.021763367906452}, "sh": {"per": -35.56121312442399}, "ar": {"per": -63.27}, "sg": {"per": -50.9517191495607}, "gr": {"per": -44.42448174831509}, "ag": {"per": -24.714099394702345}, "tg": {"per": -24.19441353463258}, "ti": {"per": -33.03306924194401}, "vd": {"per": -3.7904540525712065}, "vs": {"per": -42.82904576560399}, "ne": {"per": -5.534874144505011}, "ge": {"per": -11.294843078568903}, "ju": {"per": -22.849999999999994}, "gl": {"per": -23.699172672771216}, "ow": {"per": -71.8}, "nw": {"per": -66.14}, "ai": {"per": -70.95}}