{"ch": {"per": -39.30634467508825}, "zh": {"per": -32.472659990790504}, "be": {"per": -33.614199713527206}, "lu": {"per": -35.2619120683548}, "ur": {"per": -31.540000000000006}, "sz": {"per": -52.89}, "zg": {"per": -41.88}, "fr": {"per": -57.7670763799429}, "so": {"per": -47.45}, "bs": {"per": -25.566790220223623}, "bl": {"per": -30.514706864977406}, "sh": {"per": -43.35}, "ar": {"per": -39.32}, "sg": {"per": -38.35134721353848}, "gr": {"per": -35.0}, "ag": {"per": -40.03000616380757}, "tg": {"per": -37.79829473491825}, "ti": {"per": -30.569160834857527}, "vd": {"per": -52.32252386149088}, "vs": {"per": -60.37}, "ne": {"per": -44.205118352847585}, "ge": {"per": -47.18456026418812}, "ju": {"per": -63.25}, "gl": {"per": -43.09}, "ow": {"per": -39.14}, "nw": {"per": -41.62}, "ai": {"per": -42.33}}