{"ch": {"per": -17.79128239053958}, "zh": {"per": -13.086993720555341}, "be": {"per": -8.199982766671383}, "lu": {"per": -20.787466026509108}, "ur": {"per": -23.629999999999995}, "sz": {"per": -25.239999999999995}, "zg": {"per": -26.340000000000003}, "fr": {"per": -22.44087588894982}, "so": {"per": -23.91660563427608}, "bs": {"per": -11.023682966228606}, "bl": {"per": -6.13982231804799}, "sh": {"per": -25.096103575749808}, "ar": {"per": -23.290000000000006}, "sg": {"per": -18.86074937703131}, "gr": {"per": -32.730000000000004}, "ag": {"per": -12.766597616512755}, "tg": {"per": -16.59433273823656}, "ti": {"per": -24.790000000000006}, "vd": {"per": -20.360554733058194}, "vs": {"per": -31.930000000000007}, "ne": {"per": -18.10944481834069}, "ge": {"per": -15.00689496550821}, "ju": {"per": -33.25}, "gl": {"per": -25.93000000000002}, "ow": {"per": -24.739999999999995}, "nw": {"per": -21.849999999999994}, "ai": {"per": -22.849999999999994}}