{"ch": {"per": -12.60141465806042}, "zh": {"per": -10.879999999999995}, "be": {"per": -18.510000000000005}, "lu": {"per": -23.519999999999996}, "ur": {"per": -19.549999999999997}, "sz": {"per": -24.769999999999996}, "zg": {"per": -16.909999999999997}, "fr": {"per": -18.11}, "so": {"per": -14.760000000000005}, "bs": {"per": 1.8818726200012321}, "bl": {"per": -12.719999999999999}, "sh": {"per": -13.180000000000007}, "ar": {"per": -25.5}, "sg": {"per": -18.22}, "gr": {"per": -22.010000000000005}, "ag": {"per": -16.549999999999997}, "tg": {"per": -13.980000000000004}, "ti": {"per": -7.090000000000003}, "vd": {"per": -1.351431536909658}, "vs": {"per": -14.591535242964042}, "ne": {"per": 7.951717361053184}, "ge": {"per": 15.696436727120613}, "ju": {"per": -28.099999999999994}, "gl": {"per": -23.689999999999998}, "ow": {"per": -32.010000000000005}, "nw": {"per": -20.710000000000008}, "ai": {"per": -40.71}}