{"ch": {"per": -6.593291760646039}, "zh": {"per": -6.665805066324339}, "be": {"per": -6.892149702942035}, "lu": {"per": -16.00775637310433}, "ur": {"per": -25.930000000000007}, "sz": {"per": -10.79818414326617}, "zg": {"per": -9.41351104511999}, "fr": {"per": -8.253438956700208}, "so": {"per": -11.10304814100958}, "bs": {"per": -1.2495954705431132}, "bl": {"per": -5.870524918630011}, "sh": {"per": 6.38693813028614}, "ar": {"per": -27.260000000000005}, "sg": {"per": -12.133632651761374}, "gr": {"per": -1.4911579149926695}, "ag": {"per": -9.842316484478502}, "tg": {"per": -11.744170354622568}, "ti": {"per": 0.7807505290730319}, "vd": {"per": 0.6074425758864948}, "vs": {"per": -12.846769615043385}, "ne": {"per": 3.15064216551815}, "ge": {"per": 5.22717412604586}, "ju": {"per": -11.343994317000003}, "gl": {"per": 31.989172672771232}, "ow": {"per": -27.17}, "nw": {"per": -25.980000000000018}, "ai": {"per": -27.25}}