{"ch": {"per": -31.60170240339012}, "zh": {"per": -25.741046259637756}, "be": {"per": -26.50254785326395}, "lu": {"per": -36.351912068354814}, "ur": {"per": -34.18000000000001}, "sz": {"per": -53.71}, "zg": {"per": -38.84999999999999}, "fr": {"per": -45.31707637994292}, "so": {"per": -44.53}, "bs": {"per": -13.729192640082005}, "bl": {"per": -30.024706864977404}, "sh": {"per": -38.78200470827646}, "ar": {"per": -45.26}, "sg": {"per": -38.41134721353849}, "gr": {"per": -40.22}, "ag": {"per": -41.71795969176076}, "tg": {"per": -39.498294734918254}, "ti": {"per": -26.85916083485754}, "vd": {"per": -18.004867227218718}, "vs": {"per": -60.074486788111784}, "ne": {"per": -7.419180881061109}, "ge": {"per": -20.58906674464967}, "ju": {"per": -50.63}, "gl": {"per": -41.84}, "ow": {"per": -45.12}, "nw": {"per": -41.24}, "ai": {"per": -45.32}}