{"ch": {"per": -26.731702403390116}, "zh": {"per": -21.431046259637753}, "be": {"per": -20.632547853263958}, "lu": {"per": -31.401912068354818}, "ur": {"per": -30.489999999999995}, "sz": {"per": -49.58}, "zg": {"per": -35.079999999999984}, "fr": {"per": -41.12707637994291}, "so": {"per": -39.33}, "bs": {"per": -7.73919264008201}, "bl": {"per": -25.094706864977397}, "sh": {"per": -31.692004708276457}, "ar": {"per": -42.17}, "sg": {"per": -35.2713472135385}, "gr": {"per": -37.07}, "ag": {"per": -35.75795969176076}, "tg": {"per": -36.988294734918256}, "ti": {"per": -22.559160834857543}, "vd": {"per": -13.374867227218715}, "vs": {"per": -54.47448678811178}, "ne": {"per": -1.2591808810611127}, "ge": {"per": -14.209066744649668}, "ju": {"per": -43.81}, "gl": {"per": -37.17}, "ow": {"per": -41.66}, "nw": {"per": -38.77}, "ai": {"per": -45.68}}