{"ch": {"per": -12.858897833676853}, "zh": {"per": -18.171109178786722}, "be": {"per": -24.448025225467404}, "lu": {"per": 0.05953729441764111}, "ur": {"per": 25.34}, "sz": {"per": -3.241815856733833}, "zg": {"per": 3.473511045120002}, "fr": {"per": -6.309484663356887}, "so": {"per": -13.714113640233187}, "bs": {"per": -19.41542058196059}, "bl": {"per": -22.697774823760078}, "sh": {"per": -18.57493342200969}, "ar": {"per": 30.57}, "sg": {"per": -8.760303541750329}, "gr": {"per": 1.9511579149926632}, "ag": {"per": -21.584561534785205}, "tg": {"per": -12.498595953625461}, "ti": {"per": 19.628299598776366}, "vd": {"per": -21.48955867395537}, "vs": {"per": -2.004184619352621}, "ne": {"per": -31.575768021013133}, "ge": {"per": -17.654090309221445}, "ju": {"per": -9.236005682999998}, "gl": {"per": -30.31917267277123}, "ow": {"per": 20.87}, "nw": {"per": 20.61}, "ai": {"per": 21.21}}