{"ch": {"per": -29.92416091479184}, "zh": {"per": -23.83}, "be": {"per": -25.86}, "lu": {"per": -30.930000000000007}, "ur": {"per": -28.620000000000005}, "sz": {"per": -43.05}, "zg": {"per": -28.650000000000006}, "fr": {"per": -48.43}, "so": {"per": -34.58}, "bs": {"per": -18.28}, "bl": {"per": -24.22}, "sh": {"per": -30.489999999999995}, "ar": {"per": -29.549999999999997}, "sg": {"per": -29.400000000000006}, "gr": {"per": -22.079999999999984}, "ag": {"per": -35.14}, "tg": {"per": -30.67}, "ti": {"per": -2.42458045244733}, "vd": {"per": -52.93}, "vs": {"per": -49.67}, "ne": {"per": -52.11}, "ge": {"per": -40.63}, "ju": {"per": -48.31}, "gl": {"per": -30.170000000000016}, "ow": {"per": -40.05}, "nw": {"per": -29.280000000000015}, "ai": {"per": -31.599999999999994}}