{"ch": {"per": -14.676621280726579}, "zh": {"per": -2.0873308026792046}, "be": {"per": 1.6311712458489325}, "lu": {"per": -34.019999999999996}, "ur": {"per": -27.939999999999998}, "sz": {"per": -35.89442455244681}, "zg": {"per": -31.189999999999998}, "fr": {"per": -35.8472037822353}, "so": {"per": -35.03}, "bs": {"per": 0.6194159044792826}, "bl": {"per": -11.381382477508552}, "sh": {"per": -14.129208416147534}, "ar": {"per": -34.5}, "sg": {"per": -31.209999999999994}, "gr": {"per": 0.005518251684932807}, "ag": {"per": -17.55689321373243}, "tg": {"per": -8.410175067334833}, "ti": {"per": 5.830561338352709}, "vd": {"per": -24.363239739160612}, "vs": {"per": -50.854486788111785}, "ne": {"per": -22.604062528213525}, "ge": {"per": -18.446265742206037}, "ju": {"per": -44.55}, "gl": {"per": 10.950827327228772}, "ow": {"per": -45.78}, "nw": {"per": -30.91000000000001}, "ai": {"per": -36.03}}