{"ch": {"per": -0.5511021663231404}, "zh": {"per": 9.37110917878671}, "be": {"per": 12.408025225467412}, "lu": {"per": -20.189537294417633}, "ur": {"per": -46.14}, "sz": {"per": -25.368184143266163}, "zg": {"per": -18.633511045120002}, "fr": {"per": -11.980515336643116}, "so": {"per": -5.105886359766799}, "bs": {"per": 13.415420581960582}, "bl": {"per": 10.727774823760072}, "sh": {"per": -1.9650665779903065}, "ar": {"per": -48.89}, "sg": {"per": -5.90969645824967}, "gr": {"per": -15.041157914992667}, "ag": {"per": 5.6845615347852245}, "tg": {"per": -8.471404046374545}, "ti": {"per": -22.618299598776375}, "vd": {"per": 8.789558673955355}, "vs": {"per": -15.435815380647384}, "ne": {"per": 17.52576802101313}, "ge": {"per": 17.744090309221463}, "ju": {"per": -13.113994317000007}, "gl": {"per": 12.689172672771221}, "ow": {"per": -43.06}, "nw": {"per": -37.97000000000001}, "ai": {"per": -43.42}}