{"ch": {"per": -41.841348347633854}, "zh": {"per": -37.13265999079051}, "be": {"per": -38.07420945496319}, "lu": {"per": -49.3819120683548}, "ur": {"per": -58.31}, "sz": {"per": -62.4}, "zg": {"per": -47.469999999999985}, "fr": {"per": -41.5870763799429}, "so": {"per": -53.95}, "bs": {"per": -40.76123161634113}, "bl": {"per": -37.504706864977386}, "sh": {"per": -51.93}, "ar": {"per": -54.28}, "sg": {"per": -53.51134721353849}, "gr": {"per": -46.42}, "ag": {"per": -48.04000616380757}, "tg": {"per": -56.57829473491825}, "ti": {"per": -27.824580452447336}, "vd": {"per": -27.910441185872315}, "vs": {"per": -54.789999999999985}, "ne": {"per": -27.50834547138136}, "ge": {"per": -27.949894229887576}, "ju": {"per": -38.5}, "gl": {"per": -58.77}, "ow": {"per": -53.94}, "nw": {"per": -50.91}, "ai": {"per": -67.67}}