{"ch": {"per": -27.646303586507244}, "zh": {"per": -21.618377062316974}, "be": {"per": -6.05137660741503}, "lu": {"per": -55.08191206835481}, "ur": {"per": -47.62}, "sz": {"per": -53.87442455244679}, "zg": {"per": -57.69}, "fr": {"per": -20.694280162178202}, "so": {"per": -55.02}, "bs": {"per": -29.04969498634857}, "bl": {"per": -26.78608934248595}, "sh": {"per": -31.101213124423992}, "ar": {"per": -63.26}, "sg": {"per": -52.91134721353848}, "gr": {"per": -23.124481748315084}, "ag": {"per": -32.574852905493195}, "tg": {"per": -36.07846980225309}, "ti": {"per": -5.5740190440574935}, "vd": {"per": -18.193420234923664}, "vs": {"per": -43.85}, "ne": {"per": -13.435118352847581}, "ge": {"per": -18.856319525932633}, "ju": {"per": -16.159999999999997}, "gl": {"per": -5.459172672771231}, "ow": {"per": -64.53999999999999}, "nw": {"per": -59.06}, "ai": {"per": -78.73}}