{"ch": {"per": 0.04022419452489956}, "zh": {"per": -0.7849277535756691}, "be": {"per": -0.6565925895607769}, "lu": {"per": 5.359744551958043}, "ur": {"per": 21.37}, "sz": {"per": -5.771815856733831}, "zg": {"per": -1.1664889548799877}, "fr": {"per": 3.783438956700202}, "so": {"per": -0.9743305333147347}, "bs": {"per": -4.043279072068085}, "bl": {"per": -8.292417728882757}, "sh": {"per": -19.676938130286157}, "ar": {"per": 16.69}, "sg": {"per": 1.3889046587737255}, "gr": {"per": -5.5188420850073285}, "ag": {"per": -5.4343411404345865}, "tg": {"per": -3.2951334170524245}, "ti": {"per": 19.09757858704299}, "vd": {"per": -2.037441897261349}, "vs": {"per": 8.141674004514913}, "ne": {"per": -3.903022988798263}, "ge": {"per": -1.4879084306258719}, "ju": {"per": 12.853994317000002}, "gl": {"per": -38.169172672771225}, "ow": {"per": 11.18}, "nw": {"per": 14.24}, "ai": {"per": 8.18}}