{"ch": {"per": 1.1411527419603686}, "zh": {"per": 9.841185827234824}, "be": {"per": 5.496309534599405}, "lu": {"per": -2.8676252260628274}, "ur": {"per": -30.28}, "sz": {"per": -2.388184143266173}, "zg": {"per": -7.023511045120003}, "fr": {"per": -9.853438956700217}, "so": {"per": 9.067545726858128}, "bs": {"per": 5.129874388968219}, "bl": {"per": 10.723801055949487}, "sh": {"per": 14.846938130286155}, "ar": {"per": -24.67}, "sg": {"per": 2.7259954122164203}, "gr": {"per": -2.2411579149926695}, "ag": {"per": 6.438437026312329}, "tg": {"per": 7.379885912997935}, "ti": {"per": -18.588299598776388}, "vd": {"per": -2.191673917379596}, "vs": {"per": -22.845815380647394}, "ne": {"per": 4.104113492394497}, "ge": {"per": -3.916015460890975}, "ju": {"per": -14.523994317000003}, "gl": {"per": 35.189172672771235}, "ow": {"per": -30.659999999999997}, "nw": {"per": -22.260000000000005}, "ai": {"per": -17.64}}