{"ch": {"per": -17.955793598100662}, "zh": {"per": -20.521833952266775}, "be": {"per": -14.17702961782512}, "lu": {"per": -23.817625226062823}, "ur": {"per": -51.6}, "sz": {"per": -32.06818414326616}, "zg": {"per": -32.643511045120015}, "fr": {"per": -8.633438956700203}, "so": {"per": -27.057907272212177}, "bs": {"per": -17.283946887850306}, "bl": {"per": -23.196198944050522}, "sh": {"per": -15.623061869713858}, "ar": {"per": -53.89}, "sg": {"per": -20.958349244711194}, "gr": {"per": -27.60115791499267}, "ag": {"per": -23.604904127218376}, "tg": {"per": -15.077235653539844}, "ti": {"per": -23.76288005122371}, "vd": {"per": 8.439999859827694}, "vs": {"per": -30.935815380647377}, "ne": {"per": 4.424113492394497}, "ge": {"per": 9.343984539109009}, "ju": {"per": -2.483994316999997}, "gl": {"per": -5.130827327228772}, "ow": {"per": -47.0}, "nw": {"per": -50.48}, "ai": {"per": -41.44}}