{"ch": {"per": -27.60082907733912}, "zh": {"per": -25.360504552366017}, "be": {"per": -19.45362663479584}, "lu": {"per": -38.26953729441764}, "ur": {"per": -62.98}, "sz": {"per": -45.96818414326616}, "zg": {"per": -48.743511045120016}, "fr": {"per": -22.7305153366431}, "so": {"per": -39.0258863597668}, "bs": {"per": -23.797217872808126}, "bl": {"per": -26.102225176239937}, "sh": {"per": -30.483061869713858}, "ar": {"per": -68.7}, "sg": {"per": -32.96969645824967}, "gr": {"per": -42.35115791499267}, "ag": {"per": -31.157484937261607}, "tg": {"per": -22.88140404637454}, "ti": {"per": -31.812880051223708}, "vd": {"per": -2.700441326044647}, "vs": {"per": -47.71581538064738}, "ne": {"per": -7.67423197898686}, "ge": {"per": -6.815909690778554}, "ju": {"per": -13.373994317000005}, "gl": {"per": -15.580827327228771}, "ow": {"per": -67.78}, "nw": {"per": -67.91}, "ai": {"per": -60.77}}