{"ch": {"per": -6.8184766662737815}, "zh": {"per": -3.452165058982061}, "be": {"per": -0.6159615276869204}, "lu": {"per": -7.079435182938781}, "ur": {"per": -23.260000000000005}, "sz": {"per": -22.370000000000005}, "zg": {"per": -16.33}, "fr": {"per": -15.090000000000003}, "so": {"per": -9.850588072953201}, "bs": {"per": -6.3545235447712685}, "bl": {"per": 1.940587966906378}, "sh": {"per": -20.200000000000017}, "ar": {"per": -15.790000000000006}, "sg": {"per": -6.440023077223827}, "gr": {"per": -22.790000000000006}, "ag": {"per": -7.098270476509597}, "tg": {"per": -3.2378215668493624}, "ti": {"per": -22.99827776909953}, "vd": {"per": -0.36069826889284684}, "vs": {"per": -27.593997545867182}, "ne": {"per": -1.6769427849724394}, "ge": {"per": 2.804242880715165}, "ju": {"per": -19.010000000000005}, "gl": {"per": -16.519999999999996}, "ow": {"per": -24.58}, "nw": {"per": -17.849999999999994}, "ai": {"per": -17.33}}