{"ch": {"per": -36.85609071489929}, "zh": {"per": -31.319999999999993}, "be": {"per": -35.831081549423686}, "lu": {"per": -34.769999999999996}, "ur": {"per": -49.210000000000015}, "sz": {"per": -38.27}, "zg": {"per": -31.67}, "fr": {"per": -50.45}, "so": {"per": -43.33}, "bs": {"per": -42.42806443098959}, "bl": {"per": -40.6}, "sh": {"per": -41.9}, "ar": {"per": -32.39}, "sg": {"per": -34.400000000000006}, "gr": {"per": -34.730000000000004}, "ag": {"per": -36.18}, "tg": {"per": -39.29}, "ti": {"per": -33.94916083485753}, "vd": {"per": -36.302082675618564}, "vs": {"per": -50.09}, "ne": {"per": -45.276772881466215}, "ge": {"per": -39.14466603430057}, "ju": {"per": -60.3}, "gl": {"per": -37.79999999999998}, "ow": {"per": -38.99}, "nw": {"per": -36.84}, "ai": {"per": -31.28}}