{"ch": {"per": -8.36}, "zh": {"per": -6.529999999999987}, "be": {"per": -11.540000000000006}, "lu": {"per": -7.269999999999996}, "ur": {"per": -11.23999999999998}, "sz": {"per": -11.370000000000005}, "nw": {"per": -8.549999999999997}, "zg": {"per": -7.109999999999999}, "fr": {"per": -8.200000000000003}, "so": {"per": -9.840000000000003}, "bs": {"per": -5.799999999999983}, "bl": {"per": -6.810000000000002}, "sh": {"per": -9.64}, "ar": {"per": -9.900000000000006}, "sg": {"per": -8.069999999999993}, "gr": {"per": -9.440000000000012}, "ag": {"per": -10.439999999999998}, "tg": {"per": -8.260000000000005}, "ti": {"per": -6.109999999999999}, "vd": {"per": -7.099999999999994}, "vs": {"per": -11.299999999999997}, "ne": {"per": -8.759999999999991}, "ge": {"per": -4.659999999999997}, "ju": {"per": -7.049999999999997}, "gl": {"per": -9.150000000000006}, "ow": {"per": -8.819999999999993}, "ai": {"per": -9.180000000000007}}