{"ch": {"per": -28.34074034193584}, "zh": {"per": -31.363350093928304}, "be": {"per": -39.76033312383186}, "lu": {"per": -19.847704345680064}, "ur": {"per": -79.05999999999999}, "sz": {"per": -45.08189660934433}, "nw": {"per": -25.483058026293}, "zg": {"per": -30.4989027446535}, "fr": {"per": -21.540870807738976}, "so": {"per": -28.75836215720291}, "bs": {"per": 0.48203698564655895}, "bl": {"per": -21.043334163881703}, "sh": {"per": -72.87}, "ar": {"per": -51.65176470572532}, "sg": {"per": -15.858503579688573}, "gr": {"per": -36.014622193419235}, "ag": {"per": -34.22501362025908}, "tg": {"per": -46.15627310841413}, "ti": {"per": -37.41692307695941}, "vd": {"per": -22.68137107921912}, "vs": {"per": -24.78892179634204}, "ne": {"per": -30.14552706311285}, "ge": {"per": 4.597206888452298}, "ju": {"per": -32.379058740000005}, "gl": {"per": -62.89}, "ow": {"per": 27.27}, "ai": {"per": 37.48}}