{"ch": {"per": -43.8482624492449}, "zh": {"per": -40.0}, "be": {"per": -40.48}, "lu": {"per": -43.09}, "ur": {"per": -51.539999999999985}, "sz": {"per": -52.27}, "nw": {"per": -44.35}, "zg": {"per": -43.61}, "fr": {"per": -58.23713035831841}, "so": {"per": -49.83000000000001}, "bs": {"per": -34.2029076686992}, "bl": {"per": -45.37000000000001}, "sh": {"per": -59.78}, "ar": {"per": -45.35}, "sg": {"per": -43.17}, "gr": {"per": -49.81000000000002}, "ag": {"per": -48.51}, "tg": {"per": -51.87}, "ti": {"per": -41.41175736904451}, "vd": {"per": -38.74257992787617}, "vs": {"per": -66.11013363898013}, "ne": {"per": -44.678118913962265}, "ge": {"per": -23.434178896715757}, "ju": {"per": -57.26}, "ow": {"per": -46.06}, "ai": {"per": -41.7}}