{"ch": {"per": -34.71536186151346}, "zh": {"per": -16.960732059703645}, "be": {"per": -21.554106443198492}, "lu": {"per": -47.620242456116515}, "ur": {"per": -73.17000000000002}, "sz": {"per": -45.65055628378227}, "nw": {"per": -72.22}, "zg": {"per": -41.18106239540718}, "fr": {"per": -50.04036717614112}, "so": {"per": -58.42905271186482}, "bs": {"per": -46.60862352976318}, "bl": {"per": -32.78078040606412}, "sh": {"per": -48.49186983678419}, "ar": {"per": -44.65980392173994}, "sg": {"per": -49.476080546089534}, "gr": {"per": -36.64177916818232}, "ag": {"per": -36.34305181244615}, "tg": {"per": -32.84497030210469}, "ti": {"per": -32.146417437794504}, "vd": {"per": -28.17469510203309}, "vs": {"per": -63.789999999999985}, "ne": {"per": -38.25955331137212}, "ge": {"per": -33.814949667615295}, "ju": {"per": -54.66}, "gl": {"per": -69.06}, "ow": {"per": -75.42}, "ai": {"per": -77.91}}