{"ch": {"per": 24.282462327170606}, "zh": {"per": 15.436203820939234}, "be": {"per": 5.872511637426044}, "lu": {"per": 33.61327850348747}, "ur": {"per": 57.73}, "sz": {"per": 33.670556283782275}, "nw": {"per": 53.27}, "zg": {"per": 28.41106239540717}, "fr": {"per": 30.167579225652744}, "so": {"per": 41.28140150081183}, "bs": {"per": 33.007645447935715}, "bl": {"per": 23.849979547542716}, "sh": {"per": 31.181869836784195}, "ar": {"per": 23.30980392173994}, "sg": {"per": 38.46405505750103}, "gr": {"per": 15.77551015784275}, "ag": {"per": 25.336352798359417}, "tg": {"per": 23.409111888633163}, "ti": {"per": 31.72566481336207}, "vd": {"per": 20.385460035203423}, "vs": {"per": 40.88}, "ne": {"per": 30.962769395108992}, "ge": {"per": 27.754694717865995}, "ju": {"per": 34.75}, "gl": {"per": 58.29}, "ow": {"per": 46.26}, "ai": {"per": 59.34}}