{"ch": {"per": -13.548293741438592}, "zh": {"per": -4.2388255026765265}, "be": {"per": -7.638183476030086}, "lu": {"per": -20.864741959472838}, "ur": {"per": -48.7}, "sz": {"per": -18.40547569459369}, "nw": {"per": -41.44}, "zg": {"per": -24.342765636926032}, "fr": {"per": -34.569898773144004}, "so": {"per": -12.181407699025279}, "bs": {"per": 2.7330692327031585}, "bl": {"per": 1.3573942601744236}, "sh": {"per": -3.520803586562401}, "ar": {"per": -15.391111111290627}, "sg": {"per": -7.899196396909595}, "gr": {"per": -14.624478222642033}, "ag": {"per": -7.749939735387329}, "tg": {"per": -7.214338568840155}, "ti": {"per": -14.059458764256718}, "vd": {"per": -21.78599979659844}, "vs": {"per": -43.69985822998123}, "ne": {"per": -30.297127147267197}, "ge": {"per": -15.583914945441137}, "ju": {"per": -48.047357466}, "gl": {"per": 60.47}, "ow": {"per": -40.49}, "ai": {"per": -25.36}}