{"ch": {"per": -7.290018438235489}, "zh": {"per": -5.536450595473461}, "be": {"per": -8.983446711198052}, "lu": {"per": 1.2897411187885055}, "ur": {"per": 22.28}, "sz": {"per": 2.0893257241841674}, "nw": {"per": 20.7}, "zg": {"per": 1.422765636926023}, "fr": {"per": -5.131365994995583}, "so": {"per": -9.261982741541075}, "bs": {"per": -16.25071468063888}, "bl": {"per": -14.16831850142481}, "sh": {"per": -13.529196413437603}, "ar": {"per": -1.0388888887093728}, "sg": {"per": -2.0117368997774534}, "gr": {"per": 0.7755178572432548}, "ag": {"per": -7.006350806888701}, "tg": {"per": -9.351795578400363}, "ti": {"per": -7.8605412357432805}, "vd": {"per": -17.768410449863957}, "vs": {"per": 0.7898582299812276}, "ne": {"per": -18.945798347192063}, "ge": {"per": -21.63077977242486}, "ju": {"per": 2.0973574660000054}, "gl": {"per": -75.78}, "ow": {"per": 21.07}, "ai": {"per": 16.89}}