{"ch": {"per": -20.46351843189676}, "zh": {"per": -1.9773813077459295}, "be": {"per": -6.610982789962783}, "lu": {"per": -31.4222413802896}, "ur": {"per": -42.24}, "sz": {"per": -35.98562866924152}, "nw": {"per": -48.08999999999999}, "zg": {"per": -21.901062395407166}, "fr": {"per": -47.54493433648813}, "so": {"per": -34.64428889885152}, "bs": {"per": -9.800564173504199}, "bl": {"per": -23.28569194758461}, "sh": {"per": -21.611869836784187}, "ar": {"per": -24.779803921739948}, "sg": {"per": -36.45715270200303}, "gr": {"per": -13.155510157842762}, "ag": {"per": -22.66486653402888}, "tg": {"per": -20.236209776474766}, "ti": {"per": -12.52566481336207}, "vd": {"per": -17.550944113726977}, "vs": {"per": -47.22686309909777}, "ne": {"per": -22.46610135447355}, "ge": {"per": -14.511928752265916}, "ju": {"per": -50.66}, "gl": {"per": -53.29}, "ow": {"per": -60.5}, "ai": {"per": -64.47}}