{"ch": {"per": 5.666908113287398}, "zh": {"per": -2.0238902395072387}, "be": {"per": -1.1842472650465155}, "lu": {"per": 16.659741118788506}, "ur": {"per": 37.13}, "sz": {"per": 8.53932572418417}, "nw": {"per": 27.33}, "zg": {"per": 13.422765636926016}, "fr": {"per": 24.948634005004415}, "so": {"per": 3.1314373207891606}, "bs": {"per": -8.17153219465299}, "bl": {"per": -1.740401394805744}, "sh": {"per": 0.21080358656240605}, "ar": {"per": 8.271111111290622}, "sg": {"per": 3.6914321319114087}, "gr": {"per": 12.08447822264203}, "ag": {"per": -0.7030733725102536}, "tg": {"per": -1.1333333337033338}, "ti": {"per": 21.349458764256724}, "vd": {"per": 8.511589550136037}, "vs": {"per": 30.56985822998124}, "ne": {"per": 15.134201652807938}, "ge": {"per": 3.6192202275751484}, "ju": {"per": 35.847357466000005}, "gl": {"per": -66.89}, "ow": {"per": 26.79}, "ai": {"per": 23.2}}