{"ch": {"per": -24.305504969547755}, "zh": {"per": -18.049999999999997}, "be": {"per": -20.349999999999994}, "lu": {"per": -23.810000000000002}, "ur": {"per": -40.74}, "sz": {"per": -36.93}, "nw": {"per": -29.97}, "zg": {"per": -22.219999999999985}, "fr": {"per": -42.74}, "so": {"per": -25.14}, "bs": {"per": -19.090000000000003}, "bl": {"per": -20.879999999999995}, "sh": {"per": -25.370000000000005}, "ar": {"per": -32.349999999999994}, "sg": {"per": -24.879999999999995}, "gr": {"per": -36.21}, "ag": {"per": -24.209999999999994}, "tg": {"per": -27.03}, "ti": {"per": -24.74493850795475}, "vd": {"per": -27.049999999999997}, "vs": {"per": -55.44999999999999}, "ne": {"per": -36.88}, "ge": {"per": -17.950000000000003}, "ju": {"per": -54.2}, "gl": {"per": -33.75}, "ow": {"per": -33.5}, "ai": {"per": -41.46}}