{"ch": {"per": -6.743812362780943}, "zh": {"per": -5.452552014602659}, "be": {"per": -4.473637120663625}, "lu": {"per": -4.703809586259027}, "ur": {"per": -19.049999999999997}, "sz": {"per": -19.17}, "nw": {"per": -16.870000000000005}, "zg": {"per": -12.549999999999983}, "fr": {"per": -6.428371411886005}, "so": {"per": -8.6551407404245}, "bs": {"per": -5.777933269964592}, "bl": {"per": -1.7844303445260152}, "sh": {"per": -15.469999999999999}, "ar": {"per": -17.650000000000006}, "sg": {"per": -7.325845845712635}, "gr": {"per": -10.896388013739568}, "ag": {"per": -7.735785920708182}, "tg": {"per": -3.568727511867479}, "ti": {"per": -7.982780655755889}, "vd": {"per": -4.647194102825438}, "vs": {"per": -14.157540049698682}, "ne": {"per": -5.562582805621133}, "ge": {"per": -0.0555952304343208}, "ju": {"per": -10.239999999999995}, "gl": {"per": -16.659999999999997}, "ow": {"per": -14.780000000000001}, "ai": {"per": -19.290000000000006}}