{"ch": {"per": 17.755575731071648}, "zh": {"per": 7.24921151881512}, "be": {"per": 0.9188312535204517}, "lu": {"per": 24.06327850348747}, "ur": {"per": 36.92}, "sz": {"per": 24.93055628378227}, "nw": {"per": 43.71}, "zg": {"per": 20.881062395407174}, "fr": {"per": 27.457579225652747}, "so": {"per": 34.72140150081183}, "bs": {"per": -3.3072272214422362}, "bl": {"per": 20.972019822627644}, "sh": {"per": 17.98186983678419}, "ar": {"per": 16.80980392173994}, "sg": {"per": 33.02387285025001}, "gr": {"per": 10.775510157842753}, "ag": {"per": 29.76346970562906}, "tg": {"per": 14.57911188863315}, "ti": {"per": 24.635664813362066}, "vd": {"per": 14.316297309571151}, "vs": {"per": 39.666863099097775}, "ne": {"per": 6.411115367304102}, "ge": {"per": 17.358536104507515}, "ju": {"per": 34.48}, "gl": {"per": 51.46}, "ow": {"per": 40.36}, "ai": {"per": 42.06}}