{"ch": {"per": -35.77858459831499}, "zh": {"per": -34.7868873125943}, "be": {"per": -32.04135958725393}, "lu": {"per": -40.58500084068434}, "ur": {"per": -60.11}, "sz": {"per": -62.8861499704095}, "nw": {"per": -59.08}, "zg": {"per": -46.06000000000002}, "fr": {"per": -24.999877731448564}, "so": {"per": -44.189970378236126}, "bs": {"per": -13.919574569822444}, "bl": {"per": -22.06420133567738}, "sh": {"per": -58.05}, "ar": {"per": -55.1}, "sg": {"per": -49.55456669905644}, "gr": {"per": -48.21}, "ag": {"per": -45.809634386069405}, "tg": {"per": -54.576134147240516}, "ti": {"per": -26.66427378682168}, "vd": {"per": -9.978870663666427}, "vs": {"per": -49.369504748299136}, "ne": {"per": -19.70749328961827}, "ge": {"per": 2.2038533963745692}, "ju": {"per": -23.810000000000002}, "gl": {"per": -69.92}, "ow": {"per": -52.76}, "ai": {"per": -65.99000000000001}}