{"ch": {"per": 1.4455234077832557}, "zh": {"per": 5.986450595473457}, "be": {"per": 7.223446711198065}, "lu": {"per": -6.419741118788494}, "ur": {"per": -32.280000000000015}, "sz": {"per": -8.209325724184168}, "nw": {"per": -29.560000000000002}, "zg": {"per": -3.5527656369260114}, "fr": {"per": -8.64863400500441}, "so": {"per": 6.711982741541078}, "bs": {"per": 17.710714680638873}, "bl": {"per": 13.68831850142481}, "sh": {"per": 11.459196413437603}, "ar": {"per": -3.0011111112906264}, "sg": {"per": 0.22173689977745425}, "gr": {"per": -4.195517857243246}, "ag": {"per": 2.106350806888699}, "tg": {"per": 8.091795578400365}, "ti": {"per": -8.884520256301982}, "vd": {"per": 1.7184104498639599}, "vs": {"per": -25.509858229981234}, "ne": {"per": -2.1842016528079355}, "ge": {"per": 8.42077977242485}, "ju": {"per": -15.047357465999987}, "gl": {"per": 72.1}, "ow": {"per": -32.19}, "ai": {"per": -25.040000000000006}}