{"ch": {"per": 3.6412247853966875}, "zh": {"per": 9.612279025062932}, "be": {"per": 11.484517865020713}, "lu": {"per": -5.499741118788492}, "ur": {"per": -30.070000000000007}, "sz": {"per": -6.869325724184165}, "nw": {"per": -27.620000000000005}, "zg": {"per": -2.4927656369260234}, "fr": {"per": -9.698634005004408}, "so": {"per": 7.88198274154108}, "bs": {"per": 22.531532194652982}, "bl": {"per": 15.94712430037876}, "sh": {"per": 9.709196413437603}, "ar": {"per": -1.671111111290628}, "sg": {"per": 3.1149344657191875}, "gr": {"per": -3.5655178572432504}, "ag": {"per": 8.249729528716884}, "tg": {"per": 11.633333333703334}, "ti": {"per": -8.804520256301984}, "vd": {"per": 0.778410449863955}, "vs": {"per": -25.479858229981232}, "ne": {"per": -3.534201652807937}, "ge": {"per": 7.870779772424854}, "ju": {"per": -16.23735746599999}, "gl": {"per": 72.96}, "ow": {"per": -31.200000000000003}, "ai": {"per": -24.760000000000005}}