{"ch": {"per": -21.62410207278542}, "zh": {"per": -3.6986690886726237}, "be": {"per": -6.6021426023216705}, "lu": {"per": -28.79327850348748}, "ur": {"per": -48.98000000000001}, "sz": {"per": -25.580556283782258}, "nw": {"per": -48.76}, "zg": {"per": -18.73106239540717}, "fr": {"per": -43.47757922565274}, "so": {"per": -31.801401500811835}, "bs": {"per": -6.832772778557768}, "bl": {"per": -10.669979547542695}, "sh": {"per": -23.611869836784187}, "ar": {"per": -25.569803921739947}, "sg": {"per": -35.21405505750102}, "gr": {"per": -14.925510157842744}, "ag": {"per": -17.82635279835941}, "tg": {"per": -14.899111888633144}, "ti": {"per": -47.98072630540734}, "vd": {"per": -28.678326357493013}, "vs": {"per": -62.42686309909778}, "ne": {"per": -27.060959267953834}, "ge": {"per": -19.928536104507522}, "ju": {"per": -50.93}, "gl": {"per": -53.31}, "ow": {"per": -47.32}, "ai": {"per": -54.45}}