{"ch": {"per": -12.343984191807817}, "zh": {"per": -12.771987399254488}, "be": {"per": -20.594479982352592}, "lu": {"per": -2.6860828842397666}, "ur": {"per": 13.02}, "sz": {"per": -5.319219729750753}, "nw": {"per": 10.73}, "zg": {"per": -9.322879104750152}, "fr": {"per": -7.161973207012565}, "so": {"per": -18.45625317567175}, "bs": {"per": -18.07737113664291}, "bl": {"per": -16.837145288832016}, "sh": {"per": -12.738241377000001}, "ar": {"per": -16.851416756000003}, "sg": {"per": -8.241124505361313}, "gr": {"per": -12.746198205519198}, "ag": {"per": -10.60897726980067}, "tg": {"per": -10.294650655116167}, "ti": {"per": -3.223377889846777}, "vd": {"per": -17.4346381866878}, "vs": {"per": -3.4873029946136285}, "ne": {"per": -27.626665784611884}, "ge": {"per": -14.688118736931486}, "ju": {"per": -11.057966996863371}, "gl": {"per": -86.48}, "ai": {"per": 7.05}}