{"ch": {"per": -9.869804419371903}, "zh": {"per": -9.393262353287863}, "be": {"per": -17.816177781568886}, "lu": {"per": 1.8539171157602325}, "ur": {"per": 20.55}, "sz": {"per": -2.4192197297507523}, "nw": {"per": 16.04}, "zg": {"per": -3.8128791047501522}, "fr": {"per": -10.781973207012564}, "so": {"per": -13.536253175671753}, "bs": {"per": -14.502520679561087}, "bl": {"per": -13.813180016254172}, "sh": {"per": -11.948241376999999}, "ar": {"per": -7.641416756000002}, "sg": {"per": -2.950326079392937}, "gr": {"per": -6.956198205519197}, "ag": {"per": -9.692062077415574}, "tg": {"per": -8.634639505762589}, "ti": {"per": 2.5702889834173597}, "vd": {"per": -17.755534046571118}, "vs": {"per": -8.967302994613627}, "ne": {"per": -30.034579697749983}, "ge": {"per": -12.625075074728336}, "ju": {"per": -20.227966996863373}, "gl": {"per": -78.78}, "ai": {"per": 14.33}}