{"ch": {"per": -4.369376170825049}, "zh": {"per": 10.093464730947552}, "be": {"per": 5.2474666896809765}, "lu": {"per": -10.299561135519404}, "ur": {"per": 35.58}, "sz": {"per": -7.521274918972949}, "nw": {"per": 34.79}, "zg": {"per": -7.247627149954347}, "fr": {"per": -32.96301548010687}, "so": {"per": -15.641639056085829}, "bs": {"per": -0.48660404399526413}, "bl": {"per": -1.9473896596205833}, "sh": {"per": 6.251758623000001}, "ar": {"per": 11.528583243999996}, "sg": {"per": -5.994036859674523}, "gr": {"per": -0.6287117323031879}, "ag": {"per": -6.1672919064280265}, "tg": {"per": -1.9659086687562564}, "ti": {"per": -5.1840135032544055}, "vd": {"per": -7.115727320348789}, "vs": {"per": -36.3092581389221}, "ne": {"per": -18.626665784611873}, "ge": {"per": -16.097202229891394}, "ju": {"per": -38.799221562706606}, "gl": {"per": -62.83999999999999}, "ai": {"per": -38.98261247011074}}