{"ch": {"per": 6.315201153355325}, "zh": {"per": -1.4532623532878688}, "be": {"per": -4.996177781568896}, "lu": {"per": 11.683917115760238}, "ur": {"per": 30.88}, "sz": {"per": 10.500780270249251}, "nw": {"per": 25.35}, "zg": {"per": 4.777120895249851}, "fr": {"per": 25.288026792987434}, "so": {"per": 1.953746824328249}, "bs": {"per": -10.322520679561094}, "bl": {"per": 0.5868199837458263}, "sh": {"per": 1.361758623}, "ar": {"per": 5.488583244000004}, "sg": {"per": 8.07967392060706}, "gr": {"per": 6.003801794480797}, "ag": {"per": 4.447937922584419}, "tg": {"per": 4.895360494237416}, "ti": {"per": 22.7703525884751}, "vd": {"per": 13.055361813312196}, "vs": {"per": 23.972697005386365}, "ne": {"per": 7.673334215388117}, "ge": {"per": 10.241881263068514}, "ju": {"per": 29.782033003136632}, "gl": {"per": -68.34}, "ai": {"per": 21.62}}