{"ch": {"per": 12.86520115335533}, "zh": {"per": 4.246737646712127}, "be": {"per": 2.063822218431106}, "lu": {"per": 18.203917115760234}, "ur": {"per": 40.07}, "sz": {"per": 19.57078027024925}, "nw": {"per": 32.4}, "zg": {"per": 11.147120895249852}, "fr": {"per": 33.50802679298744}, "so": {"per": 8.903746824328252}, "bs": {"per": -4.8425206795610976}, "bl": {"per": 5.776819983745831}, "sh": {"per": 11.091758622999997}, "ar": {"per": 5.078583244000001}, "sg": {"per": 14.859673920607062}, "gr": {"per": 13.073801794480797}, "ag": {"per": 11.877937922584419}, "tg": {"per": 12.015360494237413}, "ti": {"per": 26.950352588475106}, "vd": {"per": 19.825361813312192}, "vs": {"per": 32.56269700538637}, "ne": {"per": 12.573334215388122}, "ge": {"per": 15.891881263068512}, "ju": {"per": 36.41203300313663}, "gl": {"per": -60.69}, "ai": {"per": 26.6}}