{"ch": {"per": 5.386664506830343}, "zh": {"per": 1.01673764671213}, "be": {"per": -8.536177781568895}, "lu": {"per": 11.513917115760236}, "ur": {"per": 19.67}, "sz": {"per": 9.170780270249253}, "nw": {"per": 21.87}, "zg": {"per": 5.65712089524985}, "fr": {"per": 19.318026792987435}, "so": {"per": -0.6062531756717533}, "bs": {"per": -3.192520679561099}, "bl": {"per": 1.3968199837458286}, "sh": {"per": -1.1082413769999988}, "ar": {"per": -1.5514167559999947}, "sg": {"per": 6.16967392060706}, "gr": {"per": 4.383801794480799}, "ag": {"per": 1.8879379225844204}, "tg": {"per": 1.2153604942374159}, "ti": {"per": 27.018658528341028}, "vd": {"per": 9.695361813312196}, "vs": {"per": 17.38269700538637}, "ne": {"per": 1.5933342153881185}, "ge": {"per": 14.031881263068513}, "ju": {"per": 28.462033003136632}, "gl": {"per": -72.39}, "ai": {"per": 22.34}}