{"ch": {"per": -0.9257393967504584}, "zh": {"per": 7.980119952426364}, "be": {"per": 9.234653874614892}, "lu": {"per": -7.530160956838429}, "ur": {"per": -36.11}, "sz": {"per": -13.380780270249247}, "nw": {"per": -14.599122401832503}, "zg": {"per": 2.042879104750156}, "fr": {"per": -14.441946200529358}, "so": {"per": 3.3562531756717533}, "bs": {"per": 18.583769645118124}, "bl": {"per": 16.564021509670013}, "sh": {"per": 2.708241376999993}, "ar": {"per": 3.2414167560000067}, "sg": {"per": -1.3975846941833652}, "gr": {"per": -6.023801794480789}, "ag": {"per": -0.32570143216742053}, "tg": {"per": -0.568806559466779}, "ti": {"per": -31.32662211015323}, "vd": {"per": -0.9093123371885241}, "vs": {"per": -30.832697005386372}, "ne": {"per": 5.221379474687765}, "ge": {"per": -0.9718812630685107}, "ju": {"per": -19.052033003136636}, "gl": {"per": 71.61}, "ai": {"per": -26.17}}