{"ch": {"per": -11.933335493169661}, "zh": {"per": -11.153262353287865}, "be": {"per": -19.03617778156889}, "lu": {"per": -0.24608288423976887}, "ur": {"per": 17.92}, "sz": {"per": -3.5692197297507526}, "nw": {"per": 13.89}, "zg": {"per": -7.43287910475015}, "fr": {"per": -12.161973207012565}, "so": {"per": -14.046253175671758}, "bs": {"per": -12.662520679561098}, "bl": {"per": -12.96318001625417}, "sh": {"per": -9.958241377}, "ar": {"per": -11.101416756000003}, "sg": {"per": -5.890326079392942}, "gr": {"per": -3.106198205519199}, "ag": {"per": -10.972062077415583}, "tg": {"per": -9.884639505762586}, "ti": {"per": -5.051341471658965}, "vd": {"per": -23.184638186687806}, "vs": {"per": -4.837302994613628}, "ne": {"per": -34.546665784611875}, "ge": {"per": -20.94811873693148}, "ju": {"per": -21.497966996863372}, "gl": {"per": -79.33000000000001}, "ai": {"per": 10.6}}