{"ch": {"per": 15.975447545282819}, "zh": {"per": 17.611987399254502}, "be": {"per": 22.974479982352605}, "lu": {"per": 7.036082884239761}, "ur": {"per": -18.47}, "sz": {"per": 3.5792197297507613}, "nw": {"per": -10.400000000000006}, "zg": {"per": 12.89287910475015}, "fr": {"per": 11.251973207012554}, "so": {"per": 19.78625317567176}, "bs": {"per": 29.167371136642913}, "bl": {"per": 20.73714528883201}, "sh": {"per": 13.808241377000002}, "ar": {"per": 17.421416755999985}, "sg": {"per": 11.371124505361323}, "gr": {"per": 14.256198205519183}, "ag": {"per": 10.738977269800657}, "tg": {"per": 12.624650655116156}, "ti": {"per": 15.041683829712703}, "vd": {"per": 23.634638186687802}, "vs": {"per": -2.7326970053863846}, "ne": {"per": 33.04666578461189}, "ge": {"per": 20.76811873693149}, "ju": {"per": 9.257966996863374}, "gl": {"per": 86.52}, "ai": {"per": -10.829999999999998}}