{"ch": {"per": -7.871114365634426}, "zh": {"per": -9.043262353287862}, "be": {"per": -16.926177781568885}, "lu": {"per": 1.8939171157602352}, "ur": {"per": 20.1}, "sz": {"per": -0.5992197297507502}, "nw": {"per": 13.87}, "zg": {"per": -5.982879104750154}, "fr": {"per": -6.481973207012565}, "so": {"per": -12.366253175671744}, "bs": {"per": -17.82252067956109}, "bl": {"per": -12.443180016254171}, "sh": {"per": -5.938241377000001}, "ar": {"per": -8.741416756}, "sg": {"per": -3.1603260793929415}, "gr": {"per": -5.9961982055191925}, "ag": {"per": -9.212062077415577}, "tg": {"per": -5.474639505762585}, "ti": {"per": 2.282406056095539}, "vd": {"per": -8.129151125384656}, "vs": {"per": -2.0673029946136268}, "ne": {"per": -21.507922290266908}, "ge": {"per": -1.9023249298858715}, "ju": {"per": -10.237966996863364}, "gl": {"per": -80.91000000000001}, "ai": {"per": 14.28}}