{"ch": {"per": -7.103984191807818}, "zh": {"per": -7.481987399254489}, "be": {"per": -16.02447998235259}, "lu": {"per": -0.2760828842397629}, "ur": {"per": 15.4}, "sz": {"per": -2.229219729750751}, "nw": {"per": 13.2}, "zg": {"per": -6.202879104750153}, "fr": {"per": -0.281973207012566}, "so": {"per": -14.596253175671745}, "bs": {"per": -14.91737113664291}, "bl": {"per": -10.177145288832001}, "sh": {"per": -8.948241376999999}, "ar": {"per": -12.481416755999998}, "sg": {"per": -5.2911245053613065}, "gr": {"per": -8.326198205519194}, "ag": {"per": -6.8789772698006715}, "tg": {"per": -7.324650655116173}, "ti": {"per": 5.346622110153227}, "vd": {"per": -10.084638186687798}, "vs": {"per": 2.572697005386374}, "ne": {"per": -18.546665784611882}, "ge": {"per": -5.848118736931497}, "ju": {"per": 5.002033003136631}, "gl": {"per": -85.23000000000002}, "ai": {"per": 10.43}}