{"ch": {"per": -17.555085816352417}, "zh": {"per": -1.3556609077335793}, "be": {"per": -5.373081859022605}, "lu": {"per": -24.447380940819322}, "ur": {"per": -59.71}, "sz": {"per": -24.706088770458017}, "nw": {"per": -45.39912240183251}, "zg": {"per": -22.656533391578478}, "fr": {"per": -26.2354116206019}, "so": {"per": -28.084335424393345}, "bs": {"per": -17.482750274224884}, "bl": {"per": -12.223996139641699}, "sh": {"per": -28.55009774100001}, "ar": {"per": -16.992506188}, "sg": {"per": -22.064971506434183}, "gr": {"per": -25.771705362932636}, "ag": {"per": -13.858794620709176}, "tg": {"per": -16.37130818565396}, "ti": {"per": -34.6821318968678}, "vd": {"per": -21.523121411117074}, "vs": {"per": -39.54589638284616}, "ne": {"per": -32.4752863099241}, "ge": {"per": -25.4994519535409}, "ju": {"per": -29.70439188662869}, "gl": {"per": -60.23}, "ai": {"per": -41.602612470110756}}