{"ch": {"per": 16.976913309993932}, "zh": {"per": 24.764076068611104}, "be": {"per": 16.097843245367066}, "lu": {"per": 18.339220581699266}, "ur": {"per": -49.32}, "sz": {"per": 21.375966418764172}, "nw": {"per": -36.89}, "zg": {"per": 20.20821465362573}, "fr": {"per": 27.40824753327947}, "so": {"per": 11.051050456020725}, "bs": {"per": 10.318954780245065}, "bl": {"per": 17.05714853701854}, "sh": {"per": -6.560097741000007}, "ar": {"per": 2.637493811999981}, "sg": {"per": 18.502526810341386}, "gr": {"per": 19.52080816385137}, "ag": {"per": 25.783865589157635}, "tg": {"per": 19.043151011725996}, "ti": {"per": 2.221231445120786}, "vd": {"per": 4.615098300361353}, "vs": {"per": 6.276058761462316}, "ne": {"per": -14.61999999999999}, "ge": {"per": 9.879631539419009}, "ju": {"per": 14.68686267921452}, "gl": {"per": -29.230000000000004}, "ai": {"per": 39.87}}