{"ch": {"per": 21.13284219460653}, "zh": {"per": 9.755591443113737}, "be": {"per": 13.277600030555426}, "lu": {"per": 21.247380940819326}, "ur": {"per": 47.84}, "sz": {"per": 21.82608877045803}, "nw": {"per": 38.9291224018325}, "zg": {"per": 23.466533391578462}, "fr": {"per": 32.685411620601904}, "so": {"per": 32.204335424393335}, "bs": {"per": 22.6704038354358}, "bl": {"per": 20.843996139641714}, "sh": {"per": 22.820097741000005}, "ar": {"per": 15.282506188}, "sg": {"per": 22.65470474024356}, "gr": {"per": 20.591705362932633}, "ag": {"per": 18.75189681669721}, "tg": {"per": 15.972282356372908}, "ti": {"per": 30.672131896867803}, "vd": {"per": 32.98689187797761}, "vs": {"per": 33.6770857987578}, "ne": {"per": 39.551037780512345}, "ge": {"per": 32.21638114770198}, "ju": {"per": 33.9843918866287}, "gl": {"per": 59.9}, "ai": {"per": 27.332612470110746}}