{"ch": {"per": -17.207178421305827}, "zh": {"per": -18.975581400154084}, "be": {"per": -6.764386660835427}, "lu": {"per": -21.934421062603207}, "ur": {"per": -36.9}, "sz": {"per": -39.38}, "nw": {"per": -17.73912240183249}, "zg": {"per": -24.68000000000002}, "fr": {"per": -18.347242311960912}, "so": {"per": -22.83}, "bs": {"per": -14.564664165351289}, "bl": {"per": -5.621907788227048}, "sh": {"per": -37.25}, "ar": {"per": -25.200000000000003}, "sg": {"per": -23.817386713650052}, "gr": {"per": -29.54000000000002}, "ag": {"per": -18.98202234016884}, "tg": {"per": -23.787612649344226}, "ti": {"per": -24.48008902017861}, "vd": {"per": 2.4948550439347486}, "vs": {"per": -31.17}, "ne": {"per": 2.9167700863110326}, "ge": {"per": -0.7077309981714848}, "ju": {"per": -26.010000000000005}, "ai": {"per": -30.189999999999998}}