{"ch": {"per": 1.8193549175409984}, "zh": {"per": 0.12634916466164015}, "be": {"per": -5.652675773687406}, "lu": {"per": 10.155937542881851}, "ur": {"per": 25.35}, "sz": {"per": 3.500780270249251}, "nw": {"per": 19.17}, "zg": {"per": -1.25287910475015}, "fr": {"per": 12.335350739469323}, "so": {"per": -5.596253175671752}, "bs": {"per": 1.4755528806006168}, "bl": {"per": -5.754368077469593}, "sh": {"per": -2.3282413770000012}, "ar": {"per": -9.941416755999999}, "sg": {"per": 2.693694849264112}, "gr": {"per": -3.3061982055191947}, "ag": {"per": -0.8627021105303747}, "tg": {"per": -2.5492673731270337}, "ti": {"per": 19.626622110153225}, "vd": {"per": 2.325526723081552}, "vs": {"per": 7.1426970053863705}, "ne": {"per": -5.674773355244078}, "ge": {"per": 4.271881263068515}, "ju": {"per": 11.22203300313663}, "gl": {"per": -76.97}, "ai": {"per": 16.01}}