{"ch": {"per": 5.136883762962611}, "zh": {"per": 1.726737646712131}, "be": {"per": -4.436177781568894}, "lu": {"per": 10.803917115760235}, "ur": {"per": 31.15}, "sz": {"per": 12.000780270249251}, "nw": {"per": 25.88}, "zg": {"per": 4.237120895249852}, "fr": {"per": 20.848026792987437}, "so": {"per": 0.26374682432825125}, "bs": {"per": -6.162520679561098}, "bl": {"per": -1.7931800162541762}, "sh": {"per": 4.411758622999997}, "ar": {"per": -4.831416755999999}, "sg": {"per": 4.599673920607064}, "gr": {"per": 11.773801794480807}, "ag": {"per": 2.7679379225844194}, "tg": {"per": 0.3553604942374129}, "ti": {"per": 27.01597021201203}, "vd": {"per": 2.6053618133122}, "vs": {"per": 23.86269700538637}, "ne": {"per": -7.896665784611876}, "ge": {"per": 12.991881263068514}, "ju": {"per": 20.702033003136627}, "gl": {"per": -66.93}, "ai": {"per": 20.11}}