{"ch": {"per": 1.2960158081921804}, "zh": {"per": 2.498012600745504}, "be": {"per": -4.544479982352591}, "lu": {"per": 5.7139171157602355}, "ur": {"per": 24.79}, "sz": {"per": 5.640780270249252}, "nw": {"per": 16.12}, "zg": {"per": -1.1128791047501494}, "fr": {"per": 8.628026792987438}, "so": {"per": -5.826253175671752}, "bs": {"per": -5.067371136642919}, "bl": {"per": -2.5971452888320137}, "sh": {"per": -0.13824137699999994}, "ar": {"per": -6.391416755999998}, "sg": {"per": 2.5388754946386918}, "gr": {"per": 1.243801794480806}, "ag": {"per": 0.05102273019933534}, "tg": {"per": -1.0646506551161714}, "ti": {"per": 17.446622110153225}, "vd": {"per": -3.134638186687795}, "vs": {"per": 7.052697005386371}, "ne": {"per": -8.516665784611874}, "ge": {"per": -1.458118736931489}, "ju": {"per": 10.342033003136628}, "gl": {"per": -78.7}, "ai": {"per": 15.96}}