{"ch": {"per": -26.616010641810263}, "zh": {"per": -18.529375922520543}, "be": {"per": -12.199184220030006}, "lu": {"per": -35.95696223693067}, "ur": {"per": -28.530581613023976}, "sz": {"per": -33.71072373100001}, "nw": {"per": -45.75636363619058}, "zg": {"per": -41.205908522310516}, "fr": {"per": -40.209403981344494}, "so": {"per": -26.027495474269756}, "bs": {"per": -18.145668006891263}, "bl": {"per": -19.347531582260892}, "sh": {"per": -20.967840639000002}, "ar": {"per": -32.594180484258025}, "sg": {"per": -29.023341955042042}, "gr": {"per": -25.378531340926784}, "ag": {"per": -22.08601276570691}, "tg": {"per": -25.08067383171172}, "ti": {"per": -26.987119005229793}, "vd": {"per": -37.754499429994425}, "vs": {"per": -48.101062002313284}, "ne": {"per": -30.77120004951731}, "ge": {"per": -30.699281218198866}, "ju": {"per": -42.489729778656}, "gl": {"per": 43.65}, "ow": {"per": -56.75}, "ai": {"per": -53.45}}