{"ch": {"per": 26.172356585852135}, "zh": {"per": 15.376036741578964}, "be": {"per": 15.081688847464285}, "lu": {"per": 31.95251412531279}, "ur": {"per": 29.85515947497103}, "sz": {"per": 19.650727468}, "nw": {"per": 46.736363636190575}, "zg": {"per": 20.88483115949891}, "fr": {"per": 31.288799941664788}, "so": {"per": 40.37218486891017}, "bs": {"per": 27.281566487562653}, "bl": {"per": 24.281117796753218}, "sh": {"per": 34.859976585}, "ar": {"per": 20.787360332734927}, "sg": {"per": 26.179706353467687}, "gr": {"per": 23.12592103093573}, "ag": {"per": 20.731721899063736}, "tg": {"per": 12.785281537848725}, "ti": {"per": 58.80792397907976}, "vd": {"per": 27.059905766869157}, "vs": {"per": 49.978574256946594}, "ne": {"per": 37.94304483277533}, "ge": {"per": 34.26860538669859}, "ju": {"per": 42.7400090073598}, "gl": {"per": 60.81}, "ow": {"per": 22.290788381565115}, "ai": {"per": 57.08}}