{"ch": {"per": -31.383694931007867}, "zh": {"per": -20.451580408718847}, "be": {"per": -22.32382817552466}, "lu": {"per": -40.36696223693067}, "ur": {"per": -41.34058161302397}, "sz": {"per": -44.700723731000004}, "nw": {"per": -49.52636363619058}, "zg": {"per": -44.87590852231052}, "fr": {"per": -46.840136263255275}, "so": {"per": -38.01749547426974}, "bs": {"per": -18.91651658091767}, "bl": {"per": -28.417531582260903}, "sh": {"per": -26.357840639000003}, "ar": {"per": -38.904180484258035}, "sg": {"per": -31.726678593992027}, "gr": {"per": -43.00348693302492}, "ag": {"per": -31.406012765706897}, "tg": {"per": -33.054621380052986}, "ti": {"per": -37.83942705442168}, "vd": {"per": -27.000518076133638}, "vs": {"per": -60.72106200231328}, "ne": {"per": -30.761200049517313}, "ge": {"per": -28.929281218198867}, "ju": {"per": -52.16769591086315}, "gl": {"per": 35.41}, "ow": {"per": -63.91999999999999}, "ai": {"per": -54.06}}