{"ch": {"per": -26.742356585852143}, "zh": {"per": -17.88603674157897}, "be": {"per": -17.36168884746428}, "lu": {"per": -44.5525141253128}, "ur": {"per": -40.89515947497104}, "sz": {"per": -31.960727468}, "nw": {"per": -60.83636363619058}, "zg": {"per": -31.08483115949891}, "fr": {"per": -23.858799941664778}, "so": {"per": -45.14218486891017}, "bs": {"per": -27.991566487562658}, "bl": {"per": -30.571117796753214}, "sh": {"per": -36.159976585}, "ar": {"per": -27.347360332734915}, "sg": {"per": -33.4097063534677}, "gr": {"per": -25.625921030935743}, "ag": {"per": -32.00172189906373}, "tg": {"per": -24.09528153784871}, "ti": {"per": -43.38792397907976}, "vd": {"per": -9.999905766869148}, "vs": {"per": -46.53857425694659}, "ne": {"per": -12.73304483277532}, "ge": {"per": -13.61860538669859}, "ju": {"per": -35.19000900735981}, "gl": {"per": -73.92}, "ow": {"per": -39.1407883815651}, "ai": {"per": -75.99}}