{"ch": {"per": -21.612356585852147}, "zh": {"per": -13.38603674157897}, "be": {"per": -10.881688847464282}, "lu": {"per": -36.7325141253128}, "ur": {"per": -33.555159474971035}, "sz": {"per": -26.610727468000004}, "nw": {"per": -54.05636363619058}, "zg": {"per": -25.574831159498913}, "fr": {"per": -15.908799941664775}, "so": {"per": -40.33218486891017}, "bs": {"per": -24.641566487562656}, "bl": {"per": -26.711117796753214}, "sh": {"per": -34.359976585000005}, "ar": {"per": -22.837360332734917}, "sg": {"per": -27.759706353467692}, "gr": {"per": -23.235921030935742}, "ag": {"per": -28.381721899063734}, "tg": {"per": -19.915281537848706}, "ti": {"per": -38.797923979079755}, "vd": {"per": -5.029905766869149}, "vs": {"per": -40.07857425694659}, "ne": {"per": -6.123044832775321}, "ge": {"per": -10.528605386698587}, "ju": {"per": -27.56000900735981}, "gl": {"per": -70.47}, "ow": {"per": -31.920788381565096}, "ai": {"per": -69.88}}