{"ch": {"per": 13.253694931007878}, "zh": {"per": 1.9015804087188428}, "be": {"per": 1.223828175524659}, "lu": {"per": 22.386962236930675}, "ur": {"per": 25.930581613023982}, "sz": {"per": 24.670723730999995}, "nw": {"per": 28.416363636190574}, "zg": {"per": 21.055908522310517}, "fr": {"per": 26.77013626325527}, "so": {"per": 13.397495474269753}, "bs": {"per": 0.17651658091766365}, "bl": {"per": 6.587531582260894}, "sh": {"per": 9.767840638999992}, "ar": {"per": 22.10418048425803}, "sg": {"per": 14.446678593992022}, "gr": {"per": 28.35348693302492}, "ag": {"per": 9.446012765706904}, "tg": {"per": 11.124621380052982}, "ti": {"per": 31.54942705442167}, "vd": {"per": 13.810518076133619}, "vs": {"per": 47.93106200231328}, "ne": {"per": 14.551200049517313}, "ge": {"per": 21.48928121819887}, "ju": {"per": 37.42769591086315}, "gl": {"per": -50.75}, "ow": {"per": 40.31}, "ai": {"per": 41.57}}