{"ch": {"per": -15.830955957528573}, "zh": {"per": -9.898241227777277}, "be": {"per": -11.396332802958938}, "lu": {"per": -31.922514125312794}, "ur": {"per": -33.06515947497104}, "sz": {"per": -24.070727468}, "nw": {"per": -49.82636363619058}, "zg": {"per": -20.644831159498914}, "fr": {"per": -8.309532223575587}, "so": {"per": -32.42218486891017}, "bs": {"per": -18.192415061589053}, "bl": {"per": -16.841117796753217}, "sh": {"per": -23.329976585000004}, "ar": {"per": -20.837360332734917}, "sg": {"per": -24.27304299241768}, "gr": {"per": -18.68087662303386}, "ag": {"per": -19.091721899063735}, "tg": {"per": -15.499229086189985}, "ti": {"per": -17.147923979079764}, "vd": {"per": 1.8840755869916421}, "vs": {"per": -26.66857425694659}, "ne": {"per": -2.873044832775321}, "ge": {"per": -1.9286053866985924}, "ju": {"per": -12.107975139566946}, "gl": {"per": -65.84}, "ow": {"per": -29.1807883815651}, "ai": {"per": -73.06}}