{"ch": {"per": -24.953331623010953}, "zh": {"per": -22.810000000000002}, "be": {"per": -20.989999999999995}, "lu": {"per": -30.200000000000003}, "ur": {"per": -24.489999999999995}, "sz": {"per": -44.78}, "nw": {"per": -37.97}, "zg": {"per": -51.36}, "fr": {"per": -26.58}, "so": {"per": -27.36}, "bs": {"per": -20.200000000000003}, "bl": {"per": -26.730000000000004}, "sh": {"per": -28.25}, "ar": {"per": -25.310000000000002}, "sg": {"per": -30.129999999999995}, "gr": {"per": -24.760000000000005}, "ag": {"per": -30.58}, "tg": {"per": -27.379999999999995}, "ti": {"per": -25.25}, "vd": {"per": -6.623609578135415}, "vs": {"per": -36.47000000000001}, "ne": {"per": -24.491687100947928}, "ge": {"per": -17.42349328448627}, "ju": {"per": -30.169999999999987}, "gl": {"per": -29.959999999999994}, "ow": {"per": -29.560000000000016}, "ai": {"per": -26.22}}