{"ch": {"per": -21.20216491434934}, "zh": {"per": -17.46350565475312}, "be": {"per": -16.234106751303244}, "lu": {"per": -27.96471969399971}, "ur": {"per": -11.470581613023974}, "sz": {"per": -43.16}, "nw": {"per": -29.176363636190565}, "zg": {"per": -37.53}, "fr": {"per": -23.209643002799353}, "so": {"per": -28.550053449371234}, "bs": {"per": -17.666618877873233}, "bl": {"per": -12.514468225406802}, "sh": {"per": -37.21}, "ar": {"per": -39.31}, "sg": {"per": -30.021617482200433}, "gr": {"per": -36.17504440790188}, "ag": {"per": -23.89935961357149}, "tg": {"per": -24.783023491092628}, "ti": {"per": -29.013187171897513}, "vd": {"per": -0.46894892567586055}, "vs": {"per": -43.75771236038964}, "ne": {"per": -10.377994585940854}, "ge": {"per": -3.0015349651974077}, "ju": {"per": -27.50203386779286}, "gl": {"per": -38.75}, "ow": {"per": -43.65000000000001}, "ai": {"per": -44.28}}