{"ch": {"per": -9.852537801001994}, "zh": {"per": 6.344063919758064}, "be": {"per": 1.3862753803566719}, "lu": {"per": -17.81286062453416}, "ur": {"per": -20.005159474971038}, "sz": {"per": -6.780727468000009}, "nw": {"per": -34.716363636190565}, "zg": {"per": -5.204831159498916}, "fr": {"per": -21.20242184278603}, "so": {"per": -17.015655083805385}, "bs": {"per": -7.703198089470135}, "bl": {"per": -1.9683859894323774}, "sh": {"per": -11.749976585000006}, "ar": {"per": -8.997360332734935}, "sg": {"per": -9.216516235006154}, "gr": {"per": -9.005921030935731}, "ag": {"per": 0.9665478350862742}, "tg": {"per": -3.1351059696719545}, "ti": {"per": -44.86125840721816}, "vd": {"per": -16.17770736196134}, "vs": {"per": -41.8385742569466}, "ne": {"per": -20.14304483277533}, "ge": {"per": -19.718605386698584}, "ju": {"per": -40.75000900735979}, "gl": {"per": -49.02}, "ow": {"per": -15.910788381565112}, "ai": {"per": -58.4}}