{"ch": {"per": 5.223694931007877}, "zh": {"per": -0.1184195912811461}, "be": {"per": -4.466171824475346}, "lu": {"per": 14.166962236930676}, "ur": {"per": 3.050581613023976}, "sz": {"per": 16.560723730999996}, "nw": {"per": 16.19636363619057}, "zg": {"per": 17.635908522310515}, "fr": {"per": 9.40013626325527}, "so": {"per": 10.957495474269749}, "bs": {"per": -1.4034834190823346}, "bl": {"per": 2.4675315822609036}, "sh": {"per": 2.77784063899999}, "ar": {"per": 13.774180484258029}, "sg": {"per": 11.286678593992026}, "gr": {"per": 12.903486933024915}, "ag": {"per": 3.516012765706904}, "tg": {"per": 5.824621380052978}, "ti": {"per": 20.299427054421677}, "vd": {"per": 2.4605180761336243}, "vs": {"per": 14.87106200231328}, "ne": {"per": -6.50879995048269}, "ge": {"per": 6.489281218198862}, "ju": {"per": 15.557695910863153}, "gl": {"per": -66.5}, "ow": {"per": 25.08}, "ai": {"per": 25.11}}