{"ch": {"per": -7.08946320713828}, "zh": {"per": -0.6716810700558824}, "be": {"per": 0.518207596654392}, "lu": {"per": -14.706615737709306}, "ur": {"per": -5.410581613023972}, "sz": {"per": -10.060723730999996}, "nw": {"per": -23.106363636190565}, "zg": {"per": -20.295908522310512}, "fr": {"per": -20.596514362134023}, "so": {"per": -7.924025259374538}, "bs": {"per": 2.7951150209898046}, "bl": {"per": -3.130263389581728}, "sh": {"per": -4.467840639000002}, "ar": {"per": -13.224180484258028}, "sg": {"per": -4.969868712453561}, "gr": {"per": -13.273486933024913}, "ag": {"per": -7.484282499856917}, "tg": {"per": -6.234796948229729}, "ti": {"per": -17.507119005229796}, "vd": {"per": -4.562716481041441}, "vs": {"per": -22.631062002313286}, "ne": {"per": -1.8012000495173126}, "ge": {"per": -6.009281218198865}, "ju": {"per": -20.42769591086315}, "gl": {"per": 68.04}, "ow": {"per": -35.41999999999999}, "ai": {"per": -20.439999999999998}}