{"ch": {"per": 0.7280422025342084}, "zh": {"per": -1.8637091181454686}, "be": {"per": -1.2141070509423315}, "lu": {"per": 5.888870564525739}, "ur": {"per": 22.78}, "sz": {"per": 3.1660948160999993}, "zg": {"per": -0.550973015073918}, "fr": {"per": 0.47784335790735}, "so": {"per": -4.305063453299091}, "bs": {"per": -5.675116349481378}, "bl": {"per": -5.857251079864874}, "sh": {"per": -10.409710002}, "ar": {"per": 25.88}, "sg": {"per": 3.9789114914244372}, "gr": {"per": 6.501820185365425}, "ag": {"per": -3.586444145189809}, "tg": {"per": -0.8172629176913837}, "ti": {"per": 4.9784556739296235}, "vd": {"per": -8.38016703186478}, "vs": {"per": 24.44073690723332}, "ne": {"per": -5.812658712487995}, "ge": {"per": 4.185789990946972}, "ju": {"per": 1.4952624388909186}, "ow": {"per": 7.702574238286493}, "gl": {"per": -39.949268989171124}, "ai": {"per": 20.43}}