{"ch": {"per": -15.396008315856449}, "zh": {"per": -14.566037030825036}, "be": {"per": -9.545778556311213}, "lu": {"per": -19.74259603346249}, "ur": {"per": -47.28}, "sz": {"per": -21.121244835}, "zg": {"per": -11.919026984926077}, "fr": {"per": -22.596271365694747}, "so": {"per": -23.82087427141046}, "bs": {"per": -5.916523762163898}, "bl": {"per": -14.680420311370234}, "sh": {"per": -14.420289998000001}, "ar": {"per": -46.56}, "sg": {"per": -22.84840700173833}, "gr": {"per": -18.511820185365437}, "ag": {"per": -17.031382162344556}, "tg": {"per": -15.868860515021481}, "ti": {"per": -21.268455673929623}, "vd": {"per": -8.317746577606812}, "vs": {"per": -27.620736907233322}, "ne": {"per": -13.13365915785159}, "ge": {"per": -2.371045639571882}, "ju": {"per": -15.825262438890924}, "ow": {"per": -24.052574238286482}, "gl": {"per": 20.849268989171108}, "ai": {"per": -36.34}}