{"ch": {"per": 4.156246850511103}, "zh": {"per": 2.1418913668039608}, "be": {"per": -2.71026933097405}, "lu": {"per": 18.77440937576994}, "ur": {"per": 46.53}, "sz": {"per": 14.977109196}, "zg": {"per": 15.166250581029093}, "fr": {"per": 1.9307438309885967}, "so": {"per": 13.922868657835139}, "bs": {"per": 8.541758307992218}, "bl": {"per": 5.406164963219258}, "sh": {"per": 3.756037518999996}, "ar": {"per": 42.61}, "sg": {"per": 10.40451625760413}, "gr": {"per": -1.6146217826717475}, "ag": {"per": 6.8987329704294424}, "tg": {"per": 1.5473708647758215}, "ti": {"per": 19.175868917882024}, "vd": {"per": -5.812924350775287}, "vs": {"per": 7.910731758758132}, "ne": {"per": -5.664855097538993}, "ge": {"per": -3.8306139897880094}, "ju": {"per": 4.378819944356399}, "ow": {"per": 4.325269529079286}, "gl": {"per": 10.179268989171106}, "ai": {"per": 48.33}}