{"ch": {"per": 19.776246850511107}, "zh": {"per": 17.24189136680397}, "be": {"per": 9.299730669025948}, "lu": {"per": 25.404409375769944}, "ur": {"per": 55.09}, "sz": {"per": 12.867109196000008}, "zg": {"per": 21.6162505810291}, "fr": {"per": 29.920743830988595}, "so": {"per": 26.57286865783514}, "bs": {"per": 34.521758307992215}, "bl": {"per": 24.226164963219254}, "sh": {"per": 18.736037519}, "ar": {"per": 51.91}, "sg": {"per": 19.574516257604124}, "gr": {"per": 17.07537821732825}, "ag": {"per": 14.548732970429441}, "tg": {"per": 6.897370864775823}, "ti": {"per": 34.23586891788203}, "vd": {"per": 15.077075649224707}, "vs": {"per": 39.41073175875813}, "ne": {"per": 21.195144902461017}, "ge": {"per": 21.159386010211986}, "ju": {"per": 37.0388199443564}, "ow": {"per": 7.235269529079268}, "gl": {"per": 15.689268989171104}, "ai": {"per": 46.81}}