{"ch": {"per": -15.611522943398832}, "zh": {"per": -11.810498380986203}, "be": {"per": -23.65182710778832}, "lu": {"per": -10.977950851103095}, "ur": {"per": -63.18}, "sz": {"per": -19.330787873}, "zg": {"per": -13.983485149949388}, "fr": {"per": -11.805167433503229}, "so": {"per": -16.6887408332883}, "bs": {"per": -16.05176284206749}, "bl": {"per": -16.84671305941586}, "sh": {"per": -33.620289998000004}, "ar": {"per": -66.72999999999999}, "sg": {"per": -13.30616892500882}, "gr": {"per": -23.475506407981563}, "ag": {"per": -16.31266281660426}, "tg": {"per": -24.677088411940836}, "ti": {"per": -18.00974386419695}, "vd": {"per": -15.476983025503998}, "vs": {"per": 5.58152398051358}, "ne": {"per": -26.692659259472208}, "ge": {"per": -15.510312409659722}, "ju": {"per": -2.689323806141374}, "ow": {"per": -1.1347304709207293}, "gl": {"per": -1.2007310108288891}, "ai": {"per": 31.11}}