{"ch": {"per": -12.190933803828493}, "zh": {"per": -8.140192295061297}, "be": {"per": -11.278270148241177}, "lu": {"per": -7.4234896623472935}, "ur": {"per": -64.1}, "sz": {"per": -0.3818022529000018}, "zg": {"per": -11.820708746052404}, "fr": {"per": -16.628067906584477}, "so": {"per": -12.765762559402383}, "bs": {"per": -14.859869833284677}, "bl": {"per": -19.606001007776023}, "sh": {"per": -20.266037519000008}, "ar": {"per": -63.01}, "sg": {"per": -1.601874575571543}, "gr": {"per": -4.329064439944403}, "ag": {"per": -4.462955616384583}, "tg": {"per": -0.452617527441717}, "ti": {"per": -27.770702487517354}, "vd": {"per": -31.093634188810327}, "vs": {"per": -6.261757515087947}, "ne": {"per": -29.754611940780812}, "ge": {"per": -13.743225800077063}, "ju": {"per": -24.322881311606842}, "ow": {"per": 18.12257423828649}, "gl": {"per": -24.829268989171112}, "ai": {"per": 32.99}}