{"ch": {"per": 1.680209666829569}, "zh": {"per": 9.468108633196046}, "be": {"per": 8.680269330974049}, "lu": {"per": -4.004409375769939}, "ur": {"per": -35.790000000000006}, "sz": {"per": 7.222890803999995}, "zg": {"per": 1.013749418970903}, "fr": {"per": -8.840743830988615}, "so": {"per": -2.9228686578351386}, "bs": {"per": 5.496892363097729}, "bl": {"per": 3.7938350367807487}, "sh": {"per": 4.733962480999992}, "ar": {"per": -32.120000000000005}, "sg": {"per": 5.925483742395876}, "gr": {"per": 6.704621782671744}, "ag": {"per": 9.211267029570564}, "tg": {"per": 11.912629135224172}, "ti": {"per": -26.740555028135624}, "vd": {"per": -10.003803268264114}, "vs": {"per": -20.984018402834863}, "ne": {"per": 1.5107060311793958}, "ge": {"per": 11.081296618635704}, "ju": {"per": -20.348819944356407}, "ow": {"per": 7.064730470920729}, "gl": {"per": 3.9807310108288902}, "ai": {"per": -34.3}}