{"ch": {"per": -17.62046742570142}, "zh": {"per": -12.555605988909377}, "be": {"per": -9.846377750466857}, "lu": {"per": -22.70282018617924}, "ur": {"per": -40.7}, "sz": {"per": -37.47904405572014}, "zg": {"per": -12.839665572477813}, "fr": {"per": -25.321210716196305}, "so": {"per": -24.433071739810117}, "bs": {"per": -4.449467889656475}, "bl": {"per": -11.707843621376455}, "sh": {"per": -37.14}, "ar": {"per": -35.670000000000016}, "sg": {"per": -26.478881806544585}, "gr": {"per": -34.58}, "ag": {"per": -20.63853128406003}, "tg": {"per": -22.0195411095943}, "ti": {"per": -29.092680446096068}, "vd": {"per": -2.190599950245968}, "vs": {"per": -39.69027649259886}, "ne": {"per": -5.67131059651949}, "ge": {"per": 11.229877563101525}, "ju": {"per": -41.92}, "ow": {"per": -34.8}, "gl": {"per": -34.75}, "ai": {"per": -39.02}}