{"ch": {"per": -39.94518721837865}, "zh": {"per": -35.81778691559831}, "be": {"per": -36.30328762857309}, "lu": {"per": -44.388870564525746}, "ur": {"per": -70.77}, "sz": {"per": -51.7460948161}, "zg": {"per": -39.43902698492608}, "fr": {"per": -45.61784335790734}, "so": {"per": -47.745846931721054}, "bs": {"per": -20.080738818985598}, "bl": {"per": -37.03687701485909}, "sh": {"per": -36.600289998}, "ar": {"per": -67.69}, "sg": {"per": -47.070921951613045}, "gr": {"per": -41.55182018536542}, "ag": {"per": -45.22844017064912}, "tg": {"per": -43.49184174927495}, "ti": {"per": -40.19974896998697}, "vd": {"per": -28.361053700488135}, "vs": {"per": -61.53981999269563}, "ne": {"per": -29.236096036791764}, "ge": {"per": -28.08834523663846}, "ju": {"per": -43.745262438890926}, "ow": {"per": -52.84257423828648}, "gl": {"per": -4.370731010828891}, "ai": {"per": -57.69}}