{"ch": {"per": 12.794502193859401}, "zh": {"per": 6.015114233383237}, "be": {"per": 4.908880950471335}, "lu": {"per": 23.897140947873115}, "ur": {"per": 58.82}, "sz": {"per": 16.6583977531873}, "zg": {"per": 15.79616668708185}, "fr": {"per": 18.19187996218115}, "so": {"per": 24.355281238121513}, "bs": {"per": 14.311766537202171}, "bl": {"per": 15.102303616457114}, "sh": {"per": 14.556037519}, "ar": {"per": 52.65}, "sg": {"per": 15.548936318180274}, "gr": {"per": 13.755378217328257}, "ag": {"per": 10.030538082519286}, "tg": {"per": 4.708980746706807}, "ti": {"per": 32.65797798635133}, "vd": {"per": 3.511733514596891}, "vs": {"per": 30.446142604520947}, "ne": {"per": 5.871107311666073}, "ge": {"per": 5.012988373745735}, "ju": {"per": 24.548819944356396}, "ow": {"per": 14.485269529079275}, "gl": {"per": 19.36926898917111}, "ai": {"per": 61.43}}