{"ch": {"per": 10.127042317357095}, "zh": {"per": 15.001178623701936}, "be": {"per": 20.531804572406166}, "lu": {"per": -6.3932799402956775}, "ur": {"per": -60.18}, "sz": {"per": 1.3367959878999969}, "zg": {"per": 4.574722434044823}, "fr": {"per": 4.541412811104053}, "so": {"per": 1.8892986664415048}, "bs": {"per": 22.919127920409498}, "bl": {"per": 16.996678156624853}, "sh": {"per": 19.263672483000004}, "ar": {"per": -53.77}, "sg": {"per": 3.5620399970383545}, "gr": {"per": 4.702801597306319}, "ag": {"per": 14.22682171185162}, "tg": {"per": 13.824882955715118}, "ti": {"per": -7.664324591811656}, "vd": {"per": 18.550923698435376}, "vs": {"per": -15.05173858788961}, "ne": {"per": 26.583540889584786}, "ge": {"per": 20.848998256359394}, "ju": {"per": 2.565917616752685}, "ow": {"per": 0.9021562326342263}, "gl": {"per": 41.37}, "ai": {"per": -60.56}}