{"ch": {"per": 19.22476138410262}, "zh": {"per": 20.16648024985612}, "be": {"per": 20.00452504216453}, "lu": {"per": 26.464214494083162}, "ur": {"per": 16.205809786419575}, "sz": {"per": 21.807256441561098}, "nw": {"per": 22.382098765000002}, "zg": {"per": 24.059336376487334}, "fr": {"per": 16.027209864179966}, "so": {"per": 28.30800300120171}, "bs": {"per": 11.523704589854518}, "bl": {"per": 14.743331449668027}, "sh": {"per": 21.18690942133634}, "ar": {"per": 49.506783476471966}, "sg": {"per": 26.755661990124516}, "gr": {"per": 24.905545167977646}, "ag": {"per": 21.287078285927972}, "tg": {"per": 30.581794765433855}, "ti": {"per": 14.948598313259701}, "vd": {"per": 7.50367435008512}, "vs": {"per": 6.274572659681688}, "ne": {"per": 8.553239244999993}, "ge": {"per": 9.898916948901714}, "ju": {"per": 12.109057171125372}, "gl": {"per": 19.953465122470863}, "ai": {"per": 25.7179578361048}, "ow": {"per": 41.45}}