{"ch": {"per": -18.81508465196631}, "zh": {"per": -17.529549923224124}, "be": {"per": -23.778551067091527}, "lu": {"per": -32.43504072800793}, "ur": {"per": -38.805809786419566}, "sz": {"per": -35.467256441561105}, "nw": {"per": -38.772098764999996}, "zg": {"per": -29.228115068114676}, "fr": {"per": -15.369625574912405}, "so": {"per": -24.134352856090104}, "bs": {"per": -6.776575728421413}, "bl": {"per": -0.0017568407880261816}, "sh": {"per": -17.25690942133634}, "ar": {"per": -50.14678347647197}, "sg": {"per": -26.302049882754396}, "gr": {"per": -28.155367340560147}, "ag": {"per": -21.11745325428204}, "tg": {"per": -32.35726193321822}, "ti": {"per": -6.148598313259704}, "vd": {"per": 1.4601975673317824}, "vs": {"per": -29.014572659681697}, "ne": {"per": -7.183239244999996}, "ge": {"per": 3.190876758581055}, "ju": {"per": -9.679057171125372}, "gl": {"per": -33.74346512247086}, "ai": {"per": -38.7879578361048}, "ow": {"per": -58.55999999999999}}