{"ch": {"per": -16.166538627227002}, "zh": {"per": -19.01583262156232}, "be": {"per": -26.247756455659403}, "lu": {"per": -17.941110163727554}, "ur": {"per": -54.86580978641957}, "sz": {"per": -25.157970137669786}, "nw": {"per": -51.30209876500001}, "zg": {"per": -17.666300762105262}, "fr": {"per": -10.512006627306754}, "so": {"per": -18.576271095427312}, "bs": {"per": -9.822115884625113}, "bl": {"per": 0.04926676750849168}, "sh": {"per": -23.395817915955284}, "ar": {"per": -52.361452772838874}, "sg": {"per": -18.71438945716008}, "gr": {"per": -15.87119935423772}, "ag": {"per": -20.093762620789104}, "tg": {"per": -27.37199651712867}, "ti": {"per": -1.6860076763776348}, "vd": {"per": -5.623019919676402}, "vs": {"per": -7.087656055467399}, "ne": {"per": -18.563126600863168}, "ge": {"per": 6.811971891116649}, "ju": {"per": 1.7669982467748895}, "gl": {"per": 26.25}, "ai": {"per": 27.45}, "ow": {"per": -71.09}}