{"ch": {"per": -2.4846015315897603}, "zh": {"per": 0.4586053359701623}, "be": {"per": 0.9634609080440555}, "lu": {"per": -12.861991305875044}, "ur": {"per": -57.74}, "sz": {"per": -10.96311259324635}, "nw": {"per": -1.5699214369999979}, "zg": {"per": -13.967541880356656}, "fr": {"per": -6.932261689772076}, "so": {"per": -7.998235518589965}, "bs": {"per": -2.826777753390189}, "bl": {"per": -0.17060523286940565}, "sh": {"per": 12.892271771031297}, "ar": {"per": -14.360784405225495}, "sg": {"per": -7.462672303463741}, "gr": {"per": -15.19626630094993}, "ag": {"per": 0.6011621923044785}, "tg": {"per": 2.1064773625264763}, "ti": {"per": -21.28249878915625}, "vd": {"per": 15.648686208689597}, "vs": {"per": -8.7947025126427}, "ne": {"per": -1.7215459490741694}, "ge": {"per": 6.302120692045335}, "ju": {"per": -12.323594408046404}, "gl": {"per": -42.930000000000014}, "ai": {"per": -55.36}, "ow": {"per": 50.79}}