{"ch": {"per": -0.5459742384918584}, "zh": {"per": -1.045743225735059}, "be": {"per": -8.091032135699074}, "lu": {"per": -7.42410423742902}, "ur": {"per": 9.405809786419564}, "sz": {"per": -8.617970843076499}, "nw": {"per": 21.472098764999995}, "zg": {"per": -4.6036992378947375}, "fr": {"per": 0.321349792995683}, "so": {"per": -5.302818547916175}, "bs": {"per": -2.0158209773504154}, "bl": {"per": -8.562389812725577}, "sh": {"per": 2.7258179159552824}, "ar": {"per": 23.481452772838875}, "sg": {"per": -12.138475875525046}, "gr": {"per": -14.315714189068949}, "ag": {"per": -4.655102980285228}, "tg": {"per": -4.934255370439779}, "ti": {"per": 11.121535042313951}, "vd": {"per": 16.298383301647164}, "vs": {"per": -3.3636949682982547}, "ne": {"per": 23.69646006231693}, "ge": {"per": 21.471508031591256}, "ju": {"per": -4.696998246774896}, "gl": {"per": -57.41}, "ai": {"per": -72.91}, "ow": {"per": 38.02}}