{"ch": {"per": -5.247472628962001}, "zh": {"per": -7.829563494299872}, "be": {"per": -12.391107597119568}, "lu": {"per": -3.8639953592407252}, "ur": {"per": 24.14}, "sz": {"per": -8.306887406753653}, "nw": {"per": -18.960078563}, "zg": {"per": -5.782458119643348}, "fr": {"per": -4.097738310227925}, "so": {"per": -2.9517644814100343}, "bs": {"per": 1.6967777533901902}, "bl": {"per": -5.056102923892219}, "sh": {"per": -16.462271771031293}, "ar": {"per": -6.299215594774516}, "sg": {"per": -6.90732769653626}, "gr": {"per": -4.093733699050063}, "ag": {"per": -10.100915949658454}, "tg": {"per": -16.176477362526466}, "ti": {"per": 19.725074671372326}, "vd": {"per": -5.474444767865371}, "vs": {"per": 1.5047025126426874}, "ne": {"per": -2.195865808999997}, "ge": {"per": 7.886839072549353}, "ju": {"per": 2.523594408046396}, "gl": {"per": 26.59}, "ai": {"per": 27.02}, "ow": {"per": -74.69}}