{"ch": {"per": 7.572252687963541}, "zh": {"per": 8.537767491673165}, "be": {"per": 10.504764311238148}, "lu": {"per": 3.0829621377927623}, "ur": {"per": 5.0441902135804355}, "sz": {"per": 6.294657055682094}, "nw": {"per": 6.237901234999995}, "zg": {"per": 6.220663623512678}, "fr": {"per": 9.262338846048252}, "so": {"per": 9.70480047416308}, "bs": {"per": 19.209050120990767}, "bl": {"per": 18.894173460847824}, "sh": {"per": 16.11309057866366}, "ar": {"per": -11.246783476471961}, "sg": {"per": 6.608293489184604}, "gr": {"per": -1.6955451679776274}, "ag": {"per": 8.726687066438643}, "tg": {"per": 3.3879614498573574}, "ti": {"per": 5.971401686740279}, "vd": {"per": 14.592860321377337}, "vs": {"per": -3.354572659681679}, "ne": {"per": 16.89676075500001}, "ge": {"per": 6.248602071930534}, "ju": {"per": 7.99094282887463}, "gl": {"per": 11.236534877529138}, "ai": {"per": 7.862042163895197}, "ow": {"per": -14.349999999999994}}