{"ch": {"per": -5.8813041665502155}, "zh": {"per": 11.894917902659195}, "be": {"per": 0.9975582982142797}, "lu": {"per": -9.736199691069544}, "ur": {"per": -61.14}, "sz": {"per": -13.462919184149278}, "nw": {"per": 3.6779797979999955}, "zg": {"per": -0.9251901981445911}, "fr": {"per": -23.186855179134973}, "so": {"per": -16.816449748494115}, "bs": {"per": 8.99727145523795}, "bl": {"per": 2.047630773505972}, "sh": {"per": 4.682859135010389}, "ar": {"per": -21.507567881697454}, "sg": {"per": -5.391908676047365}, "gr": {"per": -12.911413778665441}, "ag": {"per": -2.7954883344464747}, "tg": {"per": 0.14391927986550002}, "ti": {"per": -40.75935279509115}, "vd": {"per": 0.6375314007485358}, "vs": {"per": -35.55074522412163}, "ne": {"per": 0.316034099780218}, "ge": {"per": -13.85442924322578}, "ju": {"per": -24.309875584663864}, "gl": {"per": -51.83}, "ai": {"per": -53.44}, "ow": {"per": 38.08}}