{"ch": {"per": -0.866979153945028}, "zh": {"per": -6.450144838851358}, "be": {"per": -5.610698143180144}, "lu": {"per": 12.071325039836168}, "ur": {"per": 45.29}, "sz": {"per": 4.395026090489544}, "nw": {"per": -5.480078563000006}, "zg": {"per": 5.137541880356661}, "fr": {"per": -0.8881895999996878}, "so": {"per": 7.791038993954743}, "bs": {"per": 2.619532464235487}, "bl": {"per": -0.698626884051297}, "sh": {"per": -10.5522717710313}, "ar": {"per": 9.000784405225492}, "sg": {"per": 7.77662778277287}, "gr": {"per": 8.696266300949933}, "ag": {"per": -3.6858567452597626}, "tg": {"per": -4.1367211472352565}, "ti": {"per": 20.185074671372327}, "vd": {"per": -16.248721563386642}, "vs": {"per": 9.254702512642691}, "ne": {"per": -5.235865809}, "ge": {"per": -5.535641906618409}, "ju": {"per": 4.6535944080464}, "gl": {"per": 35.84}, "ai": {"per": 50.94}, "ow": {"per": -58.43}}