{"ch": {"per": 15.42800470192931}, "zh": {"per": 17.677312833860583}, "be": {"per": 19.41475223850921}, "lu": {"per": 13.78399535924072}, "ur": {"per": -13.730000000000004}, "sz": {"per": 19.71688740675365}, "nw": {"per": 28.450078562999998}, "zg": {"per": 15.042458119643328}, "fr": {"per": 13.90655069010593}, "so": {"per": 13.124708632931572}, "bs": {"per": 7.617980365070409}, "bl": {"per": 15.63610292389221}, "sh": {"per": 28.859040387614954}, "ar": {"per": 12.9492155947745}, "sg": {"per": 16.583771445842387}, "gr": {"per": 13.545993970755148}, "ag": {"per": 22.554531134784256}, "tg": {"per": 23.42429858711602}, "ti": {"per": -2.2735381517005635}, "vd": {"per": 16.060519282927245}, "vs": {"per": 4.175297487357298}, "ne": {"per": 15.095865808999989}, "ge": {"per": 10.943160927450649}, "ju": {"per": 6.146405591953609}, "gl": {"per": -11.310000000000002}, "ai": {"per": -17.859999999999985}, "ow": {"per": 82.84}}