{"ch": {"per": -5.357170392982589}, "zh": {"per": -3.84882586244467}, "be": {"per": -6.794231811317701}, "lu": {"per": -1.8067238771449752}, "ur": {"per": -4.844190213580433}, "sz": {"per": -6.2546570556820935}, "nw": {"per": -6.7479012350000005}, "zg": {"per": -4.950663623512668}, "fr": {"per": -9.102338846048262}, "so": {"per": -4.164800474163073}, "bs": {"per": -10.149050120990779}, "bl": {"per": -15.099794295045111}, "sh": {"per": -10.583090578663661}, "ar": {"per": 12.096783476471963}, "sg": {"per": -4.738293489184606}, "gr": {"per": 0.43554516797764364}, "ag": {"per": -6.800805878946818}, "tg": {"per": -1.3479614498573547}, "ti": {"per": 6.567671256968239}, "vd": {"per": -15.50778050181625}, "vs": {"per": -1.835427340318315}, "ne": {"per": -14.886760755000005}, "ge": {"per": -10.948602071930523}, "ju": {"per": -5.93094282887462}, "gl": {"per": -10.746534877529147}, "ai": {"per": -8.982042163895196}, "ow": {"per": 13.94}}