{"ch": {"per": -18.262624292937232}, "zh": {"per": -9.189698904272113}, "be": {"per": -13.77933051906519}, "lu": {"per": -19.53177304290356}, "ur": {"per": -15.225809786419568}, "sz": {"per": -18.368581555988342}, "nw": {"per": -12.27209876500001}, "zg": {"per": -14.418115068114673}, "fr": {"per": -21.27395950202824}, "so": {"per": -17.742635673709692}, "bs": {"per": -11.793258759671431}, "bl": {"per": -12.961307164083756}, "sh": {"per": -14.516909421336337}, "ar": {"per": -42.39678347647198}, "sg": {"per": -18.397726311203137}, "gr": {"per": -23.26536734056016}, "ag": {"per": -15.654629923725274}, "tg": {"per": -19.382980950208733}, "ti": {"per": -29.297671256968243}, "vd": {"per": -15.15956445732624}, "vs": {"per": -42.05457265968168}, "ne": {"per": -22.313239244999995}, "ge": {"per": -18.696152712955595}, "ju": {"per": -32.539057171125364}, "gl": {"per": -11.613465122470856}, "ai": {"per": -18.157957836104806}, "ow": {"per": -36.22}}