{"ch": {"per": 9.655128642109737}, "zh": {"per": 16.756480249856118}, "be": {"per": 8.994525042164533}, "lu": {"per": 22.09421449408316}, "ur": {"per": 15.935809786419568}, "sz": {"per": 14.967256441561101}, "nw": {"per": 11.292098764999999}, "zg": {"per": 11.82933637648733}, "fr": {"per": 1.2672098641799678}, "so": {"per": 18.248003001201706}, "bs": {"per": -5.546295410145476}, "bl": {"per": 3.9633314496680185}, "sh": {"per": 14.706909421336341}, "ar": {"per": 41.516783476471964}, "sg": {"per": 19.56566199012452}, "gr": {"per": 10.995545167977646}, "ag": {"per": 14.097078285927967}, "tg": {"per": 22.211794765433854}, "ti": {"per": 6.557671256968241}, "vd": {"per": -13.746325649914876}, "vs": {"per": 1.8245726596816887}, "ne": {"per": -7.316760755000004}, "ge": {"per": -14.341083051098302}, "ju": {"per": -0.9809428288746176}, "gl": {"per": 13.02346512247086}, "ai": {"per": 14.217957836104802}, "ow": {"per": 33.44}}