{"ch": {"per": 20.37477694573104}, "zh": {"per": 18.0366909687892}, "be": {"per": 17.83417714131009}, "lu": {"per": 24.52623826064779}, "ur": {"per": 25.92}, "sz": {"per": 29.26}, "nw": {"per": 24.64}, "zg": {"per": 20.33}, "fr": {"per": 20.298812379878008}, "so": {"per": 23.07294415152154}, "bs": {"per": 20.814758118460603}, "bl": {"per": 21.004379165802703}, "sh": {"per": 24.576768616583657}, "ar": {"per": 28.45}, "sg": {"per": 26.206443749306118}, "gr": {"per": 19.84226027170508}, "ag": {"per": 22.409496372617625}, "tg": {"per": 23.757821224589552}, "ti": {"per": 15.165400923694367}, "vd": {"per": 15.721154334622952}, "vs": {"per": 21.22}, "ne": {"per": 20.0}, "ge": {"per": 23.52}, "ju": {"per": 19.4}, "gl": {"per": 24.56}, "ai": {"per": 26.0}, "ow": {"per": 27.77}}