{"ch": {"per": 1.785376749262909}, "zh": {"per": 10.745151900473822}, "be": {"per": 5.033944850816404}, "lu": {"per": -15.67514223087219}, "ur": {"per": -53.89}, "sz": {"per": -3.6000481404460345}, "nw": {"per": -4.629921437}, "zg": {"per": -12.087567356309272}, "fr": {"per": 1.518186098677404}, "so": {"per": -11.698038423570154}, "bs": {"per": -4.74119494487244}, "bl": {"per": 2.2283389370623112}, "sh": {"per": 20.41285913501039}, "ar": {"per": -20.510784405225493}, "sg": {"per": -6.522008148423311}, "gr": {"per": -16.51429893042026}, "ag": {"per": 6.912110188147537}, "tg": {"per": 1.6424937637958692}, "ti": {"per": -21.648585657517714}, "vd": {"per": 27.960323290177826}, "vs": {"per": -19.54123479856196}, "ne": {"per": 17.44646024000555}, "ge": {"per": 16.26638673749993}, "ju": {"per": -10.421366598452835}, "gl": {"per": -47.53}, "ai": {"per": -55.47}, "ow": {"per": 44.2}}