{"ch": {"per": 3.1365243712402133}, "zh": {"per": 1.4967063037478852}, "be": {"per": 2.921392440678815}, "lu": {"per": -2.619005754621014}, "sz": {"per": -7.578099630937913}, "zg": {"per": -5.8079659225834845}, "fr": {"per": 2.6369267304687085}, "so": {"per": 5.942753408573175}, "bs": {"per": 8.631831090761121}, "bl": {"per": 7.53834772539998}, "sh": {"per": -1.4930710938881404}, "ar": {"per": 12.75498534563112}, "sg": {"per": -3.409228474238624}, "gr": {"per": 2.7735508382454483}, "ag": {"per": 0.7234187647609858}, "tg": {"per": -4.906379528131623}, "ti": {"per": 13.394148053758492}, "vd": {"per": 16.46984797880059}, "vs": {"per": -6.097758741603087}, "ne": {"per": 27.45467805635521}, "ge": {"per": 13.467011615080693}, "ju": {"per": 16.0843802916999}, "gl": {"per": 51.75}, "ai": {"per": -25.20492227960664}, "ur": {"per": -22.02398499965946}, "ow": {"per": -45.35}, "nw": {"per": -45.44}}