{"ch": {"per": -8.602215676097082}, "zh": {"per": -2.7225050459375453}, "be": {"per": -2.1997989633714923}, "lu": {"per": -11.284941039412303}, "sz": {"per": -14.521420663917311}, "zg": {"per": -11.980203615751527}, "fr": {"per": -10.673539671342468}, "so": {"per": -4.172751952965399}, "bs": {"per": 10.82607776776716}, "bl": {"per": 2.796327725968723}, "sh": {"per": -13.234652650029446}, "ar": {"per": -19.752705017084857}, "sg": {"per": -16.554991243136023}, "gr": {"per": -14.29096144226402}, "ag": {"per": -1.3596506911670332}, "tg": {"per": -16.302108759028606}, "ti": {"per": -20.89453353939259}, "vd": {"per": -11.947725863277462}, "vs": {"per": -24.925117693717972}, "ne": {"per": 0.21982568585791995}, "ge": {"per": -10.8207219220794}, "ju": {"per": -12.044230398954305}, "gl": {"per": 6.600270536563322}, "ai": {"per": -27.014922279606637}, "ur": {"per": -19.96398499965946}, "ow": {"per": -34.510000000000005}, "nw": {"per": -36.87}}