{"ch": {"per": -3.2911151695383722}, "zh": {"per": -5.45167371463112}, "be": {"per": -7.09139473930907}, "lu": {"per": -1.7806000477513564}, "sz": {"per": -5.674225091957361}, "zg": {"per": -2.246916260589092}, "fr": {"per": 2.4530109788007763}, "so": {"per": 2.553848276177895}, "bs": {"per": 3.487050276761323}, "bl": {"per": 0.04691977678471915}, "sh": {"per": -20.803071093888143}, "ar": {"per": -7.465014654368879}, "sg": {"per": -5.669078977638783}, "gr": {"per": -3.9690468892616977}, "ag": {"per": -7.573161575686157}, "tg": {"per": -10.385930827867291}, "ti": {"per": 0.17000667327940278}, "vd": {"per": -1.015730442654423}, "vs": {"per": 8.20508661096359}, "ne": {"per": 8.970662358418569}, "ge": {"per": 4.961824000253227}, "ju": {"per": 15.220115513438252}, "gl": {"per": 32.83}, "ai": {"per": 28.14}, "ur": {"per": -16.667767636079077}, "ow": {"per": -67.0}, "nw": {"per": -68.09}}