{"ch": {"per": -1.805746467828385}, "zh": {"per": 2.265296620262518}, "be": {"per": 2.693217562893281}, "lu": {"per": -3.601516237036506}, "sz": {"per": 0.8542250919573675}, "zg": {"per": -5.653083739410917}, "fr": {"per": -4.534669988838033}, "so": {"per": -5.624108780640512}, "bs": {"per": -5.62416990026091}, "bl": {"per": -1.5777352885982197}, "sh": {"per": 10.94762174593842}, "ar": {"per": 1.0750146543688786}, "sg": {"per": 1.3123334270805032}, "gr": {"per": -3.5809531107383066}, "ag": {"per": 3.2045816743632543}, "tg": {"per": 2.2607970625431832}, "ti": {"per": -10.460006673279395}, "vd": {"per": -3.1897160483024862}, "vs": {"per": -14.845086610963591}, "ne": {"per": -6.150662358418558}, "ge": {"per": -20.916330114390753}, "ju": {"per": -17.180115513438253}, "gl": {"per": -36.57}, "ai": {"per": -44.03}, "ur": {"per": 6.657767636079079}, "ow": {"per": 57.14}, "nw": {"per": 61.01}}