{"ch": {"per": 12.638194612783202}, "zh": {"per": 8.398714843911755}, "be": {"per": 10.18905054323465}, "lu": {"per": 9.978874220833845}, "sz": {"per": 13.666457564314497}, "zg": {"per": 7.455610197577137}, "fr": {"per": 12.800022580288669}, "so": {"per": 15.01180496383568}, "bs": {"per": -2.008912738476198}, "bl": {"per": 5.548966635351192}, "sh": {"per": 7.474652650029448}, "ar": {"per": 4.892705017084861}, "sg": {"per": 12.565231291665818}, "gr": {"per": 16.87012063852634}, "ag": {"per": 14.342761832178212}, "tg": {"per": 15.449823943049761}, "ti": {"per": 27.10934913358376}, "vd": {"per": 12.834284718812178}, "vs": {"per": 22.51511769371798}, "ne": {"per": 7.84689707719923}, "ge": {"per": 12.724932218583739}, "ju": {"per": 21.7542303989543}, "gl": {"per": -9.710270536563314}, "ai": {"per": 3.184922279606628}, "ur": {"per": 3.2439849996594674}, "ow": {"per": 24.88}, "nw": {"per": 26.98}}