{"ch": {"per": -5.114415948221421}, "zh": {"per": -3.292430901888956}, "be": {"per": -2.523810370169471}, "lu": {"per": -8.762402819604162}, "sz": {"per": -21.236641005531503}, "zg": {"per": -8.833604949064892}, "fr": {"per": -1.7201228690117887}, "so": {"per": -9.868963761875719}, "bs": {"per": 9.051009484626107}, "bl": {"per": 1.2413429607568176}, "sh": {"per": -5.794652650029434}, "ar": {"per": -9.65270501708487}, "sg": {"per": -12.484289856476948}, "gr": {"per": -17.257577723341065}, "ag": {"per": -11.947692694090321}, "tg": {"per": -16.254097604128788}, "ti": {"per": -7.312175878912001}, "vd": {"per": 13.244743466920696}, "vs": {"per": -16.68511769371797}, "ne": {"per": 13.92561033735037}, "ge": {"per": 2.9702042965091593}, "ju": {"per": 0.9957696010457084}, "gl": {"per": 9.460270536563314}, "ai": {"per": -15.324922279606639}, "ur": {"per": -9.96398499965946}, "ow": {"per": -31.28}, "nw": {"per": -29.870000000000005}}