{"ch": {"per": -6.953138721217556}, "zh": {"per": -2.4745622172489234}, "be": {"per": -1.0673184037164276}, "lu": {"per": -14.661516237036516}, "sz": {"per": -11.60577490804264}, "zg": {"per": -13.453083739410893}, "fr": {"per": -7.123010978800778}, "so": {"per": -15.903848276177897}, "bs": {"per": -11.667050276761316}, "bl": {"per": -12.796919776784712}, "sh": {"per": 6.013071093888136}, "ar": {"per": -12.32498534563112}, "sg": {"per": -12.427880883967617}, "gr": {"per": -12.930953110738308}, "ag": {"per": -6.846838424313837}, "tg": {"per": -6.654069172132715}, "ti": {"per": -16.040006673279393}, "vd": {"per": -3.152199573599603}, "vs": {"per": -16.52508661096359}, "ne": {"per": -4.040662358418572}, "ge": {"per": -6.561824000253225}, "ju": {"per": -14.820115513438239}, "gl": {"per": -50.4}, "ai": {"per": -56.41}, "ur": {"per": -8.112232363920931}, "ow": {"per": 46.43}, "nw": {"per": 50.36}}