{"ch": {"per": -8.123643019633292}, "zh": {"per": -7.638573681423203}, "be": {"per": -8.359586509844348}, "lu": {"per": -15.78887422083384}, "sz": {"per": -20.616457564314487}, "zg": {"per": -12.24561019757715}, "fr": {"per": -8.988363570251416}, "so": {"per": -14.281544459373059}, "bs": {"per": 5.1660323619757875}, "bl": {"per": -6.148151123537687}, "sh": {"per": -3.9192033020797226}, "ar": {"per": -7.662705017084853}, "sg": {"per": -18.175445602713914}, "gr": {"per": -22.07012063852634}, "ag": {"per": -13.7341819308553}, "tg": {"per": -19.234690177725653}, "ti": {"per": 3.198123238040445}, "vd": {"per": 12.423231755890704}, "vs": {"per": -18.175117693717972}, "ne": {"per": 23.083102922800776}, "ge": {"per": -2.100426104446207}, "ju": {"per": -0.3942303989542921}, "gl": {"per": 12.640270536563307}, "ai": {"per": -15.624922279606622}, "ur": {"per": -15.893984999659473}, "ow": {"per": -38.49}, "nw": {"per": -33.670000000000016}}