{"ch": {"per": -9.26888483046163}, "zh": {"per": -7.04832628536888}, "be": {"per": -7.888605260690923}, "lu": {"per": -12.829399952248629}, "sz": {"per": -13.165774908042629}, "zg": {"per": -15.403083739410903}, "fr": {"per": -9.643010978800774}, "so": {"per": -19.603848276177892}, "bs": {"per": -15.75705027676132}, "bl": {"per": -16.146919776784713}, "sh": {"per": 3.9330710938881452}, "ar": {"per": -9.404985345631118}, "sg": {"per": -10.320921022361212}, "gr": {"per": -11.46095311073831}, "ag": {"per": -11.856838424313835}, "tg": {"per": -5.244069172132697}, "ti": {"per": -9.420006673279396}, "vd": {"per": -2.5942695573455694}, "vs": {"per": -14.075086610963574}, "ne": {"per": -9.560662358418554}, "ge": {"per": -7.991824000253217}, "ju": {"per": -23.320115513438253}, "gl": {"per": -56.27}, "ai": {"per": -43.99}, "ur": {"per": -2.9322323639209245}, "ow": {"per": 49.8}, "nw": {"per": 50.57}}