{"ch": {"per": -19.166388564090326}, "zh": {"per": -20.329453589961076}, "be": {"per": -20.580902467190228}, "lu": {"per": -24.120000000000005}, "sz": {"per": -30.870000000000005}, "zg": {"per": -26.180000000000007}, "fr": {"per": -14.028340989962743}, "so": {"per": -26.01973949553738}, "bs": {"per": -22.10288037650041}, "bl": {"per": -22.3291844881865}, "sh": {"per": -22.26455065205026}, "ar": {"per": -29.590000000000003}, "sg": {"per": -26.930214311048104}, "gr": {"per": -25.480000000000004}, "ag": {"per": -24.3314200986771}, "tg": {"per": -25.144866234675888}, "ti": {"per": -11.787017793787683}, "vd": {"per": -4.297624351849123}, "vs": {"per": -15.700000000000003}, "ne": {"per": 0.5421679257018184}, "ge": {"per": -4.821215319228159}, "ju": {"per": -6.134151621759273}, "gl": {"per": -30.739999999999995}, "ai": {"per": -25.450000000000003}, "ur": {"per": -25.150000000000006}, "ow": {"per": -25.349999999999994}, "nw": {"per": -24.409999999999982}}