{"ch": {"per": -1.9009666869482302}, "zh": {"per": 2.781480693850348}, "be": {"per": -2.8889789099635834}, "lu": {"per": -2.1089870258650336}, "sz": {"per": 1.0275461249367623}, "zg": {"per": -6.420846046242865}, "fr": {"per": -3.050517532408165}, "so": {"per": -4.918705238369839}, "bs": {"per": -11.829919095272977}, "bl": {"per": -5.61090234682716}, "sh": {"per": 7.549203302079725}, "ar": {"per": 13.102705017084865}, "sg": {"per": -5.120098681402297}, "gr": {"per": -9.627388275956214}, "ag": {"per": -0.027961289913776}, "tg": {"per": -4.250444443377319}, "ti": {"per": -8.422170711951267}, "vd": {"per": 5.876978174575662}, "vs": {"per": -7.037727658848695}, "ne": {"per": 13.977654123519073}, "ge": {"per": -9.25997242267077}, "ju": {"per": -5.875656444543331}, "gl": {"per": -61.35}, "ai": {"per": -62.68}, "ur": {"per": -8.472232363920916}, "ow": {"per": 42.64}, "nw": {"per": 40.22}}