{"ch": {"per": -3.3183589403374114}, "zh": {"per": 1.5116218563388912}, "be": {"per": -2.9595148765732944}, "lu": {"per": -4.708987025865035}, "sz": {"per": -1.03245387506324}, "zg": {"per": -9.140846046242864}, "fr": {"per": -4.2488585223709165}, "so": {"per": -6.468444733907219}, "bs": {"per": -12.942799471773377}, "bl": {"per": -7.740086835013656}, "sh": {"per": 10.244652650029451}, "ar": {"per": 10.462705017084865}, "sg": {"per": -6.870312992450394}, "gr": {"per": -11.137388275956212}, "ag": {"per": -1.6293813885908648}, "tg": {"per": -3.5353106780532144}, "ti": {"per": -9.682170711951265}, "vd": {"per": 3.6444946492785277}, "vs": {"per": -8.557727658848698}, "ne": {"per": 10.077654123519075}, "ge": {"per": -11.865466308533236}, "ju": {"per": -6.865656444543333}, "gl": {"per": -62.98}, "ai": {"per": -63.28}, "ur": {"per": -9.452232363920913}, "ow": {"per": 41.68}, "nw": {"per": 39.04}}