{"ch": {"per": -15.89}, "zh": {"per": -13.170000000000016}, "be": {"per": -15.799999999999997}, "lu": {"per": -15.989999999999995}, "sz": {"per": -21.030000000000015}, "zg": {"per": -13.950000000000003}, "fr": {"per": -18.069999999999993}, "so": {"per": -19.450000000000017}, "bs": {"per": -15.5}, "bl": {"per": -16.480000000000004}, "sh": {"per": -21.5}, "ar": {"per": -17.319999999999993}, "sg": {"per": -18.5}, "gr": {"per": -14.11}, "ag": {"per": -18.260000000000005}, "tg": {"per": -18.189999999999998}, "ti": {"per": -15.76000000000002}, "vd": {"per": -11.769999999999982}, "vs": {"per": -21.200000000000003}, "ne": {"per": -15.819999999999993}, "ge": {"per": -12.980000000000004}, "ju": {"per": -20.650000000000006}, "gl": {"per": -17.450000000000003}, "ai": {"per": -15.139999999999986}, "ur": {"per": -18.47}, "ow": {"per": -15.730000000000004}, "nw": {"per": -14.700000000000003}}