{"ch": {"per": -4.071115169538377}, "zh": {"per": -5.721673714631127}, "be": {"per": -11.651394739309069}, "lu": {"per": -0.3006000477513595}, "sz": {"per": -5.004225091957366}, "zg": {"per": 1.3130837394109065}, "fr": {"per": -4.806989021199225}, "so": {"per": 1.043848276177897}, "bs": {"per": 5.707050276761322}, "bl": {"per": -2.983080223215289}, "sh": {"per": -15.463071093888146}, "ar": {"per": -4.67501465436888}, "sg": {"per": -3.0190789776387845}, "gr": {"per": -6.969046889261694}, "ag": {"per": -7.713161575686165}, "tg": {"per": -8.975930827867302}, "ti": {"per": 0.6900066732793917}, "vd": {"per": -0.3557304426544263}, "vs": {"per": 6.295086610963583}, "ne": {"per": 0.9306623584185694}, "ge": {"per": 5.741824000253221}, "ju": {"per": 7.950115513438252}, "gl": {"per": 33.16}, "ai": {"per": 33.44}, "ur": {"per": -14.917767636079077}, "ow": {"per": -69.01}, "nw": {"per": -67.45}}