{"ch": {"per": 4.202356274064982}, "zh": {"per": 3.9904665461327937}, "be": {"per": 5.974621907695209}, "lu": {"per": -2.574145815993802}, "sz": {"per": 5.0842250919573715}, "zg": {"per": 4.1569162605890995}, "fr": {"per": 2.735330011161963}, "so": {"per": -0.4841087806405113}, "bs": {"per": -7.26416990026091}, "bl": {"per": 0.1422647114017792}, "sh": {"per": 15.927621745938424}, "ar": {"per": 4.735014654368875}, "sg": {"per": 8.032922555357516}, "gr": {"per": 5.789046889261698}, "ag": {"per": 8.954581674363254}, "tg": {"per": 10.92079706254318}, "ti": {"per": -10.125362118115817}, "vd": {"per": 9.448852688927062}, "vs": {"per": -3.055086610963585}, "ne": {"per": 3.0893376415814373}, "ge": {"per": 2.35366988560925}, "ju": {"per": -4.450115513438249}, "gl": {"per": -36.95}, "ai": {"per": -35.5}, "ur": {"per": 12.797767636079087}, "ow": {"per": 57.23}, "nw": {"per": 64.13}}