{"ch": {"per": 3.658194612783202}, "zh": {"per": -4.021285156088247}, "be": {"per": -1.2709494567653437}, "lu": {"per": 1.4788742208338341}, "sz": {"per": 3.4064575643144934}, "zg": {"per": -0.9543898024228596}, "fr": {"per": 13.22002258028867}, "so": {"per": -1.7481950361643257}, "bs": {"per": -19.028912738476187}, "bl": {"per": -11.071033364648805}, "sh": {"per": -6.025347349970545}, "ar": {"per": -3.7772949829151443}, "sg": {"per": 2.0952312916658116}, "gr": {"per": 5.060120638526339}, "ag": {"per": 0.012761832178210142}, "tg": {"per": 4.5198239430497615}, "ti": {"per": 11.009349133583758}, "vd": {"per": 19.634284718812175}, "vs": {"per": 17.37511769371798}, "ne": {"per": 6.04689707719924}, "ge": {"per": 19.174932218583756}, "ju": {"per": 16.294230398954298}, "gl": {"per": -21.64027053656331}, "ai": {"per": 0.2449222796066337}, "ur": {"per": -6.776015000340536}, "ow": {"per": 16.02}, "nw": {"per": 17.83}}