{"ch": {"per": 1.7941526696456656}, "zh": {"per": -2.2754377827510837}, "be": {"per": -2.592681596283576}, "lu": {"per": 4.3015162370365125}, "sz": {"per": 4.505774908042639}, "zg": {"per": 3.603083739410909}, "fr": {"per": 0.12301097880077805}, "so": {"per": 5.373848276177899}, "bs": {"per": 6.687050276761319}, "bl": {"per": 6.266919776784707}, "sh": {"per": -9.793071093888145}, "ar": {"per": 0.9049853456311183}, "sg": {"per": 1.3678808839676009}, "gr": {"per": 5.210953110738302}, "ag": {"per": -1.8731615756861544}, "tg": {"per": -2.5059308278672887}, "ti": {"per": 31.215362118115817}, "vd": {"per": -0.6378004264003927}, "vs": {"per": 9.855086610963586}, "ne": {"per": 1.82066235841857}, "ge": {"per": 5.251824000253226}, "ju": {"per": 10.340115513438253}, "gl": {"per": 44.53}, "ai": {"per": 47.0}, "ur": {"per": -2.857767636079082}, "ow": {"per": -60.74}, "nw": {"per": -60.09}}