{"ch": {"per": -1.8464285765306272}, "zh": {"per": 4.01770375162188}, "be": {"per": 2.4172011404133826}, "lu": {"per": 0.1702709822684767}, "sz": {"per": -6.261420663917292}, "zg": {"per": -0.6502036157515221}, "fr": {"per": -6.517601550907543}, "so": {"per": -0.5767747850211862}, "bs": {"per": 10.142079419617957}, "bl": {"per": 8.310029677072663}, "sh": {"per": 0.1953473499705467}, "ar": {"per": 2.177294982915143}, "sg": {"per": 0.834594735350052}, "gr": {"per": -4.680961442264035}, "ag": {"per": -1.192529192076904}, "tg": {"per": -2.1965082577754487}, "ti": {"per": -2.5124849611532625}, "vd": {"per": -6.380754989847688}, "vs": {"per": -21.705117693717973}, "ne": {"per": 1.5598256858579305}, "ge": {"per": -15.062598850098162}, "ju": {"per": -13.634230398954294}, "gl": {"per": 18.370270536563304}, "ai": {"per": 0.3550777203933535}, "ur": {"per": -0.12398499965945575}, "ow": {"per": -23.189999999999998}, "nw": {"per": -21.959999999999994}}