{"ch": {"per": -8.648349465439566}, "zh": {"per": -6.130960929328474}, "be": {"per": -4.749463139874024}, "lu": {"per": -15.189447221611644}, "sz": {"per": -14.543515789634206}, "ow": {"per": -7.063593895981363}, "zg": {"per": -14.418994749015553}, "fr": {"per": -9.29593500440238}, "so": {"per": -14.175328057419001}, "bs": {"per": -12.241450111973037}, "bl": {"per": -13.409629103881443}, "sh": {"per": 0.30769337859460677}, "ar": {"per": 1.6902539102300196}, "sg": {"per": -11.452681968714302}, "gr": {"per": -11.421082899119753}, "ag": {"per": -8.973365302867315}, "tg": {"per": -7.8730077932127855}, "ti": {"per": -17.21418363591725}, "vd": {"per": -1.3690738380084895}, "vs": {"per": -16.995472671498092}, "ne": {"per": -13.577660550936557}, "ge": {"per": -8.720042202299524}, "ju": {"per": -9.92804049811879}, "ur": {"per": -13.93980744535834}, "gl": {"per": -48.66}, "ai": {"per": -24.782368185783746}, "nw": {"per": 15.464016491999999}}