{"ch": {"per": 10.635508264640311}, "zh": {"per": 4.931805124326406}, "be": {"per": 4.453869414884963}, "lu": {"per": 15.15982148045935}, "sz": {"per": 16.467205555}, "ow": {"per": 6.943593895981358}, "zg": {"per": 13.029100687654061}, "fr": {"per": 13.33096988672434}, "so": {"per": 14.783189703675031}, "bs": {"per": 9.883232186584475}, "bl": {"per": 13.422993622415841}, "sh": {"per": -0.8619503210025812}, "ar": {"per": -6.970253910230021}, "sg": {"per": 10.4494992145137}, "gr": {"per": 10.931082899119751}, "ag": {"per": 9.050026045866034}, "tg": {"per": 4.826120888479053}, "ti": {"per": 37.12418363591725}, "vd": {"per": 10.874388010217515}, "vs": {"per": 17.665472671498083}, "ne": {"per": 16.22766055093657}, "ge": {"per": 16.173545970819724}, "ju": {"per": 15.836089873143834}, "ur": {"per": 12.40980744535834}, "gl": {"per": 50.47}, "ai": {"per": 24.942368185783742}, "nw": {"per": -16.57401649199999}}