{"ch": {"per": -21.821353695546613}, "zh": {"per": -17.303466737564115}, "be": {"per": -25.09435130553286}, "lu": {"per": -32.88133543284521}, "sz": {"per": -46.8813988408}, "ow": {"per": -63.24884771102127}, "zg": {"per": -27.179441078156565}, "fr": {"per": -13.924723061324386}, "so": {"per": -32.07782635017362}, "bs": {"per": 2.8822710488131804}, "bl": {"per": -23.52888487869551}, "sh": {"per": -23.842033574357373}, "ar": {"per": -71.87}, "sg": {"per": -35.292131240480515}, "gr": {"per": -32.57745373842394}, "ag": {"per": -31.590226119795}, "tg": {"per": -34.61179110116847}, "ti": {"per": -11.314654653502181}, "vd": {"per": 3.289330950183981}, "vs": {"per": -24.638436067378272}, "ne": {"per": 3.4665596333528583}, "ge": {"per": 6.529130825440376}, "ju": {"per": -10.283953041056371}, "ur": {"per": -46.94433033832344}, "gl": {"per": -35.522147651164246}, "ai": {"per": -61.93856121536095}, "nw": {"per": -64.72999999999999}}