{"ch": {"per": 3.498066778251534}, "zh": {"per": 4.93067629566724}, "be": {"per": -0.5918774978651982}, "lu": {"per": -7.602881831007508}, "sz": {"per": 2.0208790439999973}, "ow": {"per": -3.0101993147846855}, "zg": {"per": -5.812301722463253}, "fr": {"per": 6.209219558731085}, "so": {"per": -2.78993464997869}, "bs": {"per": -5.512764230610159}, "bl": {"per": 0.5956622277957138}, "sh": {"per": 11.899862153689831}, "ar": {"per": 45.63}, "sg": {"per": -3.1003356141160197}, "gr": {"per": -4.6509887681742725}, "ag": {"per": 0.550771103574931}, "tg": {"per": 0.13713107349804687}, "ti": {"per": 9.115223431340617}, "vd": {"per": 23.644037135853424}, "vs": {"per": -2.320600572092843}, "ne": {"per": 8.672821100564775}, "ge": {"per": 13.56920757580184}, "ju": {"per": 0.6243580132904611}, "ur": {"per": -19.819807445358336}, "gl": {"per": -56.69}, "ai": {"per": -35.94236818578376}, "nw": {"per": 7.134016492000001}}