{"ch": {"per": -17.695643471441166}, "zh": {"per": -17.130131804108125}, "be": {"per": -16.292350593935495}, "lu": {"per": -19.264489396762087}, "sz": {"per": -20.8754146112}, "ow": {"per": -34.35884771102127}, "zg": {"per": -11.495045952628523}, "fr": {"per": -18.738122948818223}, "so": {"per": -16.096850702967565}, "bs": {"per": -1.700051914016747}, "bl": {"per": -10.43258228015042}, "sh": {"per": -14.739097857181946}, "ar": {"per": -48.32}, "sg": {"per": -23.19399997976631}, "gr": {"per": -24.334758589390546}, "ag": {"per": -16.182412162498757}, "tg": {"per": -21.118777942046478}, "ti": {"per": -18.869056643598576}, "vd": {"per": -13.781170099713819}, "vs": {"per": -21.665124702274092}, "ne": {"per": -9.927729357452527}, "ge": {"per": -12.289061459878916}, "ju": {"per": -21.41395304105637}, "ur": {"per": -15.244330338323437}, "gl": {"per": -6.822147651164244}, "ai": {"per": -33.65856121536095}, "nw": {"per": -34.28}}