{"ch": {"per": 4.635113159016676}, "zh": {"per": -1.1106833879355946}, "be": {"per": -3.4848505346620087}, "lu": {"per": 10.215580264957019}, "sz": {"per": 9.958729245}, "ow": {"per": 32.898847711021276}, "zg": {"per": 0.3090993258458994}, "fr": {"per": 13.009993253192533}, "so": {"per": 3.0001759208154297}, "bs": {"per": -9.952883047560327}, "bl": {"per": -2.246201189948458}, "sh": {"per": 1.60058414079446}, "ar": {"per": 43.48}, "sg": {"per": 8.059567919222765}, "gr": {"per": 5.667588210760329}, "ag": {"per": -0.5077721176462973}, "tg": {"per": 3.1696534978783646}, "ti": {"per": 17.58465465350217}, "vd": {"per": 3.985625214684596}, "vs": {"per": 17.578436067378266}, "ne": {"per": 3.853440366647135}, "ge": {"per": 6.520750339845698}, "ju": {"per": 19.928099935932686}, "ur": {"per": 18.714330338323435}, "gl": {"per": -52.86}, "ai": {"per": 26.16856121536094}, "nw": {"per": 32.2}}