{"ch": {"per": 17.472562057160886}, "zh": {"per": 12.701329045257523}, "be": {"per": 9.505461757384836}, "lu": {"per": 16.485549219429636}, "sz": {"per": 14.61304790543273}, "ow": {"per": -15.727656603221277}, "zg": {"per": 15.136214306814637}, "fr": {"per": 28.14251855095543}, "so": {"per": 20.108715934355168}, "bs": {"per": 23.70347666451714}, "bl": {"per": 24.399837650798148}, "sh": {"per": 6.080946049127135}, "ar": {"per": -1.3902539102300153}, "sg": {"per": 11.475344803402486}, "gr": {"per": 9.441325778431931}, "ag": {"per": 13.372515381391878}, "tg": {"per": 5.934430226255337}, "ti": {"per": 22.568698855086637}, "vd": {"per": 31.9173683157123}, "vs": {"per": 26.74358283720966}, "ne": {"per": 38.774327475376595}, "ge": {"per": 32.29630002219942}, "ju": {"per": 38.782156809827875}, "ur": {"per": -3.1942857146325068}, "gl": {"per": 53.45}, "ai": {"per": -18.24866510542482}, "nw": {"per": -43.92}}