{"ch": {"per": -16.02683954478698}, "zh": {"per": -12.521375172472155}, "be": {"per": -16.173432919028286}, "lu": {"per": -15.810840303228254}, "sz": {"per": -37.91484351705468}, "ow": {"per": -54.47095225434076}, "zg": {"per": -14.27641046804925}, "fr": {"per": -9.918425650199445}, "so": {"per": -15.243103667984997}, "bs": {"per": 2.7096449330139656}, "bl": {"per": -16.55384117194688}, "sh": {"per": -23.763246916299178}, "ar": {"per": -63.76}, "sg": {"per": -22.14725734764884}, "gr": {"per": -20.171450047078913}, "ag": {"per": -20.010310685768083}, "tg": {"per": -23.455615283392547}, "ti": {"per": -8.365626353094399}, "vd": {"per": -14.303140539771668}, "vs": {"per": -17.79847392343123}, "ne": {"per": -5.153055490369997}, "ge": {"per": -7.556510357993318}, "ju": {"per": -3.5941239494161508}, "ur": {"per": -25.794285714632508}, "gl": {"per": 35.15}, "ai": {"per": -37.96866510542482}, "nw": {"per": -59.61}}