{"ch": {"per": -8.137861574930554}, "zh": {"per": -3.2193413184095334}, "be": {"per": -6.9721441289630945}, "lu": {"per": -8.139094145200133}, "sz": {"per": -20.263815681889476}, "ow": {"per": -35.24095225434076}, "zg": {"per": 0.4170901905630373}, "fr": {"per": -8.502313355002876}, "so": {"per": -6.83882645001426}, "bs": {"per": 17.045608842550184}, "bl": {"per": 3.314240350227692}, "sh": {"per": -12.422769936662014}, "ar": {"per": -46.56}, "sg": {"per": -12.551257541819844}, "gr": {"per": -15.828137455930687}, "ag": {"per": -8.095861568500872}, "tg": {"per": -14.791379999452978}, "ti": {"per": -5.0850586613436874}, "vd": {"per": -17.933507045948367}, "vs": {"per": -7.328182261470516}, "ne": {"per": -6.563693876075796}, "ge": {"per": -3.6241830908038963}, "ju": {"per": 0.3455398053307661}, "ur": {"per": -6.494285714632504}, "gl": {"per": 54.13}, "ai": {"per": -19.53866510542482}, "nw": {"per": -37.33}}