{"ch": {"per": -38.05462275313438}, "zh": {"per": -33.12404678572443}, "be": {"per": -35.47191083633732}, "lu": {"per": -42.6}, "sz": {"per": -59.070000000000014}, "ow": {"per": -56.71}, "zg": {"per": -42.25}, "fr": {"per": -38.777718466723115}, "so": {"per": -40.9}, "bs": {"per": -30.481754373697086}, "bl": {"per": -41.33}, "sh": {"per": -36.30525319287024}, "ar": {"per": -52.96}, "sg": {"per": -47.048936659858136}, "gr": {"per": -42.43}, "ag": {"per": -40.077150577437884}, "tg": {"per": -44.19827949111293}, "ti": {"per": -28.7097954270926}, "vd": {"per": -29.42133645412362}, "vs": {"per": -43.1}, "ne": {"per": -33.41999999999999}, "ge": {"per": -30.51249019162549}, "ju": {"per": -40.59}, "ur": {"per": -54.86}, "gl": {"per": -50.92}, "ai": {"per": -60.82}}