{"ch": {"per": 4.283975336542909}, "zh": {"per": 5.687094893756978}, "be": {"per": 3.9289570283128583}, "lu": {"per": 2.069159696771756}, "sz": {"per": -23.84484351705467}, "ow": {"per": -38.05095225434074}, "zg": {"per": 3.6935895319507495}, "fr": {"per": 15.386752154719836}, "so": {"per": 3.7868963320150115}, "bs": {"per": 18.37147091130138}, "bl": {"per": 5.096158828053127}, "sh": {"per": -0.9255483193401233}, "ar": {"per": -48.93}, "sg": {"per": -4.376344792268007}, "gr": {"per": 0.3385499529210847}, "ag": {"per": -1.059145201406686}, "tg": {"per": -6.896527727267468}, "ti": {"per": 3.842058094465088}, "vd": {"per": 14.411455056943396}, "vs": {"per": 7.151526076568764}, "ne": {"per": 25.356944509629997}, "ge": {"per": 17.77302015365622}, "ju": {"per": 24.01587605058384}, "ur": {"per": -8.324285714632502}, "gl": {"per": 51.29}, "ai": {"per": -26.898665105424833}, "nw": {"per": -44.37}}