{"ch": {"per": -1.1218119892039198}, "zh": {"per": 3.9957606144386943}, "be": {"per": 8.129908223334603}, "lu": {"per": 0.7698945607073426}, "sz": {"per": 2.4291130235633673}, "ow": {"per": 31.237656603221275}, "zg": {"per": 2.100219502779339}, "fr": {"per": -9.247367947690549}, "so": {"per": -0.4113616475064106}, "bs": {"per": -6.9485824071207105}, "bl": {"per": -1.0978334533342462}, "sh": {"per": 9.028199899034227}, "ar": {"per": 7.760253910230013}, "sg": {"per": 2.091419876750294}, "gr": {"per": 2.908674221568077}, "ag": {"per": 6.8650858063291835}, "tg": {"per": 6.837144088084656}, "ti": {"per": -26.307764540369227}, "vd": {"per": -14.877953290700233}, "vs": {"per": -12.953582837209645}, "ne": {"per": -23.33432747537659}, "ge": {"per": -17.7522628302643}, "ju": {"per": -15.346017801127921}, "ur": {"per": 20.2642857146325}, "gl": {"per": -38.88}, "ai": {"per": 27.72866510542482}, "nw": {"per": 61.57}}