{"ch": {"per": -5.817030906236191}, "zh": {"per": -2.687321190324269}, "be": {"per": 0.3875912652454403}, "lu": {"per": -4.146095109391474}, "sz": {"per": -6.169433200138428}, "ow": {"per": 23.167656603221275}, "zg": {"per": -1.4460817722291637}, "fr": {"per": -10.893185864647933}, "so": {"per": -5.066281586010419}, "bs": {"per": -12.958023784592214}, "bl": {"per": -7.153904566340472}, "sh": {"per": 5.092819833127855}, "ar": {"per": 1.2002539102300176}, "sg": {"per": -4.6313442716959585}, "gr": {"per": 1.0286742215680746}, "ag": {"per": 1.0720123500475083}, "tg": {"per": 1.130371643893909}, "ti": {"per": -13.897764540369224}, "vd": {"per": -17.628965738186963}, "vs": {"per": -9.973582837209655}, "ne": {"per": -22.41432747537661}, "ge": {"per": -20.8024876030722}, "ju": {"per": -23.87568155587485}, "ur": {"per": 18.314285714632504}, "gl": {"per": -45.82}, "ai": {"per": 21.128665105424822}, "nw": {"per": 59.09}}