{"ch": {"per": 8.942493446730445}, "zh": {"per": 1.8309124339321556}, "be": {"per": 7.596248604219859}, "lu": {"per": 10.69965104882926}, "sz": {"per": 15.946297293352881}, "ow": {"per": 40.16095225434075}, "zg": {"per": 6.210109193040751}, "fr": {"per": 11.637104246473491}, "so": {"per": 8.07309674280306}, "bs": {"per": -9.441373087834009}, "bl": {"per": 2.057770058940662}, "sh": {"per": -0.891359235163975}, "ar": {"per": 51.99}, "sg": {"per": 10.29336894578703}, "gr": {"per": 15.061450047078907}, "ag": {"per": 6.847371893548598}, "tg": {"per": 9.569479932120487}, "ti": {"per": 12.380291737693007}, "vd": {"per": 19.459085833323833}, "vs": {"per": 16.768473923431245}, "ne": {"per": 7.0830554903700005}, "ge": {"per": 12.018380528448247}, "ju": {"per": -0.46553980533076356}, "ur": {"per": 11.814285714632497}, "gl": {"per": -48.11}, "ai": {"per": 24.728665105424824}, "nw": {"per": 49.59}}