{"ch": {"per": -7.224860022276673}, "zh": {"per": -4.751368436995342}, "be": {"per": -8.760450500772393}, "lu": {"per": -2.7113694463798907}, "sz": {"per": -19.422361905591274}, "ow": {"per": -32.97095225434076}, "zg": {"per": 4.530788915554538}, "fr": {"per": -7.508131271960245}, "so": {"per": -10.335714482347178}, "bs": {"per": 17.25616746507869}, "bl": {"per": -0.5018307627785319}, "sh": {"per": -10.458150002568374}, "ar": {"per": -40.22}, "sg": {"per": -10.986398325438238}, "gr": {"per": -11.09813745593069}, "ag": {"per": -10.558935024782564}, "tg": {"per": -12.108152443643732}, "ti": {"per": -5.175058661343691}, "vd": {"per": -7.843030643713334}, "vs": {"per": -8.668182261470513}, "ne": {"per": -0.8236938760758008}, "ge": {"per": -2.1744078636117763}, "ju": {"per": 0.7558760505838578}, "ur": {"per": -3.734285714632506}, "gl": {"per": 55.18}, "ai": {"per": -14.438665105424832}, "nw": {"per": -34.36}}