{"ch": {"per": 2.918219372904943}, "zh": {"per": -0.17931907093824861}, "be": {"per": -0.539052590956075}, "lu": {"per": 0.8205139895768667}, "sz": {"per": -7.285418494705041}, "ow": {"per": -17.19092565434076}, "zg": {"per": -1.263266396820569}, "fr": {"per": 14.377581380205797}, "so": {"per": 4.757549015085019}, "bs": {"per": 36.881252074119075}, "bl": {"per": 11.439106361419135}, "sh": {"per": 6.826900618029171}, "ar": {"per": -24.501472899999996}, "sg": {"per": -4.353002179282981}, "gr": {"per": 2.5319494557281104}, "ag": {"per": -0.6549869459082487}, "tg": {"per": -6.0192686081172155}, "ti": {"per": -2.5842302760814704}, "vd": {"per": 12.988465652536561}, "vs": {"per": 8.835094152077687}, "ne": {"per": 6.915614175661105}, "ge": {"per": 10.175317837415918}, "ju": {"per": 31.9422183002769}, "ur": {"per": 10.796689285367492}, "gl": {"per": 73.3145795}, "ai": {"per": 0.8240371945751832}, "nw": {"per": -20.482083799999998}}