{"ch": {"per": -8.156545611144232}, "zh": {"per": -6.418504790324249}, "be": {"per": -3.6076946347545586}, "lu": {"per": -7.515114409391472}, "sz": {"per": -12.308101900138425}, "ow": {"per": 15.832071903221276}, "zg": {"per": -7.507972372229162}, "fr": {"per": -10.62824836464793}, "so": {"per": -15.629762186010424}, "bs": {"per": -10.244503684592203}, "bl": {"per": -14.888391766340483}, "sh": {"per": -2.6450816668721515}, "ar": {"per": 1.462915610230013}, "sg": {"per": -7.3396461716959465}, "gr": {"per": -4.389859278431928}, "ag": {"per": -9.374317249952497}, "tg": {"per": -4.215377056106092}, "ti": {"per": -7.251689955086626}, "vd": {"per": -11.815168838186935}, "vs": {"per": -13.072151737209659}, "ne": {"per": -16.891980775376595}, "ge": {"per": -9.2442449030722}, "ju": {"per": -15.414652055874832}, "ur": {"per": 5.123604714632506}, "gl": {"per": -54.0118728}, "ai": {"per": 23.40321220542482}, "nw": {"per": 46.8043202}}