{"ch": {"per": -19.764070726016648}, "zh": {"per": -12.505392811709385}, "be": {"per": -18.780251667286812}, "lu": {"per": -14.94354951444916}, "sz": {"per": -32.14380687780825}, "ow": {"per": -72.7561328}, "nw": {"per": -26.45469613100001}, "zg": {"per": -14.779383548057272}, "fr": {"per": -21.90535596412035}, "so": {"per": -21.3100445388472}, "bs": {"per": 3.7641782824267906}, "bl": {"per": -17.638507280257237}, "sh": {"per": -24.79956411547701}, "ar": {"per": -56.56596889271697}, "sg": {"per": -24.425626761254446}, "gr": {"per": -19.205747077588484}, "ag": {"per": -24.77207584533051}, "tg": {"per": -28.680409019658114}, "ti": {"per": -15.477958365938171}, "vd": {"per": -28.093044729490956}, "vs": {"per": -15.29018199411739}, "ne": {"per": -20.424498955355674}, "ge": {"per": -15.339157614598314}, "ju": {"per": -13.302101427176627}, "gl": {"per": -18.9246404103473}, "ur": {"per": -13.37561187163909}, "ai": {"per": 26.542347421425863}}